Bologna Beef And Pork Low Fat,Meats,230,11.5,2.6,19.3,1 cup pieces,138,m
Turkey And Pork Sausage Fresh Bulk Patty Or Link Cooked,Meats,307,22.7,0.7,23,1 cup/ cooked,130,m
Frankfurter Beef Low Fat,Meats,140,12,1.6,9.5,1 frankfurter,57,m
Pork Sausage Rice Links Brown And Serve Cooked,Meats,407,13.7,2.36,37.63,2 links 1 nlea serving,45,m
Turkey Wing Smoked Cooked With Skin Bone Removed,Meats,221,27.4,0,12.41,1 oz with bone/ cooked (yield after bone removed),19,m
Turkey Drumstick Smoked Cooked With Skin Bone Removed,Meats,200,27.9,0,9.8,1 oz with bone/ cooked (yield after bone removed),21,m
Pork Cured Bacon Cooked Broiled Pan-Fried Or Roasted Reduced Sodium,Meats,541,37.04,1.43,41.78,1 slice cooked,8,m
Turkey Light Or Dark Meat Smoked Cooked Skin And Bone Removed,Meats,162,29.3,0,5,1 medium slice (approx 3 inch x 2 inch x 1/4 inch),28,m
Pork Fresh Composite Of Trimmed Leg Loin Shoulder And Spareribs (Includes Cuts To Be Cured) Separable Lean And Fat Raw,Meats,211,18.22,0,14.79,1 oz,28.4,m
Pork Fresh Backfat Raw,Meats,812,2.92,0,88.69,1 oz,28.4,m
Pork Fresh Belly Raw,Meats,518,9.34,0,53.01,1 oz,28.4,m
Pork Fresh Separable Fat Raw,Meats,632,9.25,0,65.7,1 oz,28.4,m
Pork Fresh Leg (Ham) Rump Half Separable Lean And Fat Raw,Meats,182,20.27,0,10.63,1 oz,28.4,m
Pork Fresh Leg (Ham) Rump Half Separable Lean And Fat Cooked Roasted,Meats,209,27.03,0,10.32,1 cup/ diced,135,m
Pork Fresh Leg (Ham) Rump Half Separable Lean Only Raw,Meats,120,21.81,0,2.93,3 oz,85,m
Pork Fresh Leg (Ham) Rump Half Separable Lean Only Cooked Roasted,Meats,165,28.86,0,4.62,3 oz,85,m
Pork Fresh Loin Whole Separable Lean And Fat Raw,Meats,198,19.74,0,12.58,3 oz,85,m
Pork Fresh Loin Whole Separable Lean And Fat Cooked Braised,Meats,239,27.23,0,13.62,3 oz,85,m
Pork Loin,Meats,242,27.32,0,13.92,3 oz,85,m
Pork Fresh Loin Whole Separable Lean And Fat Cooked Roasted,Meats,248,27.09,0,14.65,3 oz,85,m
Pork Fresh Loin Blade (Chops Or Roasts) Bone-In Separable Lean And Fat Raw,Meats,194,19.56,0,12.27,3 oz,85,m
Pork Chops (With Fat),Meats,255,26.54,0,15.71,3 oz,85,m
Pork Fresh Loin Blade (Chops) Bone-In Separable Lean And Fat Cooked Broiled,Meats,231,23.72,0,14.35,3 oz,85,m
Pork Fresh Loin Blade (Roasts) Bone-In Separable Lean And Fat Cooked Roasted,Meats,254,24.29,0,16.71,3 oz,85,m
Pork Fresh Loin Center Loin (Chops) Bone-In Separable Lean And Fat Cooked Braised,Meats,242,28.21,0,13.51,3 oz,85,m
Pork Fresh Loin Center Loin (Chops) Bone-In Separable Lean And Fat Cooked Broiled,Meats,209,25.61,0,11.06,3 oz,85,m
Pork Fresh Loin Center Loin (Roasts) Bone-In Separable Lean And Fat Cooked Roasted,Meats,231,27.01,0,12.8,3 oz,85,m
Pork Fresh Loin Center Loin (Chops) Bone-In Separable Lean Only Raw,Meats,127,21.99,0,3.71,3 oz,85,m
Pork Fresh Loin Center Rib (Chops) Bone-In Separable Lean And Fat Cooked Braised,Meats,261,26.66,0,16.28,3 oz,85,m
Pork Fresh Loin Center Rib (Chops) Bone-In Separable Lean And Fat Cooked Broiled,Meats,222,24.42,0,13.04,1 chop without refuse (yield from 1 cooked chop/ with refuse/ weighing 172g),112,m
Pork Fresh Loin Center Rib (Roasts) Bone-In Separable Lean And Fat Cooked Roasted,Meats,248,26.99,0,14.68,3 oz,85,m
Pork Fresh Loin Center Rib (Chops Or Roasts) Bone-In Separable Lean Only Raw,Meats,136,21.79,0,4.8,3 oz,85,m
Pork Fresh Loin Sirloin (Chops) Bone-In Separable Lean And Fat Cooked Braised,Meats,234,28.81,0,12.31,3 oz,85,m
Pork Fresh Loin Sirloin (Chops) Bone-In Separable Lean And Fat Cooked Broiled,Meats,222,26.96,0,11.82,3 oz,85,m
Pork Fresh Loin Sirloin (Roasts) Bone-In Separable Lean And Fat Cooked Roasted,Meats,230,26.64,0,12.87,3 oz,85,m
Pork Fresh Loin Sirloin (Chops Or Roasts) Bone-In Separable Lean Only Raw,Meats,129,21.65,0,4.02,3 oz,85,m
Pork Chops (Lean),Meats,195,31,0,6.9,3 oz,85,m
Pork Fresh Loin Top Loin (Chops) Boneless Separable Lean And Fat Raw,Meats,155,21.55,0,6.94,3 oz,85,m
Pork Fresh Loin Top Loin (Chops) Boneless Separable Lean And Fat Cooked Braised,Meats,200,29.2,0,8.31,1 chop,135,m
Pork Fresh Loin Top Loin (Chops) Boneless Separable Lean And Fat Cooked Broiled,Meats,196,26.62,0,9.14,1 chop,145,m
Pork Fresh Loin Top Loin (Roasts) Boneless Separable Lean And Fat Cooked Roasted,Meats,192,26.45,0,8.82,3 oz,85,m
Pork Fresh Shoulder Whole Separable Lean And Fat Raw,Meats,236,17.18,0,17.99,1 oz,28.4,m
Pork Fresh Shoulder Whole Separable Lean And Fat Cooked Roasted,Meats,292,23.28,0,21.39,1 cup/ diced,135,m
Pork Fresh Shoulder Whole Separable Lean Only Raw,Meats,148,19.55,0,7.14,1 oz,28.4,m
Pork Fresh Shoulder Whole Separable Lean Only Cooked Roasted,Meats,230,25.33,0,13.54,1 cup/ diced,135,m
Pork Fresh Shoulder Arm Picnic Separable Lean Only Cooked Braised,Meats,194,26.76,0,8.87,3 oz,85,m
Pork Fresh Shoulder Arm Picnic Separable Lean Only Cooked Roasted,Meats,228,26.68,0,12.62,3 oz,85,m
Pork Fresh Shoulder (Boston Butt) Blade (Steaks) Separable Lean And Fat Raw,Meats,186,17.42,0,12.36,3 oz,85,m
Pork Fresh Shoulder (Boston Butt) Blade (Steaks) Separable Lean And Fat Cooked Braised,Meats,267,25.07,0,17.69,3 oz,85,m
Boston Steak (Pork),Meats,259,25.58,0,16.61,3 oz,85,m
Pork Fresh Shoulder Blade Boston (Roasts) Separable Lean Only Cooked Roasted,Meats,232,24.21,0,14.3,3 oz,85,m
Pork Fresh Spareribs Separable Lean And Fat Raw,Meats,277,15.47,0,23.4,3 oz,85,m
Pork Spare Ribs,Meats,397,29.06,0,30.3,3 oz,85,m
Pork Fresh Composite Of Trimmed Retail Cuts (Leg Loin And Shoulder) Separable Lean Only Cooked,Meats,201,27.51,0,9.21,3 oz,85,m
Pork Fresh Variety Meats And By-Products Chitterlings Cooked Simmered,Meats,233,12.49,0,20.32,3 oz,85,m
Pork Fresh Variety Meats And By-Products Ears Frozen Raw,Meats,234,22.45,0.6,15.1,1 oz,28.4,m
Pork Fresh Variety Meats And By-Products Ears Frozen Cooked Simmered,Meats,166,15.95,0.2,10.8,1 ear (yield after cooking),111,m
Pork Fresh Variety Meats And By-Products Feet Raw,Meats,212,23.16,0,12.59,1 oz,28.4,m
Pork Fresh Variety Meats And By-Products Kidneys Cooked Braised,Meats,151,25.4,0,4.7,1 cup,140,m
Pork Fresh Variety Meats And By-Products Leaf Fat Raw,Meats,857,1.76,0,94.16,1 oz,28.4,m
Pork Fresh Variety Meats And By-Products Liver Raw,Meats,134,21.39,2.47,3.65,1 oz,28.4,m
Pork Fresh Variety Meats And By-Products Liver Cooked Braised,Meats,165,26.02,3.76,4.4,3 oz,85,m
Pork Fresh Variety Meats And By-Products Lungs Raw,Meats,85,14.08,0,2.72,1 oz,28.4,m
Pork Fresh Variety Meats And By-Products Spleen Raw,Meats,100,17.86,0,2.59,1 oz,28.4,m
Pork Fresh Variety Meats And By-Products Spleen Cooked Braised,Meats,149,28.2,0,3.2,3 oz,85,m
Pork Fresh Variety Meats And By-Products Stomach Raw,Meats,159,16.85,0,10.14,1 oz,28.4,m
Pork Fresh Loin Blade (Chops) Bone-In Separable Lean Only Cooked Pan-Fried,Meats,222,26.38,0,12.14,3 oz,85,m
Canadian Bacon (Raw),Meats,110,20.31,1.34,2.62,3 oz,85,m
Pork Cured Feet Pickled,Meats,140,11.63,0.01,10.02,1 oz,28.4,m
Lean Cured Ham,Meats,145,20.93,1.5,5.53,1 cup,140,m
Low Fat Cured Ham,Meats,178,22.62,0,9.02,1 cup,140,m
Pork Cured Ham Patties Unheated,Meats,315,12.78,1.69,28.19,1 oz,28.4,m
Pork Cured Ham Steak Boneless Extra Lean Unheated,Meats,122,19.56,0,4.25,1 oz,28.4,m
Pork Cured Ham Whole Separable Lean And Fat Unheated,Meats,246,18.49,0.06,18.52,1 cup,140,m
Pork Cured Ham Whole Separable Lean Only Unheated,Meats,147,22.32,0.05,5.71,1 cup,140,m
Pork Cured Separable Fat (From Ham And Arm Picnic) Unheated,Meats,579,5.68,0.09,61.41,1 oz,28.4,m
Pork Cured Separable Fat (From Ham And Arm Picnic) Roasted,Meats,591,7.64,0,61.86,1 oz,28.4,m
Pork Cured Shoulder Arm Picnic Separable Lean And Fat Roasted,Meats,280,20.43,0,21.35,1 cup,140,m
Pork Cured Shoulder Arm Picnic Separable Lean Only Roasted,Meats,170,24.94,0,7.04,1 cup,140,m
Pork Fresh Variety Meats And By-Products Tail Cooked Simmered,Meats,396,17,0,35.8,3 oz,85,m
Pork Fresh Loin Center Loin (Chops) Bone-In Separable Lean Only Cooked Pan-Fried,Meats,195,29.56,0,7.66,3 oz,85,m
Pork Fresh Loin Center Rib (Chops) Bone-In Separable Lean Only Cooked Pan-Fried,Meats,211,28.84,0,9.73,3 oz,85,m
Pork Fresh Loin Blade (Chops) Bone-In Separable Lean And Fat Cooked Pan-Fried,Meats,256,25.02,0,16.56,3 oz,85,m
Pork Cured Ham Extra Lean And Regular Canned Unheated,Meats,144,17.97,0,7.46,1 cup,140,m
Pork Cured Ham Extra Lean And Regular Canned Roasted,Meats,167,20.94,0.49,8.43,1 cup,140,m
Pork Fresh Loin Top Loin (Chops) Boneless Separable Lean And Fat Cooked Pan-Fried,Meats,196,29.36,0,7.86,1 chop,142,m
Pork Fresh Composite Of Trimmed Retail Cuts (Leg Loin Shoulder And Spareribs) Separable Lean And Fat Raw,Meats,216,18.95,0,14.95,1 oz,28.4,m
Pork Fresh Loin Center Rib (Chops Or Roasts) Boneless Separable Lean And Fat Raw,Meats,211,19.9,0,14.01,3 oz,85,m
Pork Fresh Loin Center Rib (Chops) Boneless Separable Lean And Fat Cooked Braised,Meats,255,26.29,0,15.79,3 oz,85,m
Pork Fresh Loin Center Rib (Chops) Boneless Separable Lean And Fat Cooked Broiled,Meats,260,27.63,0,15.76,3 oz,85,m
Pork Fresh Loin Center Rib (Chops) Boneless Separable Lean And Fat Cooked Pan-Fried,Meats,273,25.82,0,18.05,3 oz,85,m
Pork Fresh Loin Center Rib (Chops) Boneless Separable Lean Only Cooked Pan-Fried,Meats,224,27.68,0,11.8,3 oz,85,m
Pork Fresh Loin Center Rib (Roasts) Boneless Separable Lean Only Cooked Roasted,Meats,214,28.81,0,10.13,3 oz,85,m
Pork Fresh Loin Country-Style Ribs Separable Lean And Fat Raw,Meats,189,19.34,0,11.82,1 rib without refuse (yield from 1 raw rib/ with refuse/ weighing 196g),128,m
Pork Fresh Loin Country-Style Ribs Separable Lean And Fat Cooked Braised,Meats,273,26.49,0,17.71,1 rib without refuse (yield from 1 cooked rib/ with refuse/ weighing 140g),86,m
Country-Style Roasted Pork Ribs,Meats,359,21.75,0,29.46,1 rack,138,m
Pork Fresh Loin Sirloin (Chops) Boneless Separable Lean And Fat Cooked Braised,Meats,171,28.41,0,5.47,3 oz,85,m
Pork Fresh Loin Sirloin (Chops) Boneless Separable Lean And Fat Cooked Broiled,Meats,170,28.19,0,5.53,3 oz,85,m
Pork Fresh Loin Sirloin (Roasts) Boneless Separable Lean And Fat Cooked Roasted,Meats,192,29.62,0,7.32,3 oz,85,m
Pork Fresh Loin Sirloin (Chops Or Roasts) Boneless Separable Lean Only Raw,Meats,121,22.81,0,2.59,3 oz,85,m
Pork Fresh Ground Raw,Meats,263,16.88,0,21.19,1 oz,28.4,m
Cooked Ground Pork,Meats,297,25.69,0,20.77,3 oz,85,m
Broiled Pork Tenderloin,Meats,201,29.86,0,8.11,3 oz,85,m
Pork Fresh Loin Tenderloin Separable Lean And Fat Cooked Roasted,Meats,147,26.04,0,3.96,3 oz,85,m
Pork Fresh Composite Of Trimmed Retail Cuts (Loin And Shoulder Blade) Separable Lean And Fat Cooked,Meats,235,26.07,0,13.66,3 oz,85,m
Pork Fresh Composite Of Trimmed Retail Cuts (Loin And Shoulder Blade) Separable Lean Only Raw,Meats,144,21.23,0,5.88,1 oz,28.4,m
Pork Fresh Composite Of Trimmed Retail Cuts (Loin And Shoulder Blade) Separable Lean Only Cooked,Meats,211,29.47,0,9.44,3 oz,85,m
Hormel Cure 81 Ham,Meats,106,18.43,0.21,3.59,1 serving,84,m
Hormel Always Tender Pork Tenderloin Teriyaki-Flavored,Meats,119,18.2,4.63,3.07,4 oz,112,m
Hormel Canadian Style Bacon,Meats,122,16.88,1.87,4.94,1 serving,56,m
Pork Fresh Loin Top Loin (Chops) Boneless Separable Lean Only With Added Solution Cooked Pan-Broiled,Meats,169,28.95,0,5,1 chop boneless,150,m
Pork Fresh Loin Top Loin (Chops) Boneless Separable Lean And Fat With Added Solution Cooked Pan-Broiled,Meats,190,28.35,0,7.66,1 chop boneless (yield from 189g raw meat),150,m
Pork Cured Bacon Cooked Baked,Meats,548,35.73,1.35,43.27,1 slice cooked,8.1,m
Pork Cured Ham -- Water Added Rump Bone-In Separable Lean Only Heated Roasted,Meats,121,21.41,0.87,3.56,1 serving (3 oz),85,m
Pork Cured Ham -- Water Added Rump Bone-In Separable Lean Only Unheated,Meats,95,15.43,0.67,3.48,3 oz,85,m
Pork Cured Ham -- Water Added Shank Bone-In Separable Lean Only Heated Roasted,Meats,128,20.92,1.2,4.43,1 serving (3 oz),85,m
Pork Cured Ham -- Water Added Slice Bone-In Separable Lean Only Heated Pan-Broil,Meats,131,22.04,1.48,4.3,1 serving (3 oz),85,m
Pork Cured Ham With Natural Juices Rump Bone-In Separable Lean Only Heated Roasted,Meats,137,24.14,0.48,4.25,1 serving (3 oz),85,m
Pork Cured Ham With Natural Juices Shank Bone-In Separable Lean Only Heated Roasted,Meats,145,24.95,0.34,4.97,1 serving (3 oz),85,m
Turkey Ham Sliced Extra Lean Prepackaged Or Deli-Sliced,Meats,134,19.6,0.93,5.8,1 cup pieces,138,m
Bologna Beef Low Fat,Meats,204,11.8,5.2,14.8,1 slice,28,m
Pork Cured Ham Low Sodium Lean And Fat Cooked,Meats,172,22.3,0.3,8.3,1 oz/ boneless,28.4,m
Pork Cured Ham Boneless Low Sodium Extra Lean (Approximately 5% Fat) Roasted,Meats,145,20.9,1.5,5.5,1 oz,28.4,m
Beef Bologna Reduced Sodium,Meats,310,11.7,2,28.4,1 cup pieces,138,m
Turkey Light Or Dark Meat Smoked Cooked With Skin Bone Removed,Meats,208,28.1,0,9.7,3 oz/ boneless,85,m
Frankfurter Low Sodium,Meats,312,12,1.8,28.51,1 frankfurter,57,m
Pork Fresh Composite Of Separable Fat With Added Solution Cooked,Meats,585,10.06,0.32,60.42,3 oz,85,m
Pork Fresh Carcass Separable Lean And Fat Raw,Meats,376,13.91,0,35.07,1 oz,28.4,m
Pork Fresh Composite Of Trimmed Retail Cuts (Leg Loin Shoulder) Separable Lean Only Raw,Meats,134,21.2,0,4.86,1 oz,28.4,m
Pork Fresh Separable Fat Cooked,Meats,626,7.06,0,66.1,1 oz,28.4,m
Pork Fresh Leg (Ham) Whole Separable Lean And Fat Raw,Meats,245,17.43,0,18.87,1 oz,28.4,m
Roasted Ham,Meats,273,26.83,0,17.61,1 cup/ diced,135,m
Pork Fresh Leg (Ham) Whole Separable Lean Only Raw,Meats,136,20.48,0,5.41,1 oz,28.4,m
Lean Roasted Ham,Meats,211,29.41,0,9.44,1 cup/ diced,135,m
Pork Fresh Leg (Ham) Shank Half Separable Lean And Fat Raw,Meats,193,19.87,0,11.96,3 oz,85,m
Pork Fresh Leg (Ham) Shank Half Separable Lean And Fat Cooked Roasted,Meats,232,25.96,0,13.42,3 oz,85,m
Pork Fresh Leg (Ham) Shank Half Separable Lean Only Raw,Meats,119,21.66,0,2.95,3 oz,85,m
Pork Fresh Leg (Ham) Shank Half Separable Lean Only Cooked Roasted,Meats,175,28.69,0,5.83,3 oz,85,m
Pork Fresh Loin Whole Separable Lean Only Raw,Meats,143,21.43,0,5.66,3 oz,85,m
Braised Pork Loin,Meats,204,28.57,0,9.12,3 oz,85,m
Pork Fresh Loin Whole Separable Lean Only Cooked Broiled,Meats,210,28.57,0,9.8,3 oz,85,m
Pork Fresh Loin Whole Separable Lean Only Cooked Roasted,Meats,209,28.62,0,9.63,3 oz,85,m
Pork Fresh Loin Blade (Chops Or Roasts) Bone-In Separable Lean Only Raw,Meats,143,21.22,0,5.84,3 oz,85,m
Pork Fresh Loin Blade (Chops) Bone-In Separable Lean Only Cooked Braised,Meats,222,28.02,0,11.29,3 oz,85,m
Pork Fresh Loin Blade (Chops) Bone-In Separable Lean Only Cooked Broiled,Meats,193,24.99,0,9.56,3 oz,85,m
Pork Fresh Loin Blade (Roasts) Bone-In Separable Lean Only Cooked Roasted,Meats,217,25.7,0,11.89,3 oz,85,m
Pork Fresh Loin Center Loin (Chops) Bone-In Separable Lean And Fat Raw,Meats,170,20.71,0,9.03,3 oz,85,m
Pork Fresh Loin Center Loin (Chops) Bone-In Separable Lean Only Cooked Braised,Meats,200,30.2,0,7.86,3 oz,85,m
Pork Fresh Loin Center Loin (Chops) Bone-In Separable Lean Only Cooked Broiled,Meats,180,26.76,0,7.29,1 chop without refuse (yield from 1 cooked chop/ with refuse/ weighing 209g),146,m
Pork Fresh Loin Center Loin (Roasts) Bone-In Separable Lean Only Cooked Roasted,Meats,194,28.58,0,7.95,3 oz,85,m
Pork Fresh Loin Center Rib (Chops Or Roasts) Bone-In Separable Lean And Fat Raw,Meats,186,20.28,0,11.04,1 chop without refuse (yield from 1 raw chop/ with refuse/ weighing 201g),133,m
Pork Fresh Loin Center Rib (Chops) Bone-In Separable Lean Only Cooked Braised,Meats,208,29.03,0,9.32,3 oz,85,m
Pork Fresh Loin Center Rib (Chops) Bone-In Separable Lean Only Cooked Broiled,Meats,186,25.79,0,8.36,3 oz,85,m
Pork Fresh Loin Center Rib (Roasts) Bone-In Separable Lean Only Cooked Roasted,Meats,206,28.82,0,9.21,3 oz,85,m
Pork Fresh Loin Sirloin (Chops Or Roasts) Bone-In Separable Lean And Fat Raw,Meats,168,20.48,0,8.96,3 oz,85,m
Pork Fresh Loin Sirloin (Chops) Bone-In Separable Lean Only Cooked Broiled,Meats,174,29.29,0,5.45,3 oz,85,m
Pork Fresh Loin Sirloin (Roasts) Bone-In Separable Lean Only Cooked Roasted,Meats,204,27.78,0,9.44,3 oz (yield from 1 cooked roast/ with refuse/ weighing 1515g),85,m
Pork Fresh Loin Tenderloin Separable Lean Only Raw,Meats,109,20.95,0,2.17,3 oz,85,m
Roasted Pork Tenderloin,Meats,143,26.17,0,3.51,3 oz,85,m
Pork Fresh Loin Top Loin (Chops) Boneless Separable Lean Only Raw,Meats,127,22.41,0,3.42,3 oz,85,m
Pork Fresh Loin Top Loin (Chops) Boneless Separable Lean Only Cooked Braised,Meats,170,30.54,0,4.34,1 chop,135,m
Pork Fresh Loin Top Loin (Chops) Boneless Separable Lean Only Cooked Broiled,Meats,173,27.58,0,6.08,1 chop,145,m
Pork Fresh Loin Top Loin (Roasts) Boneless Separable Lean Only Cooked Roasted,Meats,173,27.23,0,6.28,3 oz,85,m
Pork Fresh Shoulder Arm Picnic Separable Lean And Fat Raw,Meats,193,18.71,0,12.51,3 oz,85,m
Pork Fresh Shoulder Arm Picnic Separable Lean And Fat Cooked Braised,Meats,235,24.88,0,14.33,3 oz,85,m
Pork Fresh Shoulder Arm Picnic Separable Lean And Fat Cooked Roasted,Meats,317,23.47,0,24.01,1 cup/ diced,135,m
Pork Fresh Shoulder Arm Picnic Separable Lean Only Raw,Meats,120,20.26,0,3.77,3 oz,85,m
Pork Fresh Shoulder Blade Boston (Roasts) Separable Lean And Fat Cooked Roasted,Meats,269,23.11,0,18.86,3 oz,85,m
Pork Fresh Shoulder (Boston Butt) Blade (Steaks) Separable Lean Only Raw,Meats,132,18.73,0,5.71,3 oz,85,m
Pork Fresh Shoulder (Boston Butt) Blade (Steaks) Separable Lean Only Cooked Braised,Meats,233,26.57,0,13.2,3 oz,85,m
Pork Fresh Shoulder Blade Boston (Steaks) Separable Lean Only Cooked Broiled,Meats,227,26.74,0,12.54,3 oz,85,m
Pork Fresh Loin Center Loin (Chops) Boneless Separable Lean Only Raw,Meats,123,23.75,0,3.09,4 oz,114,m
Pork Fresh Variety Meats And By-Products Brain Raw,Meats,127,10.28,0,9.21,1 oz,28.4,m
Pork Fresh Variety Meats And By-Products Brain Cooked Braised,Meats,138,12.14,0,9.51,3 oz,85,m
Pork Fresh Variety Meats And By-Products Chitterlings Raw,Meats,182,7.64,0,16.61,1 oz,28.4,m
Pork Fresh Variety Meats And By-Products Heart Raw,Meats,118,17.27,1.33,4.36,1 oz,28.4,m
Pork Fresh Variety Meats And By-Products Heart Cooked Braised,Meats,148,23.6,0.4,5.05,1 cup,145,m
Pork Fresh Variety Meats And By-Products Jowl Raw,Meats,655,6.38,0,69.61,1 oz,28.4,m
Pork Fresh Variety Meats And By-Products Kidneys Raw,Meats,100,16.46,0,3.25,1 oz,28.4,m
Pork Fresh Variety Meats And By-Products Lungs Cooked Braised,Meats,99,16.6,0,3.1,3 oz,85,m
Pork Fresh Variety Meats And By-Products Mechanically Separated Raw,Meats,304,15.03,0,26.54,1 oz,28.4,m
Pork Fresh Variety Meats And By-Products Pancreas Raw,Meats,199,18.56,0,13.24,1 oz,28.4,m
Pork Fresh Variety Meats And By-Products Pancreas Cooked Braised,Meats,219,28.5,0,10.8,3 oz,85,m
Pork Fresh Variety Meats And By-Products Tongue Raw,Meats,225,16.3,0,17.2,1 oz,28.4,m
Pork Fresh Variety Meats And By-Products Tongue Cooked Braised,Meats,271,24.1,0,18.6,3 oz,85,m
Bacon (Raw),Meats,393,13.66,0,37.13,1 slice raw,28,m
Pork Cured Breakfast Strips Raw Or Unheated,Meats,388,11.74,0.7,37.16,3 oz,85,m
Pork Cured Ham Extra Lean (Approximately 4% Fat) Canned Unheated,Meats,120,18.49,0,4.56,1 cup,140,m
Pork Cured Ham Extra Lean (Approximately 4% Fat) Canned Roasted,Meats,136,21.16,0.52,4.88,1 cup,140,m
Cured Ham,Meats,226,20.53,0.42,15.2,1 cup,140,m
Pork Cured Ham Center Slice Country-Style Separable Lean Only Raw,Meats,195,27.8,0.3,8.32,1 oz,28.4,m
Pork Cured Ham Center Slice Separable Lean And Fat Unheated,Meats,203,20.17,0.05,12.9,1 oz,28.4,m
Pork Cured Ham Whole Separable Lean Only Roasted,Meats,157,25.05,0,5.5,1 cup,140,m
Pork Fresh Loin Center Loin (Chops) Boneless Separable Lean Only Cooked Pan-Broiled,Meats,162,30.02,0,4.65,4 oz,114,m
Pork Fresh Loin Center Loin (Chops) Boneless Separable Lean And Fat Raw,Meats,201,21.14,0,12.96,3 oz,85,m
Pork Cured Salt Pork Raw,Meats,748,5.05,0,80.5,1 oz,28.4,m
Pork Cured Shoulder Blade Roll Separable Lean And Fat Unheated,Meats,269,16.47,0,21.98,1 oz,28.4,m
Pork Cured Shoulder Blade Roll Separable Lean And Fat Roasted,Meats,287,17.28,0.37,23.48,3 oz,85,m
Pork Fresh Variety Meats And By-Products Feet Cooked Simmered,Meats,238,21.94,0,16.05,3 oz,85,m
Pork Fresh Variety Meats And By-Products Tail Raw,Meats,378,17.75,0,33.5,1 oz,28.4,m
Pork Fresh Loin Center Loin (Chops) Bone-In Separable Lean And Fat Cooked Pan-Fried,Meats,238,27.63,0,13.32,3 oz,85,m
Pork Fresh Loin Center Rib (Chops) Bone-In Separable Lean And Fat Cooked Pan-Fried,Meats,256,26.81,0,15.71,3 oz,85,m
Pork Fresh Loin Top Loin (Chops) Boneless Separable Lean Only Cooked Pan-Fried,Meats,172,30.46,0,4.62,1 chop,142,m
Pork Cured Ham Boneless Extra Lean And Regular Unheated,Meats,162,18.26,2.28,8.39,1 cup,140,m
Pork Cured Ham Boneless Extra Lean And Regular Roasted,Meats,165,21.97,0.5,7.66,1 cup,140,m
Pork Fresh Composite Of Trimmed Retail Cuts (Leg Loin Shoulder And Spareribs) Separable Lean And Fat Cooked,Meats,238,26.36,0,13.89,3 oz,85,m
Pork Fresh Loin Center Loin (Chops) Boneless Separable Lean And Fat Cooked Pan-Broiled,Meats,229,26.68,0,13.6,3 oz,85,m
Pork Fresh Backribs Separable Lean And Fat Raw,Meats,224,19.07,0,16.33,3 oz,85,m
Roasted Pork Backribs,Meats,292,23.01,0,21.51,3 oz,85,m
Pork Fresh Loin Center Rib (Roasts) Boneless Separable Lean And Fat Cooked Roasted,Meats,252,26.99,0,15.15,3 oz,85,m
Pork Fresh Loin Center Rib (Chops Or Roasts) Boneless Separable Lean Only Raw,Meats,152,21.8,0,6.48,3 oz,85,m
Pork Fresh Loin Center Rib (Chops) Boneless Separable Lean Only Cooked Braised,Meats,211,27.95,0,10.14,3 oz,85,m
Pork Fresh Loin Center Rib (Chops) Boneless Separable Lean Only Cooked Broiled,Meats,216,29.46,0,10.05,3 oz,85,m
Pork Fresh Loin Country-Style Ribs Separable Lean Only Raw,Meats,140,20.76,0,5.64,3 oz,85,m
Pork Fresh Loin Country-Style Ribs Separable Lean Only Cooked Braised,Meats,247,27.74,0,14.26,1 rib without refuse (yield from 1 cooked rib/ with refuse/ weighing 141g),80,m
Pork Fresh Loin Country-Style Ribs Separable Lean Only Bone-In Cooked Roasted,Meats,227,29.2,0,11.38,1 rack,138,m
Pork Fresh Loin Sirloin (Chops Or Roasts) Boneless Separable Lean And Fat Raw,Meats,133,22.49,0,4.05,3 oz,85,m
Pork Fresh Loin Sirloin (Chops) Boneless Separable Lean Only Cooked Braised,Meats,163,28.75,0,4.5,3 oz,85,m
Pork Fresh Loin Sirloin (Chops) Boneless Separable Lean Only Cooked Broiled,Meats,161,28.6,0,4.36,3 oz,85,m
Pork Fresh Loin Sirloin (Roasts) Boneless Separable Lean Only Cooked Roasted,Meats,178,30.39,0,5.31,3 oz,85,m
Pork Fresh Loin Tenderloin Separable Lean And Fat Raw,Meats,120,20.65,0,3.53,3 oz,85,m
Pork Fresh Loin Tenderloin Separable Lean Only Cooked Broiled,Meats,187,30.42,0,6.33,3 oz,85,m
Pork Fresh Loin Top Loin (Roasts) Boneless Separable Lean And Fat Raw,Meats,166,21.34,0,8.33,3 oz,85,m
Pork Fresh Loin Top Loin (Roasts) Boneless Separable Lean Only Raw,Meats,132,22.39,0,4.06,3 oz,85,m
Pork Fresh Composite Of Trimmed Retail Cuts (Loin And Shoulder Blade) Separable Lean And Fat Raw,Meats,177,20.08,0,10.14,1 oz,28.4,m
Hormel Always Tender Pork Tenderloin Peppercorn-Flavored,Meats,110,17.21,1.82,3.8,4 oz,112,m
Hormel Always Tender Pork Loin Filets Lemon Garlic-Flavored,Meats,118,17.83,1.79,4.16,1 oz,28,m
Hormel Always Tender Center Cut Chops Fresh Pork,Meats,167,18.74,0.84,9.62,1 oz,28.4,m
Hormel Always Tender Boneless Pork Loin Fresh Pork,Meats,145,19.02,0.76,7.18,1 oz,28,m
Pork Cured Bacon Cooked Microwaved,Meats,476,39.01,0.48,34.12,1 slice cooked,9.1,m
Bacon (Pan-Fried),Meats,468,33.92,1.7,35.09,1 slice,11.5,m
Pork Fresh Variety Meats And By-Products Stomach Cooked Simmered,Meats,157,21.4,0.09,7.26,3 oz,85,m
Rendered Bacon Fat,Meats,898,0.07,0,99.5,3 oz,85,m
Pork Cured Ham And Water Product Slice Bone-In Separable Lean Only Heated Pan-Broil,Meats,122,20.9,1.35,3.63,1 serving (3 oz),85,m
Pan Broiled Cured Ham,Meats,123,15.09,4.69,5.06,1 slice,138,m
Pork Cured Ham And Water Product Whole Boneless Separable Lean Only Heated Roasted,Meats,123,13.88,4.61,5.46,1 serving (3 oz),85,m
Pork Cured Ham And Water Product Whole Boneless Separable Lean Only Unheated,Meats,116,14.07,4.22,4.86,3 oz,85,m
Pork Cured Ham -- Water Added Slice Boneless Separable Lean Only Heated Pan-Broil,Meats,119,18.82,1.75,4.09,1 serving (3 oz),85,m
Pork Cured Ham With Natural Juices Slice Bone-In Separable Lean Only Heated Pan-Broil,Meats,150,27.75,0,4.38,1 serving (3 oz),85,m
Pork Cured Ham With Natural Juices Spiral Slice Meat Only Boneless Separable Lean Only Heated Roasted,Meats,126,22.56,1.08,3.78,1 slice,145,m
Pork Cured Ham And Water Product Rump Bone-In Separable Lean Only Heated Roasted,Meats,131,21.28,1.15,4.7,1 serving (3 oz),85,m
Pork Cured Ham With Natural Juices Slice Boneless Separable Lean Only Heated Pan-Broil,Meats,116,20.95,1.05,3.16,1 serving (3 oz),85,m
Pork Cured Ham With Natural Juices Whole Boneless Separable Lean Only Heated Roasted,Meats,113,20.57,0.84,3.01,1 serving (3 oz),85,m
Pork Cured Ham With Natural Juices Whole Boneless Separable Lean Only Unheated,Meats,111,19.44,1.03,3.21,1 oz,28.4,m
Pork Cured Ham -- Water Added Shank Bone-In Separable Lean Only Unheated,Meats,91,18.65,0.71,1.87,3 oz,85,m
Pork Cured Ham With Natural Juices Rump Bone-In Separable Lean Only Unheated,Meats,122,22.71,0.43,3.47,3 oz,85,m
Pork Cured Ham With Natural Juices Shank Bone-In Separable Lean Only Unheated,Meats,130,25.11,0.3,3.33,3 oz,85,m
Pork Cured Ham With Natural Juices Slice Bone-In Separable Lean Only Unheated,Meats,123,24.34,0,2.87,3 oz,85,m
Pork Cured Ham With Natural Juices Spiral Slice Boneless Separable Lean Only Unheated,Meats,109,19.25,1.22,3.26,1 oz spiral slice,28.4,m
Pork Cured Ham With Natural Juices Spiral Slice Boneless Separable Lean And Fat Unheated,Meats,129,18.66,1.18,5.75,1 oz spiral slice,28.4,m
Pork Cured Ham With Natural Juices Slice Bone-In Separable Lean And Fat Unheated,Meats,159,22.82,0.17,7.4,3 oz,85,m
Pork Cured Ham With Natural Juices Shank Bone-In Separable Lean And Fat Unheated,Meats,191,22.35,0.32,11.11,1 oz shank,28.4,m
Pork Cured Ham With Natural Juices Rump Bone-In Separable Lean And Fat Unheated,Meats,200,19.7,0.43,13.26,1 oz rump,28.4,m
Pork Cured Ham -- Water Added Whole Boneless Separable Lean And Fat Unheated,Meats,121,17.06,1.42,5.38,1 oz whole,28.4,m
Pork Cured Ham -- Water Added Slice Bone-In Separable Lean And Fat Unheated,Meats,164,15.73,1.1,10.77,1 oz,28.4,m
Pork Cured Ham -- Water Added Shank Bone-In Separable Lean And Fat Unheated,Meats,167,16.65,0.66,11.02,1 oz,28.4,m
Pork Cured Ham -- Water Added Rump Bone-In Separable Lean And Fat Unheated,Meats,172,13.99,0.8,12.5,1 oz,28.4,m
Pork Cured Ham -- Water Added Whole Boneless Separable Lean And Fat Heated Roasted,Meats,126,17.77,1.54,5.48,1 serving (3 oz),85,m
Pork Cured Ham And Water Product Rump Bone-In Separable Lean And Fat Heated Roasted,Meats,186,19.46,1.15,11.48,1 serving (3 oz),85,m
Pork Cured Ham And Water Product Shank Bone-In Separable Lean And Fat Heated Roasted,Meats,234,18.17,1.42,17.29,1 serving (3 oz),85,m
Pork Cured Ham And Water Product Slice Bone-In Separable Lean And Fat Heated Pan-Broil,Meats,155,19.85,1.41,7.78,1 serving (3 oz),85,m
Pork Cured Ham With Natural Juices Slice Boneless Separable Lean And Fat Heated Pan-Broil,Meats,118,20.89,1.04,3.4,1 serving (3 oz),85,m
Pork Cured Ham With Natural Juices Spiral Slice Boneless Separable Lean And Fat Heated Roasted,Meats,139,22.18,1.06,5.1,1 slice,145,m
Pork Cured Ham With Natural Juices Whole Boneless Separable Lean And Fat Heated Roasted,Meats,114,20.54,0.84,3.13,1 serving (3 oz),85,m
Pork Cured Ham Rump Bone-In Separable Lean And Fat Heated Roasted,Meats,177,23.95,0.64,8.88,1 serving (3 oz),85,m
Pork Cured Ham Shank Bone-In Separable Lean And Fat Heated Roasted,Meats,191,24.39,0.64,9.35,1 serving (3 oz),85,m
Pork Cured Ham Shank Bone-In Separable Lean And Fat Unheated,Meats,177,21.61,0.41,9.85,1 oz,28.4,m
Pork Cured Ham Slice Bone-In Separable Lean And Fat Heated Pan-Broil,Meats,181,25.48,0.7,8.48,1 serving (3 oz),85,m
Pork Cured Ham Slice Bone-In Separable Lean Only Unheated,Meats,130,24.36,0,3.59,1 serving (3 oz),85,m
Pork Fresh Enhanced Loin Tenderloin Separable Lean Only Raw,Meats,106,20.39,0,2.09,3 oz,85,m
Pork Fresh Shoulder (Boston Butt) Blade (Steaks) Separable Lean Only With Added Solution Cooked Braised,Meats,227,27.58,0,12.14,3 oz,85,m
Pork Fresh Shoulder (Boston Butt) Blade (Steaks) Separable Lean Only With Added Solution Raw,Meats,122,18.29,0.18,5.36,3 oz,85,m
Pork Fresh Loin Top Loin (Chops) Boneless Separable Lean Only With Added Solution Cooked Broiled,Meats,170,29.65,0,5.73,1 chop,107,m
Pork Fresh Shoulder (Boston Butt) Blade (Steaks) Separable Lean And Fatwith Added Solution Raw,Meats,169,17.19,0.16,11.12,3 oz,85,m
Pork Fresh Shoulder (Boston Butt) Blade (Steaks) Separable Lean And Fat With Added Solution Cooked Braised,Meats,263,25.84,0.03,16.94,3 oz,85,m
Pork Cured Ham Rump Bone-In Separable Lean And Fat Unheated,Meats,176,22.27,0.52,9.38,3 oz,85,m
Pork Loin Leg Cap Steak Boneless Separable Lean And Fat Cooked Broiled,Meats,158,27.57,0,4.41,3 oz,85,m
Pork Shoulder Petite Tender Boneless Separable Lean And Fat Raw,Meats,128,21.65,0,3.91,1 piece,105,m
Pork Leg Sirloin Tip Roast Boneless Separable Lean And Fat Cooked Braised,Meats,156,31.11,0,2.56,3 oz,85,m
Pork Leg Sirloin Tip Roast Boneless Separable Lean And Fat Raw,Meats,113,22.88,0,1.71,3 oz,85,m
Pork Ground 84% Lean / 16% Fat Raw,Meats,218,17.99,0.44,16,4 oz,113,m
Pork Ground 72% Lean / 28% Fat Cooked Pan-Broiled,Meats,377,22.59,1.08,31.42,3 oz grilled patties,85,m
Pork Ground 84% Lean / 16% Fat Cooked Pan-Broiled,Meats,301,27.14,0,21.39,3 oz grilled patties,85,m
Pork Ground 96% Lean / 4% Fat Cooked Pan-Broiled,Meats,185,31.69,0.57,6.2,3 oz grilled patties,85,m
Pork Loin Fresh Backribs Bone-In Raw Lean Only,Meats,172,20.85,0,9.84,4 oz,114,m
Pork Loin Fresh Backribs Bone-In Cooked-Roasted Lean Only,Meats,255,24.15,0,17.65,3 oz,85,m
Pork Fresh Loin Country-Style Ribs Separable Lean Only Bone-In Cooked Broiled,Meats,216,27.83,0,11.65,1 rack,122,m
Pork Fresh Loin Country-Style Ribs Separable Lean Only Boneless Cooked Roasted,Meats,219,29.2,0,11.38,1 rack,138,m
Pork Fresh Blade (Chops) Boneless Separable Lean And Fat Cooked Broiled,Meats,202,24.73,0.83,11.13,1 chop,131,m
Pork Fresh Loin Blade (Chops Or Roasts) Boneless Separable Lean And Fat Only Raw,Meats,157,20.54,0.76,7.94,3 oz,85,m
Bacon Pre-Sliced Reduced/low Sodium Unprepared,Meats,407,12.53,0.83,39.27,1 slice,26,m
Canadian Bacon (Pan-Fried),Meats,146,28.31,1.8,2.78,1 slice,13.8,m
Beef Retail Cuts Separable Fat Raw,Meats,674,8.21,0,70.89,1 oz,28.4,m
Beef Retail Cuts Separable Fat Cooked,Meats,680,10.65,0,70.33,1 oz,28.4,m
Beef Brisket Whole Separable Lean Only All Grades Raw,Meats,157,20.72,0.6,7.37,1 oz,28.4,m
Beef Grass-Fed Ground Raw,Meats,198,19.42,0,12.73,1 serving,85,m
Beef Flank Steak Separable Lean Only Trimmed To 0 Inch Fat Choice Raw,Meats,149,21.72,0,6.29,1 oz,28.4,m
Beef Flank Steak Separable Lean Only Trimmed To 0 Inch Fat Choice Cooked Braised,Meats,237,28.02,0,13,3 oz,85,m
Broiled Lean Beef Flank Steak,Meats,194,27.82,0,8.32,3 oz,85,m
Beef Rib Eye Small End (Ribs 10-12) Separable Lean And Fat Trimmed To 0 Inch Fat Choice Raw,Meats,274,17.51,0,22.07,1 oz,28.4,m
Braised Beef Shortribs,Meats,471,21.57,0,41.98,3 oz,85,m
Beef Rib Shortribs Separable Lean Only Choice Raw,Meats,175,19.05,0.4,10.19,1 oz,28.4,m
Beef Rib Shortribs Separable Lean Only Choice Cooked Braised,Meats,295,30.76,0,18.13,1 piece/ cooked/ excluding refuse (yield from 1 lb raw meat with refuse),121,m
Broiled Beef Round,Meats,191,29.21,0,7.31,3 oz,85,m
Beef Round Full Cut Separable Lean Only Trimmed To 1/4 Inch Fat Select Cooked Broiled,Meats,172,29.25,0,5.22,3 oz,85,m
Grilled Porterhouse Steak (Choice),Meats,221,27.65,0,11.36,3 oz,85,m
Beef Short Loin T-Bone Steak Bone-In Separable Lean Only Trimmed To 1/8 Inch Fat Choice Raw,Meats,160,22.1,0,7.27,3 oz,85,m
Grilled T-Bone Steak (Choice),Meats,217,27.48,0,11.05,3 oz,85,m
Beef Rib Eye Small End (Ribs 10-12) Separable Lean Only Trimmed To 0 Inch Fat Select Raw,Meats,149,21.17,0,6.57,3 oz,85,m
Beef Variety Meats And By-Products Brain Raw,Meats,143,10.86,1.05,10.3,1 oz,28.4,m
Beef Variety Meats And By-Products Brain Cooked Pan-Fried,Meats,196,12.57,0,15.83,3 oz,85,m
Beef Variety Meats And By-Products Brain Cooked Simmered,Meats,151,11.67,1.48,10.53,3 oz,85,m
Beef Variety Meats And By-Products Heart Raw,Meats,112,17.72,0.14,3.94,1 oz,28.4,m
Beef Variety Meats And By-Products Liver Cooked Braised,Meats,191,29.08,5.13,5.26,1 slice,68,m
Pan Fried Beef Liver,Meats,175,26.52,5.16,4.68,1 slice,81,m
Beef Variety Meats And By-Products Lungs Raw,Meats,92,16.2,0,2.5,1 oz,28.4,m
Beef Variety Meats And By-Products Lungs Cooked Braised,Meats,120,20.4,0,3.7,3 oz,85,m
Beef Variety Meats And By-Products Mechanically Separated Beef Raw,Meats,276,14.97,0,23.52,1 oz,28.4,m
Beef Loin Top Loin Steak Boneless Lip Off Separable Lean And Fat Trimmed To 0 Inch Fat Select Cooked Grilled,Meats,207,29.16,0,9.12,3 oz,85,m
Beef Loin Top Loin Steak Boneless Lip Off Separable Lean Only Trimmed To 0 Inch Fat All Grades Cooked Grilled,Meats,202,29.53,0,8.41,3 oz,85,m
Beef Top Sirloin Steak Separable Lean And Fat Trimmed To 0 Inch Fat Select Cooked Broiled,Meats,206,29.65,0,8.8,3 oz,85,m
Beef Top Sirloin Steak Separable Lean Only Trimmed To 0 Inch Fat All Grades Cooked Broiled,Meats,183,30.55,0,5.79,3 oz,85,m
Beef Top Sirloin Steak Separable Lean Only Trimmed To 0 Inch Fat Choice Cooked Broiled,Meats,188,30.29,0,6.55,3 oz,85,m
Beef Top Sirloin Steak Separable Lean Only Trimmed To 0 Inch Fat Select Cooked Broiled,Meats,177,30.8,0,5.03,3 oz,85,m
Grilled Porterhouse Steak,Meats,213,28.16,0,10.32,3 oz,85,m
Beef Short Loin Porterhouse Steak Separable Lean Only Trimmed To 0 Inch Fat All Grades Cooked Broiled,Meats,212,26.07,0,11.18,3 oz,85,m
Beef Short Loin Porterhouse Steak Separable Lean Only Trimmed To 0 Inch Fat Choice Cooked Broiled,Meats,224,25.51,0,12.8,3 oz,85,m
Beef Short Loin Porterhouse Steak Separable Lean Only Trimmed To 1/8 Inch Fat Select Raw,Meats,145,22.61,0,5.41,3 oz,85,m
Beef Short Loin Porterhouse Steak Separable Lean Only Trimmed To 1/8 Inch Fat Select Cooked Grilled,Meats,203,28.92,0,8.76,3 oz,85,m
Beef Short Loin T-Bone Steak Bone-In Separable Lean Only Trimmed To 1/8 Inch Fat All Grades Raw,Meats,153,22.22,0,6.5,3 oz,85,m
Grilled T-Bone Steak,Meats,212,27.86,0,10.37,3 oz,85,m
Beef Short Loin T-Bone Steak Separable Lean Only Trimmed To 0 Inch Fat Choice Cooked Broiled,Meats,198,25.98,0,9.61,3 oz,85,m
Beef Short Loin T-Bone Steak Bone-In Separable Lean Only Trimmed To 1/8 Inch Fat Select Raw,Meats,144,22.41,0,5.34,3 oz,85,m
Beef Round Tip Round Roast Separable Lean And Fat Trimmed To 0 Inch Fat Choice Raw,Meats,156,20.16,0,7.73,3 oz,85,m
Beef Round Tip Round Roast Separable Lean And Fat Trimmed To 0 Inch Fat Select Raw,Meats,145,20.8,0,6.28,3 oz,85,m
Beef Rib Eye Small End (Ribs 10- 12) Separable Lean Only Trimmed To 0 Inch Fat Select Cooked Broiled,Meats,182,29.93,0,6.05,3 oz,85,m
Grilled Top Round Steak,Meats,162,30.09,0,3.77,3 oz,85,m
Beef Ground 70% Lean Meat / 30% Fat Patty Cooked Pan-Broiled,Meats,238,22.86,0,15.54,3 oz,85,m
Beef Ground 70% Lean Meat / 30% Fat Patty Cooked Broiled,Meats,277,25.38,0,18.66,3 oz,85,m
Beef Ground 70% Lean Meat / 30% Fat Raw,Meats,332,14.35,0,30,4 oz,113,m
Beef Chuck Under Blade Center Steak Boneless Denver Cut Separable Lean Only Trimmed To 0 Inch Fat Select Raw,Meats,157,19.71,0.21,8.54,3 oz,85,m
Top Blade Chuck Steak,Meats,196,28.15,0,9.23,3 oz,85,m
Beef Shoulder Top Blade Steak Boneless Separable Lean Only Trimmed To 0 Inch Fat Select Raw,Meats,133,20.39,0,5.73,3 oz,85,m
Beef Brisket Flat Half Boneless Separable Lean Only Trimmed To 0 Inch Fat All Grades Raw,Meats,132,21.47,0,5.11,3 oz,85,m
Beef Brisket Flat Half Boneless Separable Lean Only Trimmed To 0 Inch Fat Choice Raw,Meats,137,21.28,0,5.75,3 oz,85,m
Beef Brisket Flat Half Boneless Separable Lean Only Trimmed To 0 Inch Fat Select Raw,Meats,124,21.74,0,4.14,3 oz,85,m
Beef Shoulder Top Blade Steak Boneless Separable Lean And Fat Trimmed To 0 Inch Fat Choice Cooked Grilled,Meats,220,27.51,0,12.26,3 oz,85,m
Beef Chuck Eye Roast Boneless Americas Beef Roast Separable Lean And Fat Trimmed To 0 Inch Fat All Grades Raw,Meats,180,19.18,0,11.48,3 oz,85,m
Beef Chuck Eye Roast Boneless Americas Beef Roast Separable Lean And Fat Trimmed To 0 Inch Fat Choice Raw,Meats,185,19.14,0,12.02,3 oz,85,m
Beef Chuck Eye Roast Boneless Americas Beef Roast Separable Lean And Fat Trimmed To 0 Inch Fat Select Raw,Meats,173,19.25,0,10.67,3 oz,85,m
Beef Composite Of Trimmed Retail Cuts Separable Lean And Fat Trimmed To 1/8 Inch Fat Select Cooked,Meats,245,26.06,0,15.09,3 oz,85,m
Beef Brisket Whole Separable Lean And Fat Trimmed To 1/8 Inch Fat All Grades Raw,Meats,253,18.42,0.56,19.06,1 oz,28.4,m
Beef Brisket Whole Separable Lean And Fat Trimmed To 1/8 Inch Fat All Grades Cooked Braised,Meats,331,25.85,0,24.5,3 oz,85,m
Beef Brisket Flat Half Separable Lean And Fat Trimmed To 1/8 Inch Fat All Grades Raw,Meats,277,17.94,0,22.18,3 oz,85,m
Beef Chuck Arm Pot Roast Separable Lean And Fat Trimmed To 1/8 Inch Fat All Grades Cooked Braised,Meats,302,30.12,0,19.22,3 oz,85,m
Beef Chuck Arm Pot Roast Separable Lean And Fat Trimmed To 1/8 Inch Fat Choice Raw,Meats,249,19.14,0,18.57,1 oz,28.4,m
Beef Chuck Arm Pot Roast Separable Lean And Fat Trimmed To 1/8 Inch Fat Choice Cooked Braised,Meats,309,30.2,0,19.93,3 oz,85,m
Beef Chuck Arm Pot Roast Separable Lean And Fat Trimmed To 1/8 Inch Fat Select Raw,Meats,239,19.33,0,17.39,1 oz,28.4,m
Beef Chuck Blade Roast Separable Lean And Fat Trimmed To 1/8 Inch Fat Choice Cooked Braised,Meats,359,26.37,0,27.26,3 oz,85,m
Beef Chuck Blade Roast Separable Lean And Fat Trimmed To 1/8 Inch Fat Select Raw,Meats,230,17.37,0,17.33,1 oz,28.4,m
Beef Chuck Blade Roast Separable Lean And Fat Trimmed To 1/8 Inch Fat Select Cooked Braised,Meats,318,27.33,0,22.35,3 oz,85,m
Beef Chuck Eye Roast Boneless Americas Beef Roast Separable Lean Only Trimmed To 0 Inch Fat All Grades Cooked Roasted,Meats,183,26.65,0,8.46,3 oz,85,m
Beef Rib Whole (Ribs 6-12) Separable Lean And Fat Trimmed To 1/8 Inch Fat Choice Raw,Meats,322,16.34,0,27.93,1 oz,28.4,m
Beef Rib Whole (Ribs 6-12) Separable Lean And Fat Trimmed To 1/8 Inch Fat Choice Cooked Broiled,Meats,352,22.26,0,28.5,3 oz,85,m
Beef Rib Whole (Ribs 6-12) Separable Lean And Fat Trimmed To 1/8 Inch Fat Choice Cooked Roasted,Meats,365,22.6,0,29.79,3 oz,85,m
Beef Rib Whole (Ribs 6-12) Separable Lean And Fat Trimmed To 1/8 Inch Fat Select Raw,Meats,288,16.75,0,23.95,1 oz,28.4,m
Beef Rib Whole (Ribs 6-12) Separable Lean And Fat Trimmed To 1/8 Inch Fat Prime Cooked Roasted,Meats,400,22.57,0,33.7,3 oz,85,m
Beef Rib Large End (Ribs 6-9) Separable Lean And Fat Trimmed To 1/8 Inch Fat All Grades Raw,Meats,316,16.26,0,27.29,1 oz,28.4,m
Beef Rib Large End (Ribs 6-9) Separable Lean And Fat Trimmed To 1/8 Inch Fat All Grades Cooked Broiled,Meats,338,21.55,0,27.22,3 oz,85,m
Beef Rib Large End (Ribs 6-9) Separable Lean And Fat Trimmed To 1/8 Inch Fat All Grades Cooked Roasted,Meats,355,23.01,0,28.51,3 oz,85,m
Beef Rib Large End (Ribs 6-9) Separable Lean And Fat Trimmed To 1/8 Inch Fat Select Cooked Broiled,Meats,324,21.55,0,25.71,3 oz,85,m
Beef Rib Large End (Ribs 6-9) Separable Lean And Fat Trimmed To 1/8 Inch Fat Select Cooked Roasted,Meats,333,23.4,0,25.84,3 oz,85,m
Beef Rib Large End (Ribs 6-9) Separable Lean And Fat Trimmed To 1/8 Inch Fat Prime Raw,Meats,367,15.77,0,33.26,1 oz,28.4,m
Beef Rib Large End (Ribs 6-9) Separable Lean And Fat Trimmed To 1/8 Inch Fat Prime Cooked Broiled,Meats,404,20.65,0,34.97,3 oz,85,m
Beef Rib Large End (Ribs 6-9) Separable Lean And Fat Trimmed To 1/8 Inch Fat Prime Cooked Roasted,Meats,393,22.86,0,32.74,3 oz,85,m
Beef Rib Small End (Ribs 10-12) Separable Lean And Fat Trimmed To 1/8 Inch Fat Choice Cooked Broiled,Meats,304,24.53,0,22.09,3 oz,85,m
Beef Rib Small End (Ribs 10-12) Separable Lean And Fat Trimmed To 1/8 Inch Fat Choice Cooked Roasted,Meats,359,22.28,0,29.21,3 oz,85,m
Beef Rib Small End (Ribs 10-12) Separable Lean And Fat Trimmed To 1/8 Inch Fat Select Raw,Meats,246,19.56,0,18,3 oz,85,m
Beef Rib Small End (Ribs 10-12) Separable Lean And Fat Trimmed To 1/8 Inch Fat Select Cooked Broiled,Meats,278,27.17,0,18,3 oz,85,m
Beef Shoulder Top Blade Steak Boneless Separable Lean And Fat Trimmed To 0 Inch Fat Select Cooked Grilled,Meats,194,27.7,0,9.29,3 oz,85,m
Beef Shoulder Top Blade Steak Boneless Separable Lean And Fat Trimmed To 0 Inch Fat All Grades Raw,Meats,146,20.16,0,7.25,3 oz,85,m
Beef Round Full Cut Separable Lean And Fat Trimmed To 1/8 Inch Fat Choice Raw,Meats,195,20.56,0,11.92,1 oz,28.4,m
Beef Round Full Cut Separable Lean And Fat Trimmed To 1/8 Inch Fat Choice Cooked Broiled,Meats,235,27.54,0,12.98,3 oz,85,m
Beef Round Bottom Round Roast Separable Lean And Fat Trimmed To 1/8 Inch Fat All Grades Cooked Roasted,Meats,218,26.41,0,11.64,3 oz,85,m
Beef Round Bottom Round Steak Separable Lean And Fat Trimmed To 1/8 Inch Fat Choice Raw,Meats,198,20.71,0,12.15,1 oz,28.4,m
Beef Round Bottom Round Steak Separable Lean And Fat Trimmed To 1/8 Inch Fat Choice Cooked Braised,Meats,254,32.85,0,12.56,3 oz,85,m
Beef Round Bottom Round Roast Separable Lean And Fat Trimmed To 1/8 Inch Fat Choice Cooked Roasted,Meats,223,26.05,0,12.44,3 oz,85,m
Beef Round Bottom Round Steak Separable Lean And Fat Trimmed To 1/8 Inch Fat Select Raw,Meats,187,20.68,0,10.93,3 oz,85,m
Beef Round Eye Of Round Roast Separable Lean And Fat Trimmed To 1/8 Inch Fat Choice Raw,Meats,173,21.68,0,8.91,1 oz,28.4,m
Beef Round Eye Of Round Roast Separable Lean And Fat Trimmed To 1/8 Inch Fat Choice Cooked Roasted,Meats,212,28.48,0,10.05,3 oz,85,m
Beef Round Eye Of Round Roast Separable Lean And Fat Trimmed To 1/8 Inch Fat Select Raw,Meats,160,21.3,0.08,7.57,1 oz,28.4,m
Beef Round Eye Of Round Roast Separable Lean And Fat Trimmed To 1/8 Inch Fat Select Cooked Roasted,Meats,204,28.13,0,9.26,3 oz,85,m
Beef Round Tip Round Separable Lean And Fat Trimmed To 1/8 Inch Fat Select Raw,Meats,178,19.74,0,10.39,1 oz,28.4,m
Beef Round Tip Round Roast Separable Lean And Fat Trimmed To 1/8 Inch Fat Select Cooked Roasted,Meats,210,27.63,0,10.24,3 oz,85,m
Beef Shoulder Top Blade Steak Boneless Separable Lean And Fat Trimmed To 0 Inch Fat Choice Raw,Meats,152,20.07,0,7.94,3 oz,85,m
Beef Round Top Round Separable Lean Only Trimmed To 1/8 Inch Fat Choice Cooked Pan-Fried,Meats,228,33.93,2.03,8.33,3 oz,85,m
Beef Round Top Round Separable Lean And Fat Trimmed To 1/8 Inch Fat Choice Cooked Braised,Meats,250,34.09,0,11.61,3 oz,85,m
Beef Round Top Round Steak Separable Lean And Fat Trimmed To 1/8 Inch Fat Choice Cooked Broiled,Meats,224,30.7,0,10.27,3 oz,85,m
Beef Round Top Round Separable Lean And Fat Trimmed To 1/8 Inch Fat Choice Cooked Pan-Fried,Meats,266,32.99,0,13.83,3 oz,85,m
Beef Round Top Round Steak Separable Lean And Fat Trimmed To 1/8 Inch Fat Select Raw,Meats,164,22.18,0,7.68,1 oz,28.4,m
Beef Round Top Round Separable Lean And Fat Trimmed To 1/8 Inch Fat Select Cooked Braised,Meats,225,34.6,0,8.54,3 oz,85,m
Beef Brisket Flat Half Boneless Separable Lean And Fat Trimmed To 0 Inch Fat All Grades Raw,Meats,165,20.32,0,9.29,3 oz,85,m
Beef Short Loin Porterhouse Steak Separable Lean And Fat Trimmed To 1/8 Inch Fat Choice Raw,Meats,218,20.36,0,14.58,3 oz,85,m
Beef Short Loin Porterhouse Steak Separable Lean And Fat Trimmed To 1/8 Inch Fat Choice Cooked Grilled,Meats,284,24.85,0,19.78,3 oz,85,m
Beef Short Loin T-Bone Steak Separable Lean And Fat Trimmed To 1/8 Inch Fat Choice Raw,Meats,228,20,0,15.83,3 oz,85,m
Beef Short Loin Top Loin Steak Separable Lean And Fat Trimmed To 1/8 Inch Fat Choice Cooked Grilled,Meats,278,26.16,0,18.45,3 oz,85,m
Beef Loin Top Loin Separable Lean And Fat Trimmed To 1/8 Inch Fat Select Raw,Meats,224,20.59,0,15.04,3 oz,85,m
Beef Loin Top Loin Separable Lean And Fat Trimmed To 1/8 Inch Fat Select Cooked Grilled,Meats,250,26.72,0,15.11,3 oz,85,m
Beef Short Loin Top Loin Steak Separable Lean And Fat Trimmed To 1/8 Inch Fat Prime Raw,Meats,281,19,0,22.17,3 oz,85,m
Beef Tenderloin Steak Separable Lean And Fat Trimmed To 1/8 Inch Fat Choice Cooked Broiled,Meats,273,26.43,0,17.78,1 steak (yield from 181 g raw meat),140,m
Beef Tenderloin Roast Separable Lean And Fat Trimmed To 1/8 Inch Fat Choice Cooked Roasted,Meats,331,23.9,0,25.39,3 oz,85,m
Beef Tenderloin Steak Separable Lean And Fat Trimmed To 1/8 Inch Fat Select Raw,Meats,249,19.37,0,18.46,1 steak (yield from 1 raw steak weighing149g),149,m
Beef Tenderloin Steak Separable Lean And Fat Trimmed To 1/8 Inch Fat Select Cooked Broiled,Meats,262,26.48,0,16.53,1 steak (yield from 1 raw steak weighing 151g),119,m
Beef Top Sirloin Steak Separable Lean And Fat Trimmed To 1/8 Inch Fat All Grades Raw,Meats,201,20.3,0,12.71,3 oz,85,m
Beef Top Sirloin Steak Separable Lean And Fat Trimmed To 1/8 Inch Fat All Grades Cooked Broiled,Meats,243,26.96,0,14.23,3 oz,85,m
Beef Top Sirloin Steak Separable Lean And Fat Trimmed To 1/8 Inch Fat Choice Raw,Meats,214,19.92,0,14.28,1 oz,28.4,m
Beef Top Sirloin Steak Separable Lean And Fat Trimmed To 1/8 Inch Fat Choice Cooked Broiled,Meats,257,26.8,0,15.75,3 oz,85,m
Beef Chuck Clod Roast Separable Lean Only Trimmed To 0 Inch Fat Select Cooked Roasted,Meats,172,28.09,0,5.82,3 oz,85,m
Beef Shoulder Steak Boneless Separable Lean Only Trimmed To 0 Inch Fat Choice Cooked Grilled,Meats,178,28.54,0,6.25,3 oz ( 1 serving ),85,m
Beef Shoulder Steak Boneless Separable Lean Only Trimmed To 0 Inch Fat Select Cooked Grilled,Meats,169,28.71,0,5.17,3 oz,85,m
Beef Flank Steak Separable Lean And Fat Trimmed To 0 Inch Fat All Grades Cooked Broiled,Meats,192,27.66,0,8.23,3 oz,85,m
Beef Bottom Sirloin Tri-Tip Roast Separable Lean And Fat Trimmed To 0 Inch Fat All Grades Raw,Meats,165,20.64,0,8.55,3 oz,85,m
Beef Bottom Sirloin Tri-Tip Roast Separable Lean And Fat Trimmed To 0 Inch Fat Choice Cooked Roasted,Meats,221,25.66,0,12.36,3 oz,85,m
Beef Bottom Sirloin Tri-Tip Roast Separable Lean And Fat Trimmed To 0 Inch Fat Choice Raw,Meats,174,20.64,0,9.51,3 oz,85,m
Beef Bottom Sirloin Tri-Tip Roast Separable Lean And Fat Trimmed To 0 Inch Fat Select Cooked Roasted,Meats,201,26.44,0,9.78,3 oz,85,m
Beef Chuck Top Blade Separable Lean Only Trimmed To 0 Inch Fat Choice Cooked Broiled,Meats,217,26.11,0,11.65,3 oz,85,m
Beef Chuck Top Blade Separable Lean Only Trimmed To 0 Inch Fat Select Cooked Broiled,Meats,184,26.16,0,8,3 oz,85,m
Beef Round Top Round Steak Boneless Separable Lean And Fat Trimmed To 0 Inch Fat Choice Cooked Grilled,Meats,170,30.12,0,4.62,3 oz,85,m
Beef Round Top Round Steak Boneless Separable Lean And Fat Trimmed To 0 Inch Fat Select Cooked Grilled,Meats,162,29.7,0,3.85,3 oz,85,m
Beef Chuck Eye Roast Boneless Americas Beef Roast Separable Lean Only Trimmed To 0 Inch Fat Select Raw,Meats,133,20.52,0,5.71,3 oz,85,m
Beef Brisket Flat Half Boneless Separable Lean And Fat Trimmed To 0 Inch Fat Choice Raw,Meats,169,20.15,0,9.86,3 oz,85,m
Beef Plate Inside Skirt Steak Separable Lean Only Trimmed To 0 Inch Fat All Grades Cooked Broiled,Meats,205,26.66,0,10.06,3 oz,85,m
Beef Plate Outside Skirt Steak Separable Lean Only Trimmed To 0 Inch Fat All Grades Cooked Broiled,Meats,233,24.18,0,14.37,3 oz,85,m
Pork Oriental Style Dehydrated,Meats,615,11.8,1.4,62.4,1 cup,22,m
Pork Cured Ham -- Water Added Whole Boneless Separable Lean Only Heated Roasted,Meats,117,17.99,1.57,4.39,3 oz,85,m
Pork Cured Ham -- Water Added Whole Boneless Separable Lean Only Unheated,Meats,110,17.34,1.45,3.97,3 oz,85,m
Pork Cured Ham And Water Product Shank Bone-In Separable Lean Only Heated Roasted,Meats,132,21.69,1.26,4.45,1 serving (3 oz),85,m
Pork Cured Ham -- Water Added Slice Bone-In Separable Lean Only Unheated,Meats,95,17.38,1.23,2.29,3 oz,85,m
Pork Cured Ham And Water Product Rump Bone-In Separable Lean Only Unheated,Meats,107,17.93,1.24,3.38,1 oz,28.4,m
Pork Cured Ham And Water Product Slice Bone-In Separable Lean Only Unheated,Meats,103,14.47,2.82,3.78,3 oz,85,m
Pork Cured Ham And Water Product Shank Bone-In Unheated Separable Lean Only,Meats,113,17.53,1.2,4.18,3 oz,85,m
Pork Cured Ham Separable Fat Boneless Heated,Meats,507,8.77,2,51.57,3 oz,85,m
Pork Cured Ham Separable Fat Boneless Unheated,Meats,515,7.5,1.87,53,4 oz,117,m
Pork Pickled Pork Hocks,Meats,171,19.11,0,10.54,3 oz,117,m
Pork Cured Ham Slice Bone-In Separable Lean Only Heated Pan-Broil,Meats,148,27.18,0.74,4.09,1 serving (3 oz),85,m
Pork Cured Ham With Natural Juices Whole Boneless Separable Lean And Fat Unheated,Meats,112,19.38,1.02,3.43,1 oz whole,28.4,m
Pork Cured Ham And Water Product Whole Boneless Separable Lean And Fat Unheated,Meats,117,14.05,4.21,4.99,1 oz whole,28.4,m
Pork Cured Ham And Water Product Slice Bone-In Separable Lean And Fat Unheated,Meats,149,13.69,2.72,9.29,1 oz,28.4,m
Pork Cured Ham And Water Product Shank Bone-In Separable Lean And Fat Unheated,Meats,243,14.28,1.42,20,1 oz shank,28.4,m
Pork Cured Ham And Water Product Rump Bone-In Separable Lean And Fat Unheated,Meats,179,16.09,1.35,12.13,1 oz rump,28.4,m
Pork Cured Ham -- Water Added Rump Bone-In Separable Lean And Fat Heated Roasted,Meats,161,20.1,0.99,8.56,1 serving (3 oz),85,m
Pork Cured Ham -- Water Added Shank Bone-In Separable Lean And Fat Heated Roasted,Meats,200,18.62,1.35,13.37,1 serving (3 oz),85,m
Pork Cured Ham -- Water Added Slice Bone-In Separable Lean And Fat Heated Pan-Broil,Meats,166,20.8,1.54,8.73,1 serving (3 oz),85,m
Pork Cured Ham -- Water Added Slice Boneless Separable Lean And Fat Heated Pan-Broil,Meats,125,18.62,1.72,5.05,1 serving (3 oz),85,m
Pork Cured Ham And Water Product Slice Boneless Separable Lean And Fat Heated Pan-Broil,Meats,124,15.08,4.69,5.13,1 slice,136,m
Pork Cured Ham And Water Product Whole Boneless Separable Lean And Fat Heated Roasted,Meats,123,13.88,4.61,5.46,1 serving (3 oz),85,m
Pork Cured Ham With Natural Juices Rump Bone-In Separable Lean And Fat Heated Roasted,Meats,177,22.47,0.6,9.39,1 serving (3 oz),85,m
Pork Cured Ham With Natural Juices Shank Bone-In Separable Lean And Fat Heated Roasted,Meats,191,22.88,0.33,10.93,1 serving (3 oz),85,m
Pork Cured Ham With Natural Juices Slice Bone-In Separable Lean And Fat Heated Pan-Broil,Meats,180,26.18,0.17,8.28,1 serving (3 oz),85,m
Pork Cured Ham Rump Bone-In Separable Lean Only Heated Roasted,Meats,132,26.02,0.68,3.07,1 serving (3 oz),85,m
Pork Cured Ham Rump Bone-In Separable Lean Only Unheated,Meats,125,24.46,0.32,2.92,1 oz,28.4,m
Pork Cured Ham Shank Bone-In Separable Lean Only Heated Roasted,Meats,139,26.49,0.68,3.68,1 serving (3 oz),85,m
Pork Cured Ham Shank Bone-In Separable Lean Only Unheated,Meats,125,23.79,0.18,3.19,1 oz,28.4,m
Pork Cured Ham Slice Bone-In Separable Lean And Fat Unheated,Meats,173,22.45,0.21,9.17,1 serving (3 oz),85,m
Pork Fresh Spareribs Separable Lean And Fat Cooked Roasted,Meats,361,20.89,0,30.86,3 oz,85,m
Pork Fresh Composite Of Separable Fat With Added Solution Raw,Meats,508,9.27,0,52.33,1 oz,28.4,m
Pork Fresh Loin Tenderloin Separable Lean Only With Added Solution Cooked Roasted,Meats,116,21.61,0.31,3.15,3 oz,85,m
Pork Fresh Loin Top Loin (Chops) Boneless Separable Lean Only With Added Solution Raw,Meats,117,21.09,0.22,3.48,4 oz,114,m
Pork Fresh Loin Top Loin (Chops) Boneless Separable Lean And Fat With Added Solution Raw,Meats,171,19.45,0,10.26,1 chop,146,m
Pork Fresh Loin Top Loin (Chops) Boneless Separable Lean And Fat With Added Solution Cooked Broiled,Meats,198,28.33,0.02,9.42,1 chop,107,m
Pork Fresh Loin Tenderloin Separable Lean And Fat With Added Solution Raw,Meats,114,20.16,0,3.14,3 oz,85,m
Pork Fresh Loin Tenderloin Separable Lean And Fat With Added Solution Cooked Roasted,Meats,121,21.5,0.31,3.7,3 oz,85,m
Pork Leg Cap Steak Boneless Separable Lean And Fat Raw,Meats,123,21.64,0,3.39,3 oz,85,m
Pork Shoulder Breast Boneless Separable Lean And Fat Raw,Meats,127,22.54,0,3.4,3 oz,85,m
Pork Shoulder Breast Boneless Separable Lean And Fat Cooked Broiled,Meats,162,28.47,0,4.49,3 oz,85,m
Pork Shoulder Petite Tender Boneless Separable Lean And Fat Cooked Broiled,Meats,155,27.47,0,4.23,1 piece,92,m
Pork Ground 96% Lean / 4% Fat Raw,Meats,121,21.1,0.21,4,4 oz,113,m
Pork Ground 72% Lean / 28% Fat Cooked Crumbles,Meats,393,22.83,1.39,32.93,4 oz,113,m
Pork Ground 84% Lean / 16% Fat Cooked Crumbles,Meats,289,26.69,0.58,20.04,3 oz grilled patties,85,m
Pork Ground 96% Lean / 4% Fat Cooked Crumbles,Meats,187,30.55,0,7.15,3 oz grilled patties,85,m
Pork Fresh Loin Blade (Chops Or Roasts) Boneless Separable Lean Only Raw,Meats,123,21.35,0.82,3.78,3 oz,85,m
Pork Fresh Loin Blade (Roasts) Boneless Separable Lean Only Cooked Roasted,Meats,175,27.58,0,7.14,3 oz,85,m
Pork Fresh Loin Blade (Chops) Boneless Separable Lean Only Boneless Cooked Broiled,Meats,169,26.14,0.89,6.74,3 oz,85,m
Pork Fresh Loin Country-Style Ribs Separable Lean Only Boneless Cooked Broiled,Meats,216,27.83,0,11.65,1 rack,122,m
Pork Fresh Loin Blade (Roasts) Boneless Separable Lean And Fat Cooked Roasted,Meats,199,26.48,0,10.32,3 oz,85,m
Pork Fresh Loin Country-Style Ribs Separable Lean And Fat Boneless Cooked Broiled,Meats,247,26.28,0,15.73,1 rack,122,m
Pork Fresh Loin Country-Style Ribs Separable Lean And Fat Bone-In Cooked Broiled,Meats,260,25.58,0,17.56,1 rack,122,m
Pork Fresh Loin Country-Style Ribs Separable Lean And Fat Boneless Cooked Roasted,Meats,270,26.4,0,18.31,1 rack,138,m
Lean Grass Fed Beef Strip Steak,Meats,117,23.07,0,2.69,3 oz,85,m
Beef Carcass Separable Lean And Fat Choice Raw,Meats,291,17.32,0,24.05,1 oz,28.4,m
Beef Carcass Separable Lean And Fat Select Raw,Meats,278,17.48,0,22.55,1 oz,28.4,m
Beef Brisket Flat Half Separable Lean And Fat Trimmed To 1/8 Inch Fat Select Cooked Braised,Meats,280,28.97,0,17.37,3 oz,85,m
Beef Flank Steak Separable Lean And Fat Trimmed To 0 Inch Fat Choice Raw,Meats,165,21.22,0,8.29,1 oz,28.4,m
Beef Flank Steak Separable Lean And Fat Trimmed To 0 Inch Fat Choice Cooked Braised,Meats,263,26.98,0,16.44,3 oz,85,m
Beef Flank Steak Separable Lean And Fat Trimmed To 0 Inch Fat Choice Cooked Broiled,Meats,202,27.55,0,9.31,3 oz,85,m
Beef Rib Eye Small End (Ribs 10-12) Separable Lean And Fat Trimmed To 0 Inch Fat Choice Cooked Broiled,Meats,265,26.58,0,16.76,3 oz,85,m
Beef Rib Eye Small End (Ribs 10-12) Separable Lean Only Trimmed To 0 Inch Fat Choice Raw,Meats,161,20.13,0,8.3,1 oz,28.4,m
Beef Rib Eye Small End (Ribs 10-12) Separable Lean Only Trimmed To 0 Inch Fat Choice Cooked Broiled,Meats,205,28.88,0,9.01,3 oz,85,m
Beef Rib Shortribs Separable Lean And Fat Choice Raw,Meats,390,14.4,0.4,36.23,1 oz,28.4,m
Beef Brisket Flat Half Separable Lean And Fat Trimmed To 0 Inch Fat Choice Cooked Braised,Meats,221,32.21,0,9.24,3 oz,85,m
Beef Shank Crosscuts Separable Lean Only Trimmed To 1/4 Inch Fat Choice Raw,Meats,128,21.75,0,3.85,1 oz,28.4,m
Beef Shank Crosscuts Separable Lean Only Trimmed To 1/4 Inch Fat Choice Cooked Simmered,Meats,201,33.68,0,6.36,3 oz,85,m
Beef Short Loin Porterhouse Steak Separable Lean Only Trimmed To 1/8 Inch Fat Choice Raw,Meats,161,22.13,0,7.39,3 oz,85,m
Beef Chuck Under Blade Pot Roast Boneless Separable Lean Only Trimmed To 0 Inch Fat All Grades Cooked Braised,Meats,216,30.54,0,10.46,3 oz,85,m
Beef Chuck Under Blade Pot Roast Or Steak Boneless Separable Lean Only Trimmed To 0 Inch Fat All Grades Raw,Meats,140,21.13,0.31,6.07,3 oz,85,m
Beef Chuck Under Blade Pot Roast Or Steak Boneless Separable Lean Only Trimmed To 0 Inch Fat Choice Raw,Meats,145,21.19,0.39,6.51,3 oz,85,m
Beef Ground Patties Frozen Cooked Broiled,Meats,295,23.05,0,21.83,3 oz,85,m
Beef Variety Meats And By-Products Heart Cooked Simmered,Meats,165,28.48,0.15,4.73,3 oz,85,m
Beef Variety Meats And By-Products Kidneys Raw,Meats,99,17.4,0.29,3.09,1 oz,28.4,m
Beef Variety Meats And By-Products Kidneys Cooked Simmered,Meats,158,27.27,0,4.65,3 oz,85,m
Beef Variety Meats And By-Products Liver Raw,Meats,135,20.36,3.89,3.63,3 oz,85,m
Beef Variety Meats And By-Products Pancreas Raw,Meats,235,15.7,0,18.6,1 oz,28.4,m
Beef Variety Meats And By-Products Pancreas Cooked Braised,Meats,271,27.1,0,17.2,3 oz,85,m
Beef Variety Meats And By-Products Spleen Raw,Meats,105,18.3,0,3,1 oz,28.4,m
Beef Loin Top Loin Steak Boneless Lip Off Separable Lean Only Trimmed To 0 Inch Fat Choice Cooked Grilled,Meats,211,29.22,0,9.52,3 oz,85,m
Beef Loin Top Loin Steak Boneless Lip Off Separable Lean Only Trimmed To 0 Inch Fat Select Cooked Grilled,Meats,189,29.99,0,6.74,3 oz,85,m
Broiled Sirloin Strip Steak,Meats,212,29.33,0,9.67,3 oz,85,m
Beef Top Sirloin Steak Separable Lean And Fat Trimmed To 0 Inch Fat Choice Cooked Broiled,Meats,219,29.02,0,10.54,3 oz,85,m
Beef Short Loin Porterhouse Steak Separable Lean And Fat Trimmed To 0 Inch Fat All Grades Cooked Broiled,Meats,276,23.96,0,19.27,3 oz,85,m
Beef Short Loin Porterhouse Steak Separable Lean And Fat Trimmed To 0 Inch Fat USDA Choice Cooked Broiled,Meats,283,23.61,0,20.15,3 oz,85,m
Beef Short Loin Porterhouse Steak Separable Lean And Fat Trimmed To 0 Inch Fat USDA Select Cooked Broiled,Meats,267,24.47,0,17.98,3 oz ( 1serving ),85,m
Beef Short Loin Porterhouse Steak Separable Lean Only Trimmed To 1/8 Inch Fat All Grades Raw,Meats,155,22.32,0,6.6,3 oz,85,m
Beef Short Loin Porterhouse Steak Separable Lean Only Trimmed To 0 Inch Fat Select Cooked Broiled,Meats,194,26.89,0,8.81,3 oz,85,m
Beef Short Loin T-Bone Steak Separable Lean And Fat Trimmed To 0 Inch Fat All Grades Cooked Broiled,Meats,247,24.18,0,15.93,3 oz,85,m
Beef Short Loin T-Bone Steak Separable Lean And Fat Trimmed To 0 Inch Fat USDA Choice Cooked Broiled,Meats,258,24.05,0,17.26,3 oz,85,m
Beef Short Loin T-Bone Steak Separable Lean And Fat Trimmed To 0 Inch Fat USDA Select Cooked Broiled,Meats,230,24.38,0,14,3 oz,85,m
Beef Short Loin T-Bone Steak Bone-In Separable Lean Only Trimmed To 1/8 Inch Fat Select Cooked Grilled,Meats,206,28.45,0,9.35,3 oz,85,m
Beef Short Loin T-Bone Steak Separable Lean Only Trimmed To 0 Inch Fat Select Cooked Broiled,Meats,177,26,0,7.36,3 oz,85,m
Beef Brisket Flat Half Separable Lean Only Trimmed To 0 Inch Fat Select Cooked Braised,Meats,198,33.9,0,5.92,3 oz,85,m
Beef Round Tip Round Roast Separable Lean And Fat Trimmed To 0 Inch Fat All Grades Raw,Meats,151,20.48,0,7.01,3 oz,85,m
Beef Round Top Round Steak Boneless Separable Lean Only Trimmed To 0 Inch Fat Choice Cooked Grilled,Meats,166,30.24,0,4.11,3 oz,85,m
Beef Round Top Round Steak Boneless Separable Lean Only Trimmed To 0 Inch Fat Select Cooked Grilled,Meats,158,29.81,0,3.37,3 oz,85,m
Panfried Beef Hamburger,Meats,270,25.56,0,17.86,3 oz,85,m
Beef Ground 70% Lean Meat / 30% Fat Loaf Cooked Baked,Meats,241,23.87,0,15.37,3 oz,85,m
Beef Shoulder Top Blade Steak Boneless Separable Lean Only Trimmed To 0 Inch Fat Choice Cooked Grilled,Meats,202,28.28,0,9.83,3 oz,85,m
Beef Shoulder Top Blade Steak Boneless Separable Lean Only Trimmed To 0 Inch Fat Select Cooked Grilled,Meats,187,27.96,0,8.34,3 oz,85,m
Beef Shoulder Top Blade Steak Boneless Separable Lean Only Trimmed To 0 Inch Fat All Grades Raw,Meats,139,20.36,0,6.42,3 oz,85,m
Beef Shoulder Top Blade Steak Boneless Separable Lean Only Trimmed To 0 Inch Fat Choice Raw,Meats,143,20.35,0,6.88,3 oz,85,m
Beef Shoulder Top Blade Steak Boneless Separable Lean And Fat Trimmed To 0 Inch Fat All Grades Cooked Grilled,Meats,210,27.59,0,11.07,3 oz,85,m
Beef Shoulder Pot Roast Or Steak Boneless Separable Lean Only Trimmed To 0 Inch Fat All Grades Raw,Meats,123,21.64,0,4.09,3 oz,85,m
Beef Shoulder Pot Roast Or Steak Boneless Separable Lean Only Trimmed To 0 Inch Fat Choice Raw,Meats,125,21.45,0.11,4.35,3 oz,85,m
Beef Shoulder Pot Roast Or Steak Boneless Separable Lean Only Trimmed To 0 Inch Fat Select Raw,Meats,121,21.93,0,3.7,3 oz,85,m
Beef Composite Of Trimmed Retail Cuts Separable Lean And Fat Trimmed To 1/8 Inch Fat All Grades Raw,Meats,215,20.01,0,14.42,4 oz,114,m
Beef Composite Of Trimmed Retail Cuts Separable Lean And Fat Trimmed To 1/8 Inch Fat All Grades Cooked,Meats,259,26.11,0,16.59,3 oz,85,m
Beef Composite Of Trimmed Retail Cuts Separable Lean And Fat Trimmed To 1/8 Inch Fat Choice Raw,Meats,224,19.79,0,15.42,4 oz,114,m
Beef Composite Of Trimmed Retail Cuts Separable Lean And Fat Trimmed To 1/8 Inch Fat Choice Cooked,Meats,268,25.85,0,17.68,3 oz,85,m
Beef Composite Of Trimmed Retail Cuts Separable Lean And Fat Trimmed To 1/8 Inch Fat Select Raw,Meats,193,19.06,0,12.4,4 oz,114,m
Beef Brisket Flat Half Separable Lean And Fat Trimmed To 1/8 Inch Fat All Grades Cooked Braised,Meats,289,28.82,0,18.42,3 oz,85,m
Beef Brisket Point Half Separable Lean And Fat Trimmed To 1/8 Inch Fat All Grades Raw,Meats,267,17.65,0.59,20.98,1 oz,28.4,m
Beef Brisket Point Half Separable Lean And Fat Trimmed To 1/8 Inch Fat All Grades Cooked Braised,Meats,349,24.4,0,27.17,3 oz,85,m
Beef Chuck Arm Pot Roast Separable Lean And Fat Trimmed To 1/8 Inch Fat All Grades Raw,Meats,244,19.23,0,17.98,1 oz,28.4,m
Beef Chuck Arm Pot Roast Separable Lean And Fat Trimmed To 1/8 Inch Fat Select Cooked Braised,Meats,295,30.05,0,18.5,3 oz,85,m
Beef Chuck Blade Roast Separable Lean And Fat Trimmed To 1/8 Inch Fat All Grades Raw,Meats,248,17.16,0,19.41,1 oz,28.4,m
Beef Chuck Blade Roast Separable Lean And Fat Trimmed To 1/8 Inch Fat All Grades Cooked Braised,Meats,341,26.78,0,25.12,3 oz,85,m
Beef Chuck Blade Roast Separable Lean And Fat Trimmed To 1/8 Inch Fat Choice Raw,Meats,268,16.98,0.97,21.31,1 oz,28.4,m
Beef Chuck Eye Roast Boneless Americas Beef Roast Separable Lean Only Trimmed To 0 Inch Fat Choice Cooked Roasted,Meats,190,26.41,0,9.36,3 oz,85,m
Beef Chuck Eye Roast Boneless Americas Beef Roast Separable Lean Only Trimmed To 0 Inch Fat Select Cooked Roasted,Meats,172,27.02,0,7.12,3 oz,85,m
Beef Rib Whole (Ribs 6-12) Separable Lean And Fat Trimmed To 1/8 Inch Fat All Grades Raw,Meats,306,16.53,0,26.1,1 oz,28.4,m
Beef Rib Whole (Ribs 6-12) Separable Lean And Fat Trimmed To 1/8 Inch Fat All Grades Cooked Broiled,Meats,337,22.42,0,26.75,3 oz,85,m
Beef Rib Whole (Ribs 6-12) Separable Lean And Fat Trimmed To 1/8 Inch Fat All Grades Cooked Roasted,Meats,351,22.77,0,28.11,3 oz,85,m
Beef Rib Whole (Ribs 6-12) Separable Lean And Fat Trimmed To 1/8 Inch Fat Select Cooked Broiled,Meats,315,22.73,0,24.2,3 oz,85,m
Beef Rib Whole (Ribs 6-12) Separable Lean And Fat Trimmed To 1/8 Inch Fat Select Cooked Roasted,Meats,330,23.1,0,25.63,3 oz,85,m
Beef Rib Whole (Ribs 6-12) Separable Lean And Fat Trimmed To 1/8 Inch Fat Prime Raw,Meats,355,16.15,0,31.66,1 oz,28.4,m
Beef Rib Whole (Ribs 6-12) Separable Lean And Fat Trimmed To 1/8 Inch Fat Prime Cooked Broiled,Meats,386,21.95,0,32.38,3 oz,85,m
Beef Rib Large End (Ribs 6-9) Separable Lean And Fat Trimmed To 1/8 Inch Fat Choice Raw,Meats,333,16.03,0,29.34,1 oz,28.4,m
Beef Rib Large End (Ribs 6-9) Separable Lean And Fat Trimmed To 1/8 Inch Fat Choice Cooked Broiled,Meats,370,20.86,0,31.18,3 oz,85,m
Beef Rib Large End (Ribs 6-9) Separable Lean And Fat Trimmed To 1/8 Inch Fat Choice Cooked Roasted,Meats,378,22.5,0,31.28,3 oz,85,m
Beef Rib Large End (Ribs 6-9) Separable Lean And Fat Trimmed To 1/8 Inch Fat Select Raw,Meats,295,16.52,0,24.85,1 oz,28.4,m
Beef Rib Small End (Ribs 10-12) Separable Lean And Fat Trimmed To 1/8 Inch Fat All Grades Raw,Meats,254,19.33,0,19.06,1 oz,28.4,m
Beef Rib Small End (Ribs 10-12) Separable Lean And Fat Trimmed To 1/8 Inch Fat All Grades Cooked Broiled,Meats,291,25.85,0,20.04,3 oz,85,m
Prime Rib Steak,Meats,341,22.54,0,27.14,3 oz,85,m
Beef Rib Small End (Ribs 10-12) Separable Lean And Fat Trimmed To 1/8 Inch Fat Choice Raw,Meats,263,19.09,0,20.13,1 oz,28.4,m
Beef Rib Small End (Ribs 10-12) Separable Lean And Fat Trimmed To 1/8 Inch Fat Select Cooked Roasted,Meats,323,22.76,0,25.02,3 oz,85,m
Beef Rib Small End (Ribs 10-12) Separable Lean And Fat Trimmed To 1/8 Inch Fat Prime Raw,Meats,335,16.74,0.06,29.18,1 oz,28.4,m
Beef Rib Small End (Ribs 10-12) Separable Lean And Fat Trimmed To 1/8 Inch Fat Prime Cooked Broiled,Meats,354,24.13,0,27.86,3 oz,85,m
Beef Rib Small End (Ribs 10-12) Separable Lean And Fat Trimmed To 1/8 Inch Fat Prime Cooked Roasted,Meats,411,22.15,0,35.12,3 oz,85,m
Beef Round Full Cut Separable Lean And Fat Trimmed To 1/8 Inch Fat Select Raw,Meats,184,20.56,0,10.68,1 oz,28.4,m
Beef Round Full Cut Separable Lean And Fat Trimmed To 1/8 Inch Fat Select Cooked Broiled,Meats,218,27.58,0,11.08,3 oz,85,m
Beef Round Bottom Round Steak Separable Lean And Fat Trimmed To 1/8 Inch Fat All Grades Raw,Meats,192,20.7,0,11.54,1 oz,28.4,m
Beef Round Bottom Round Steak Separable Lean And Fat Trimmed To 1/8 Inch Fat All Grades Cooked Braised,Meats,247,32.76,0,11.87,3 oz,85,m
Beef Round Bottom Round Steak Separable Lean And Fat Trimmed To 1/8 Inch Fat Select Cooked Braised,Meats,240,32.67,0,11.19,3 oz,85,m
Beef Round Bottom Round Roast Separable Lean And Fat Trimmed To 1/8 Inch Fat Select Cooked Roasted,Meats,212,26.77,0,10.85,3 oz,85,m
Beef Round Eye Of Round Roast Separable Lean And Fat Trimmed To 1/8 Inch Fat All Grades Raw,Meats,166,21.49,0,8.24,1 oz,28.4,m
Beef Round Eye Of Round Roast Separable Lean And Fat Trimmed To 1/8 Inch Fat All Grades Cooked Roasted,Meats,208,28.31,0,9.65,3 oz,85,m
Beef Round Tip Round Separable Lean And Fat Trimmed To 1/8 Inch Fat All Grades Raw,Meats,189,19.6,0,11.67,1 oz,28.4,m
Beef Round Tip Round Roast Separable Lean And Fat Trimmed To 1/8 Inch Fat All Grades Cooked Roasted,Meats,219,27.45,0,11.34,3 oz,85,m
Beef Round Tip Round Separable Lean And Fat Trimmed To 1/8 Inch Fat Choice Raw,Meats,199,19.48,0,12.83,1 oz,28.4,m
Beef Round Tip Round Roast Separable Lean And Fat Trimmed To 1/8 Inch Fat Choice Cooked Roasted,Meats,228,27.27,0,12.34,3 oz,85,m
Beef Round Top Round Steak Separable Lean And Fat Trimmed To 1/8 Inch Fat All Grades Raw,Meats,166,22.06,0,7.93,1 oz,28.4,m
Beef Round Top Round Separable Lean And Fat Trimmed To 1/8 Inch Fat All Grades Cooked Braised,Meats,238,34.34,0,10.13,3 oz,85,m
London Broil,Meats,204,30.67,0,9,3 oz,85,m
Beef Round Top Round Steak Separable Lean And Fat Trimmed To 1/8 Inch Fat Choice Raw,Meats,168,21.94,0,8.19,1 oz,28.4,m
Beef Round Top Round Steak Separable Lean And Fat Trimmed To 1/8 Inch Fat Select Cooked Broiled,Meats,201,30.63,0,7.73,3 oz,85,m
Beef Round Top Round Separable Lean And Fat Trimmed To 1/8 Inch Fat Prime Raw,Meats,173,22.24,0,8.67,1 oz,28.4,m
Beef Round Top Round Steak Separable Lean And Fat Trimmed To 1/8 Inch Fat Prime Cooked Broiled,Meats,225,31.27,0,10.1,3 oz,85,m
Beef Shoulder Top Blade Steak Boneless Separable Lean And Fat Trimmed To 0 Inch Fat Select Raw,Meats,137,20.28,0,6.21,3 oz,85,m
Beef Short Loin T-Bone Steak Separable Lean And Fat Trimmed To 1/8 Inch Fat Choice Cooked Grilled,Meats,294,24.21,0,21.13,3 oz,85,m
Beef Short Loin Top Loin Steak Separable Lean And Fat Trimmed To 1/8 Inch Fat All Grades Raw,Meats,228,20.61,0,15.49,3 oz,85,m
Beef Loin Top Loin Separable Lean And Fat Trimmed To 1/8 Inch Fat All Grades Cooked Grilled,Meats,264,26.44,0,16.78,3 oz,85,m
Beef Loin Top Loin Separable Lean And Fat Trimmed To 1/8 Inch Fat Choice Raw,Meats,237,19.32,0,17.1,3 oz,85,m
Beef Short Loin Top Loin Separable Lean And Fat Trimmed To 1/8 Inch Fat Prime Cooked Broiled,Meats,310,25.92,0,22.12,3 oz,85,m
Beef Tenderloin Steak Separable Lean And Fat Trimmed To 1/8 Inch Fat All Grades Raw,Meats,247,19.61,0,18.16,3 oz,85,m
Beef Tenderloin Steak Separable Lean And Fat Trimmed To 1/8 Inch Fat All Grades Cooked Broiled,Meats,267,26.46,0,17.12,3 oz,85,m
Beef Tenderloin Roast Separable Lean And Fat Trimmed To 1/8 Inch Fat All Grades Cooked Roasted,Meats,324,23.9,0,24.6,3 oz,85,m
Beef Tenderloin Steak Separable Lean And Fat Trimmed To 1/8 Inch Fat Choice Raw,Meats,246,19.82,0,17.88,3 oz,85,m
Beef Tenderloin Roast Separable Lean And Fat Trimmed To 1/8 Inch Fat Select Cooked Roasted,Meats,316,23.9,0,23.7,3 oz,85,m
Beef Tenderloin Separable Lean And Fat Trimmed To 1/8 Inch Fat Prime Raw,Meats,274,18.15,0,21.83,1 oz,28.4,m
Beef Tenderloin Steak Separable Lean And Fat Trimmed To 1/8 Inch Fat Prime Cooked Broiled,Meats,308,25.26,0,22.21,3 oz,85,m
Beef Tenderloin Roast Separable Lean And Fat Trimmed To 1/8 Inch Fat Prime Cooked Roasted,Meats,343,24.04,0,26.67,3 oz,85,m
Beef Top Sirloin Steak Separable Lean And Fat Trimmed To 1/8 Inch Fat Choice Cooked Pan-Fried,Meats,313,28.77,0,21.06,3 oz,85,m
Beef Top Sirloin Steak Separable Lean And Fat Trimmed To 1/8 Inch Fat Select Raw,Meats,189,20.68,0,11.13,3 oz,85,m
Beef Top Sirloin Steak Separable Lean And Fat Trimmed To 1/8 Inch Fat Select Cooked Broiled,Meats,230,27.12,0,12.71,3 oz,85,m
Beef Chuck Clod Roast Separable Lean Only Trimmed To 0 Inch Fat Choice Cooked Roasted,Meats,171,25.95,0,6.69,3 oz,85,m
Beef Flank Steak Separable Lean And Fat Trimmed To 0 Inch Fat Select Cooked Broiled,Meats,183,27.78,0,7.15,3 oz,85,m
Beef Brisket Flat Half Separable Lean And Fat Trimmed To 0 Inch Fat Select Cooked Braised,Meats,205,33.59,0,6.77,3 oz,85,m
Beef Rib Eye Small End (Ribs 10-12) Separable Lean And Fat Trimmed To 0 Inch Fat Select Cooked Broiled,Meats,234,27.95,0,12.71,3 oz,85,m
Beef Rib Eye Small End (Ribs 10-12) Separable Lean And Fat Trimmed To 0 Inch Fat All Grades Cooked Broiled,Meats,249,27.27,0,14.74,3 oz,85,m
Beef Bottom Sirloin Tri-Tip Roast Separable Lean And Fat Trimmed To 0 Inch Fat All Grades Cooked Roasted,Meats,211,26.05,0,11.07,1 roast (yield from 690g raw meat),569,m
Beef Bottom Sirloin Tri-Tip Roast Separable Lean And Fat Trimmed To 0 Inch Fat Select Raw,Meats,157,20.64,0,7.68,3 oz,85,m
Beef Round Top Round Steak Boneless Separable Lean And Fat Trimmed To 0 Inch Fat All Grades Cooked Grilled,Meats,167,29.96,0,4.28,3 oz,85,m
Beef Chuck Mock Tender Steak Separable Lean Only Trimmed To 0 Inch Fat Choice Cooked Broiled,Meats,161,25.74,0,5.69,3 oz (1 serving),85,m
Beef Chuck Mock Tender Steak Separable Lean Only Trimmed To 0 Inch Fat Select Cooked Broiled,Meats,157,26.13,0,5.02,3 oz,85,m
Beef Flank Steak Separable Lean And Fat Trimmed To 0 Inch Fat All Grades Raw,Meats,155,21.22,0,7.17,3 oz,85,m
Beef Flank Steak Separable Lean And Fat Trimmed To 0 Inch Fat Select Raw,Meats,145,21.22,0,6.06,3 oz,85,m
Beef Chuck Eye Roast Boneless Americas Beef Roast Separable Lean Only Trimmed To 0 Inch Fat All Grades Raw,Meats,137,20.61,0,6.01,3 oz,85,m
Beef Chuck Eye Roast Boneless Americas Beef Roast Separable Lean Only Trimmed To 0 Inch Fat Choice Raw,Meats,139,20.67,0,6.21,3 oz,85,m
Beef Chuck Short Ribs Boneless Separable Lean Only Trimmed To 0 Inch Fat Choice Cooked Braised,Meats,250,28.84,0,14.95,3 oz,85,m
Beef Chuck Short Ribs Boneless Separable Lean Only Trimmed To 0 Inch Fat Select Cooked Braised,Meats,224,28.79,0,12.08,3 oz,85,m
Beef Chuck Short Ribs Boneless Separable Lean Only Trimmed To 0 Inch Fat All Grades Cooked Braised,Meats,240,28.82,0,13.8,3 oz,85,m
Beef Brisket Flat Half Boneless Separable Lean And Fat Trimmed To 0 Inch Fat Select Raw,Meats,158,20.57,0,8.45,3 oz,85,m
Beef Loin Bottom Sirloin Butt Tri-Tip Roast Separable Lean Only Trimmed To 0 Inch Fat All Grades Cooked Roasted,Meats,182,26.75,0,8.34,1 serving,85,m
Frankfurter Meat And Poultry Low Fat,Meats,121,15.5,8.4,2.8,1 cup/ sliced,143,m
Quail Cooked Total Edible,Meats,227,25.1,0,14.1,1 oz,28.4,m
Pheasant Cooked Total Edible,Meats,239,32.4,0,12.1,1 cup/ chopped or diced,140,m
Dove Cooked (Includes Squab),Meats,213,23.9,0,13,1 cup/ chopped or diced,140,m
Pork Cured Ham Boneless Low Sodium Extra Lean And Regular Roasted,Meats,165,22,0.5,7.7,1 oz/ boneless,28.4,m
Beef Variety Meats And By-Products Suet Raw,Meats,854,1.5,0,94,1 oz,28.4,m
Beef Variety Meats And By-Products Thymus Raw,Meats,236,12.18,0,20.35,1 oz,28.4,m
Beef Variety Meats And By-Products Thymus Cooked Braised,Meats,319,21.85,0,24.98,3 oz,85,m
Beef Variety Meats And By-Products Tongue Raw,Meats,224,14.9,3.68,16.09,1 oz,28.4,m
Beef Cured Breakfast Strips Raw Or Unheated,Meats,406,12.5,0.7,38.8,3 slices,68,m
Beef Cured Breakfast Strips Cooked,Meats,449,31.3,1.4,34.4,3 slices,34,m
Beef Cured Corned Beef Brisket Raw,Meats,198,14.68,0.14,14.9,1 oz,28.4,m
Beef Cured Corned Beef Brisket Cooked,Meats,251,18.17,0.47,18.98,3 oz,85,m
Beef Chuck Under Blade Center Steak Boneless Denver Cut Separable Lean Only Trimmed To 0 Inch Fat Choice Cooked Grilled,Meats,228,26.49,0.28,13.42,3 oz,85,m
Beef Cured Luncheon Meat Jellied,Meats,111,19,0,3.3,1 slice (1 oz) (4 inch x 4 inch x 3/32 inch thick),28,m
Beef Chuck Under Blade Center Steak Boneless Denver Cut Separable Lean Only Trimmed To 0 Inch Fat Select Cooked Grilled,Meats,209,26.53,0,11.46,3 oz,85,m
Beef Cured Pastrami,Meats,147,21.8,0.36,5.82,1 package/ 2.5 oz,71,m
Beef Chuck Under Blade Center Steak Boneless Denver Cut Separable Lean Only Trimmed To 0 Inch Fat All Grades Raw,Meats,170,19.42,0.49,9.99,3 oz,85,m
Beef Composite Of Trimmed Retail Cuts Separable Lean And Fat Trimmed To 0 Inch Fat Choice Cooked,Meats,233,28.17,0,12.53,3 oz,85,m
Beef Composite Of Trimmed Retail Cuts Separable Lean And Fat Trimmed To 0 Inch Fat Select Cooked,Meats,203,28.61,0,9.18,3 oz,85,m
Beef Composite Of Trimmed Retail Cuts Separable Lean Only Trimmed To 0 Inch Fat All Grades Cooked,Meats,203,29.9,0,8.37,3 oz,85,m
Beef Composite Of Trimmed Retail Cuts Separable Lean Only Trimmed To 0 Inch Fat Choice Cooked,Meats,206,29.51,0,8.87,3 oz,85,m
Beef Brisket Flat Half Separable Lean Only Trimmed To 0 Inch Fat All Grades Cooked Braised,Meats,205,33.26,0,6.99,3 oz,85,m
Beef Brisket Point Half Separable Lean And Fat Trimmed To 0 Inch Fat All Grades Cooked Braised,Meats,358,23.53,0,28.5,3 oz,85,m
Beef Brisket Point Half Separable Lean Only Trimmed To 0 Inch Fat All Grades Cooked Braised,Meats,244,28.05,0,13.8,3 oz,85,m
Beef Chuck Arm Pot Roast Separable Lean And Fat Trimmed To 0 Inch Fat All Grades Cooked Braised,Meats,297,28.94,0,19.17,3 oz,85,m
Beef Chuck Under Blade Pot Roast Boneless Separable Lean And Fat Trimmed To 0 Inch Fat Select Cooked Braised,Meats,288,27.17,0,19.02,3 oz,85,m
Beef Chuck Blade Roast Separable Lean Only Trimmed To 0 Inch Fat All Grades Cooked Braised,Meats,253,31.06,0,13.3,3 oz,85,m
Beef Chuck Under Blade Pot Roast Boneless Separable Lean Only Trimmed To 0 Inch Fat Choice Cooked Braised,Meats,231,30.45,0,11.14,3 oz,85,m
Beef Chuck Under Blade Pot Roast Boneless Separable Lean Only Trimmed To 0 Inch Fat Select Cooked Braised,Meats,216,30.68,0,9.44,3 oz,85,m
Beef Rib Large End (Ribs 6-9) Separable Lean Only Trimmed To 0 Inch Fat Select Cooked Roasted,Meats,220,27.53,0,11.4,3 oz,85,m
Beef Rib Small End (Ribs 10-12) Separable Lean And Fat Trimmed To 0 Inch Fat All Grades Cooked Broiled,Meats,249,27.27,0,14.74,3 oz,85,m
Beef Rib Small End (Ribs 10-12) Separable Lean And Fat Trimmed To 0 Inch Fat Choice Cooked Broiled,Meats,312,24.73,0,22.84,3 oz,85,m
Beef Rib Small End (Ribs 10-12) Separable Lean And Fat Trimmed To 0 Inch Fat Select Cooked Broiled,Meats,285,24.91,0,19.79,3 oz,85,m
Beef Round Bottom Round Roast Separable Lean And Fat Trimmed To 0 Inch Fat All Grades Cooked Roasted,Meats,187,27.42,0,7.72,3 oz,85,m
Beef Round Bottom Round Steak Separable Lean And Fat Trimmed To 0 Inch Fat Choice Cooked Braised,Meats,230,32.73,0,10,3 oz,85,m
Beef Round Bottom Round Roast Separable Lean And Fat Trimmed To 0 Inch Fat Choice Cooked Roasted,Meats,199,26.76,0,9.37,3 oz,85,m
Beef Round Bottom Round Steak Separable Lean And Fat Trimmed To 0 Inch Fat Select Cooked Braised,Meats,217,34.39,0,7.72,3 oz,85,m
Beef Round Bottom Round Steak Separable Lean Only Trimmed To 0 Inch Fat Select Cooked Braised,Meats,206,34.93,0,6.3,3 oz,85,m
Beef Round Bottom Round Roast Separable Lean Only Trimmed To 0 Inch Fat Select Cooked Roasted,Meats,169,28.29,0,5.33,3 oz,85,m
Roasted Beef Eye Of Round Roast,Meats,167,29.66,0,4.46,3 oz,85,m
Beef Round Eye Of Round Roast Boneless Separable Lean And Fat Trimmed To 0 Inch Fat Choice Cooked Roasted,Meats,171,29.79,0,4.83,3 oz,85,m
Beef Round Tip Round Roast Separable Lean And Fat Trimmed To 0 Inch Fat All Grades Cooked Roasted,Meats,188,26.79,0,8.21,3 oz,85,m
Beef Round Tip Round Roast Separable Lean And Fat Trimmed To 0 Inch Fat Choice Cooked Roasted,Meats,196,27.01,0,8.9,3 oz,85,m
Beef Round Tip Round Roast Separable Lean And Fat Trimmed To 0 Inch Fat Select Cooked Roasted,Meats,181,26.57,0,7.53,3 oz,85,m
Beef Round Tip Round Roast Separable Lean Only Trimmed To 0 Inch Fat All Grades Cooked Roasted,Meats,174,27.53,0,6.2,3 oz,85,m
Beef Round Top Round Separable Lean And Fat Trimmed To 0 Inch Fat Select Cooked Braised,Meats,200,35.62,0,5.33,3 oz,85,m
Beef Round Top Round Separable Lean Only Trimmed To 0 Inch Fat Choice Cooked Braised,Meats,207,36.12,0,5.8,3 oz,85,m
Beef Round Top Round Separable Lean Only Trimmed To 0 Inch Fat Select Cooked Braised,Meats,190,36.12,0,4,3 oz,85,m
Beef Loin Tenderloin Steak Boneless Separable Lean And Fat Trimmed To 0 Inch Fat All Grades Cooked Grilled,Meats,211,30.5,0,8.91,3 oz,85,m
Beef Loin Tenderloin Steak Boneless Separable Lean And Fat Trimmed To 0 Inch Fat Choice Cooked Grilled,Meats,217,30.21,0,9.71,3 oz,85,m
Beef Loin Top Loin Steak Boneless Lip Off Separable Lean And Fat Trimmed To 0 Inch Fat All Grades Cooked Grilled,Meats,223,28.57,0,11.15,3 oz,85,m
Beef Loin Top Loin Steak Boneless Lip Off Separable Lean And Fat Trimmed To 0 Inch Fat Choice Cooked Grilled,Meats,233,28.19,0,12.51,3 oz,85,m
Beef Variety Meats And By-Products Spleen Cooked Braised,Meats,145,25.1,0,4.2,3 oz,85,m
Beef Variety Meats And By-Products Tongue Cooked Simmered,Meats,284,19.29,0,22.3,3 oz,85,m
Beef Variety Meats And By-Products Tripe Raw,Meats,85,12.07,0,3.69,1 oz,28.4,m
Beef Sandwich Steaks Flaked Chopped Formed And Thinly Sliced Raw,Meats,309,16.5,0,27,3 oz,85,m
Beef Brisket Flat Half Separable Lean Only Trimmed To 0 Inch Fat Choice Cooked Braised,Meats,212,32.62,0,8.07,3 oz,85,m
Beef Cured Corned Beef Canned,Meats,250,27.1,0,14.93,1 oz,28.4,m
Beef Chuck Under Blade Pot Roast Or Steak Boneless Separable Lean Only Trimmed To 0 Inch Fat Select Raw,Meats,134,21.03,0.19,5.41,3 oz,85,m
Beef Cured Dried,Meats,153,31.1,2.76,1.94,10 slices,28,m
Beef Chuck Under Blade Center Steak Boneless Denver Cut Separable Lean Only Trimmed To 0 Inch Fat All Grades Cooked Grilled,Meats,220,26.5,0.14,12.64,3 oz,85,m
Beef Cured Sausage Cooked Smoked,Meats,312,14.11,2.42,26.91,1 sausage,43,m
Cured Smoked Beef,Meats,133,20.19,1.86,4.42,1 slice (1 oz),28,m
Beef Chuck Under Blade Center Steak Boneless Denver Cut Separable Lean Only Trimmed To 0 Inch Fat Choice Raw,Meats,178,19.23,0.67,10.96,3 oz,85,m
Beef Composite Of Trimmed Retail Cuts Separable Lean And Fat Trimmed To 0 Inch Fat All Grades Cooked,Meats,230,28.4,0,12.42,3 oz,85,m
Beef Composite Of Trimmed Retail Cuts Separable Lean Only Trimmed To 0 Inch Fat Select Cooked,Meats,188,29.88,0,7.12,3 oz,85,m
Beef Brisket Whole Separable Lean And Fat Trimmed To 0 Inch Fat All Grades Cooked Braised,Meats,291,26.79,0,19.52,3 oz,85,m
Beef Brisket Whole Separable Lean Only Trimmed To 0 Inch Fat All Grades Cooked Braised,Meats,218,29.75,0,10.08,3 oz,85,m
Beef Brisket Flat Half Separable Lean And Fat Trimmed To 0 Inch Fat All Grades Cooked Braised,Meats,213,32.9,0,8.01,3 oz,85,m
Beef Chuck Arm Pot Roast Separable Lean And Fat Trimmed To 0 Inch Fat Select Cooked Braised,Meats,283,29.23,0,17.56,3 oz,85,m
Beef Chuck Pot Roast,Meats,212,33.36,0,7.67,3 oz,85,m
Beef Chuck Arm Pot Roast Separable Lean Only Trimmed To 0 Inch Fat Select Cooked Braised,Meats,195,33.37,0,5.8,3 oz,85,m
Beef Chuck Blade Roast Separable Lean And Fat Trimmed To 0 Inch Fat All Grades Cooked Braised,Meats,334,27.18,0,24.14,1 piece/ cooked/ excluding refuse (yield from 1 lb raw meat with refuse),235,m
Beef Chuck Under Blade Pot Roast Boneless Separable Lean And Fat Trimmed To 0 Inch Fat Choice Cooked Braised,Meats,306,26.39,0,21.48,3 oz,85,m
Beef Rib Large End (Ribs 6-9) Separable Lean And Fat Trimmed To 0 Inch Fat Choice Cooked Roasted,Meats,372,22.8,0,30.49,3 oz,85,m
Beef Rib Large End (Ribs 6-9) Separable Lean And Fat Trimmed To 0 Inch Fat Select Cooked Roasted,Meats,331,23.48,0,25.54,3 oz,85,m
Beef Rib Large End (Ribs 6-9) Separable Lean Only Trimmed To 0 Inch Fat All Grades Cooked Roasted,Meats,238,27.53,0,13.4,3 oz,85,m
Beef Rib Large End (Ribs 6-9) Separable Lean Only Trimmed To 0 Inch Fat Choice Cooked Roasted,Meats,253,27.53,0,15,3 oz,85,m
Beef Rib Small End (Ribs 10-12) Separable Lean Only Trimmed To 0 Inch Fat All Grades Cooked Broiled,Meats,193,29.41,0,7.53,3 oz,85,m
Beef Rib Small End (Ribs 10-12) Separable Lean Only Trimmed To 0 Inch Fat Choice Cooked Broiled,Meats,225,28.04,0,11.7,3 oz,85,m
Beef Rib Small End (Ribs 10-12) Separable Lean Only Trimmed To 0 Inch Fat Select Cooked Broiled,Meats,198,28.04,0,8.7,3 oz,85,m
Braised Cube Steak,Meats,223,33.56,0,8.86,3 oz,85,m
Beef Round Bottom Round Roast Separable Lean And Fat Trimmed To 0 Inch Fat Select Cooked Roasted,Meats,175,28.08,0,6.06,3 oz,85,m
Beef Round Bottom Round Steak Separable Lean Only Trimmed To 0 Inch Fat All Grades Cooked Braised,Meats,214,34,0,7.67,3 oz,85,m
Beef Round Bottom Round Roast Separable Lean Only Trimmed To 0 Inch Fat All Grades Cooked Roasted,Meats,177,27.76,0,6.48,3 oz,85,m
Beef Round Bottom Round Steak Separable Lean Only Trimmed To 0 Inch Fat Choice Cooked Braised,Meats,223,33.08,0,9.03,3 oz,85,m
Beef Round Bottom Round Roast Separable Lean Only Trimmed To 0 Inch Fat Choice Cooked Roasted,Meats,185,27.23,0,7.63,3 oz,85,m
Beef Round Eye Of Round Roast Boneless Separable Lean And Fat Trimmed To 0 Inch Fat Select Cooked Roasted,Meats,162,29.45,0,3.97,3 oz,85,m
Beef Round Eye Of Round Roast Boneless Separable Lean Only Trimmed To 0 Inch Fat All Grades Cooked Roasted,Meats,163,29.85,0,3.9,3 oz,85,m
Beef Round Eye Of Round Roast Boneless Separable Lean Only Trimmed To 0 Inch Fat Choice Cooked Roasted,Meats,166,29.94,0,4.26,3 oz,85,m
Beef Round Eye Of Round Roast Boneless Separable Lean Only Trimmed To 0 Inch Fat Select Cooked Roasted,Meats,157,29.52,0,3.43,3 oz,85,m
Beef Round Tip Round Roast Separable Lean Only Trimmed To 0 Inch Fat Choice Cooked Roasted,Meats,176,27.68,0,6.42,3 oz,85,m
Beef Round Tip Round Roast Separable Lean Only Trimmed To 0 Inch Fat Select Cooked Roasted,Meats,149,27.37,0,4.38,3 oz,85,m
Beef Round Top Round Separable Lean And Fat Trimmed To 0 Inch Fat All Grades Cooked Braised,Meats,209,35.62,0,6.31,3 oz,85,m
Beef Round Top Round Separable Lean And Fat Trimmed To 0 Inch Fat Choice Cooked Braised,Meats,216,35.62,0,7.09,3 oz,85,m
Beef Loin Tenderloin Steak Boneless Separable Lean And Fat Trimmed To 0 Inch Fat Select Cooked Grilled,Meats,202,30.93,0,7.7,3 oz,85,m
Grilled Beef Tenderloin Steak,Meats,198,30.7,0,8.32,3 oz,85,m
Beef Loin Tenderloin Steak Boneless Separable Lean Only Trimmed To 0 Inch Fat Choice Cooked Grilled,Meats,211,30.45,0,9.03,3 oz,85,m
Beef Loin Tenderloin Steak Boneless Separable Lean Only Trimmed To 0 Inch Fat Select Cooked Grilled,Meats,198,31.09,0,7.25,3 oz,85,m
Beef Chuck Short Ribs Boneless Separable Lean Only Trimmed To 0 Inch Fat Choice Raw,Meats,175,19.38,0.29,10.7,3 oz,85,m
Beef Chuck Short Ribs Boneless Separable Lean Only Trimmed To 0 Inch Fat All Grades Raw,Meats,169,19.68,0.05,10.02,3 oz,85,m
Beef Chuck Eye Country-Style Ribs Boneless Separable Lean Only Trimmed To 0 Inch Fat Choice Cooked Braised,Meats,234,30.95,0,12.22,3 oz,85,m
Beef Chuck Eye Country-Style Ribs Boneless Separable Lean Only Trimmed To 0 Inch Fat Select Cooked Braised,Meats,221,32.1,0,10.24,3 oz,85,m
Beef Chuck Eye Country-Style Ribs Boneless Separable Lean Only Trimmed To 0 Inch Fat All Grades Cooked Braised,Meats,228,31.41,0,11.43,3 oz,85,m
Beef Chuck Eye Country-Style Ribs Boneless Separable Lean Only Trimmed To 0 Inch Fat Choice Raw,Meats,152,20.87,0,7.67,3 oz,85,m
Beef Chuck Eye Steak Boneless Separable Lean Only Trimmed To 0 Inch Fat All Grades Cooked Grilled,Meats,209,27.94,0,10.79,3 oz,85,m
Beef Chuck Eye Steak Boneless Separable Lean Only Trimmed To 0 Inch Fat Choice Raw,Meats,160,21.31,0,8.29,3 oz,85,m
Beef Chuck Eye Steak Boneless Separable Lean Only Trimmed To 0 Inch Fat Select Raw,Meats,143,21.28,0,6.47,3 oz,85,m
Beef Chuck Eye Steak Boneless Separable Lean Only Trimmed To 0 Inch Fat All Grades Raw,Meats,153,21.29,0,7.56,3 oz,85,m
Beef Chuck Mock Tender Steak Boneless Separable Lean Only Trimmed To 0 Inch Fat Select Cooked Braised,Meats,181,32.96,0,5.44,1 steak,141,m
Chuck Steak (Mock Tender),Meats,190,33.31,0,6.34,1 steak,141,m
Beef Chuck Mock Tender Steak Boneless Separable Lean Only Trimmed To 0 Inch Fat Choice Raw,Meats,127,21.36,0,4.6,3 oz,85,m
Beef Chuck Mock Tender Steak Boneless Separable Lean Only Trimmed To 0 Inch Fat Select Raw,Meats,117,21.22,0,3.53,3 oz,85,m
Beef Chuck For Stew Separable Lean And Fat Select Raw,Meats,124,21.9,0.21,3.99,3 oz,85,m
Beef Chuck For Stew Separable Lean And Fat Choice Raw,Meats,130,21.64,0.12,4.81,3 oz,85,m
Beef Chuck Under Blade Steak Boneless Separable Lean Only Trimmed To 0 Inch Fat Choice Cooked Braised,Meats,222,30.91,0,10.91,3 oz,85,m
Beef Chuck Under Blade Steak Boneless Separable Lean Only Trimmed To 0 Inch Fat Select Cooked Braised,Meats,215,32.01,0,9.66,3 oz,85,m
Beef Chuck Under Blade Pot Roast Or Steak Boneless Separable Lean And Fat Trimmed To 0 Inch Fat All Grades Raw,Meats,196,19.17,0,13.26,3 oz,85,m
Beef Chuck Under Blade Pot Roast Or Steak Boneless Separable Lean And Fat Trimmed To 0 Inch Fat Choice Raw,Meats,202,19.15,0,13.93,3 oz,85,m
Beef Chuck Under Blade Pot Roast Or Steak Boneless Separable Lean And Fat Trimmed To 0 Inch Fat Select Raw,Meats,187,19.2,0,12.27,3 oz,85,m
Beef Chuck Under Blade Center Steak Boneless Denver Cut Separable Lean And Fat Trimmed To 0 Inch Fat All Grades Cooked Grilled,Meats,227,26.18,0.21,13.54,3 oz,85,m
Beef Chuck Under Blade Center Steak Boneless Denver Cut Separable Lean And Fat Trimmed To 0 Inch Fat Select Raw,Meats,172,19.2,0.09,10.5,3 oz,85,m
Beef Shoulder Pot Roast Or Steak Boneless Separable Lean And Fat Trimmed To 0 Inch Fat Choice Raw,Meats,133,21.17,0.07,5.33,3 oz,85,m
Beef Shoulder Pot Roast Or Steak Boneless Separable Lean And Fat Trimmed To 0 Inch Fat Select Raw,Meats,127,21.72,0,4.44,3 oz,85,m
Beef Chuck Eye Roast Boneless Americas Beef Roast Separable Lean And Fat Trimmed To 0 Inch Fat All Grades Cooked Roasted,Meats,236,24.63,0,15.29,3 oz,85,m
Beef Chuck Mock Tender Steak Boneless Separable Lean And Fat Trimmed To 0 Inch Fat All Grades Cooked Braised,Meats,220,32.07,0,10.18,1 steak,141,m
Beef Chuck Mock Tender Steak Boneless Separable Lean And Fat Trimmed To 0 Inch Fat Choice Cooked Braised,Meats,225,32.21,0,10.74,1 steak,141,m
Beef Chuck Mock Tender Steak Boneless Separable Lean And Fat Trimmed To 0 Inch Fat Select Cooked Braised,Meats,211,31.86,0,9.34,1 steak,141,m
Beef Chuck Mock Tender Steak Boneless Separable Lean And Fat Trimmed To 0 Inch Fat All Grades Raw,Meats,128,21.13,0,4.79,3 oz,85,m
Beef Chuck Short Ribs Boneless Separable Lean And Fat Trimmed To 0 Inch Fat Select Cooked Braised,Meats,287,25.81,0,20.38,3 oz,85,m
Beef Chuck Short Ribs Boneless Separable Lean And Fat Trimmed To 0 Inch Fat All Grades Raw,Meats,235,17.48,0,18.33,3 oz,85,m
Beef Chuck Short Ribs Boneless Separable Lean And Fat Trimmed To 0 Inch Fat Choice Raw,Meats,240,17.22,0,19.03,3 oz,85,m
Beef Chuck Short Ribs Boneless Separable Lean And Fat Trimmed To 0 Inch Fat Select Raw,Meats,227,17.87,0,17.28,3 oz,85,m
Beef Chuck Eye Country-Style Ribs Boneless Separable Lean And Fat Trimmed To 0 Inch Fat Choice Cooked Braised,Meats,303,27.16,0,21.56,3 oz,85,m
Beef Chuck Eye Country-Style Ribs Boneless Separable Lean And Fat Trimmed To 0 Inch Fat Select Cooked Braised,Meats,285,28.47,0,19.03,3 oz,85,m
Beef Chuck Eye Country-Style Ribs Boneless Separable Lean And Fat Trimmed To 0 Inch Fat All Grades Raw,Meats,205,18.97,0,14.32,3 oz,85,m
Beef Chuck Eye Country-Style Ribs Boneless Separable Lean And Fat Trimmed To 0 Inch Fat Choice Raw,Meats,210,18.87,0,14.99,3 oz,85,m
Beef Chuck Eye Country-Style Ribs Boneless Separable Lean And Fat Trimmed To 0 Inch Fat Select Raw,Meats,196,19.1,0,13.33,3 oz,85,m
Beef Chuck Eye Steak Boneless Separable Lean And Fat Trimmed To 0 Inch Fat Choice Raw,Meats,227,18.86,0,16.85,3 oz,85,m
Beef Chuck Eye Steak Boneless Separable Lean And Fat Trimmed To 0 Inch Fat Select Raw,Meats,216,18.86,0,15.6,3 oz,85,m
Beef Rib Eye Roast Bone-In Lip-On Separable Lean Only Trimmed To 1/8 Inch Fat All Grades Cooked Roasted,Meats,231,27.12,0,13.64,3 oz,85,m
Beef Rib Eye Roast Bone-In Lip-On Separable Lean Only Trimmed To 1/8 Inch Fat Select Cooked Roasted,Meats,219,27.03,0,12.29,3 oz,85,m
Beef Rib Eye Steak/roast Bone-In Lip-On Separable Lean Only Trimmed To 1/8 Inch Fat Select Raw,Meats,155,21.65,0,7.64,3 oz,85,m
Beef Rib Eye Steak/roast Boneless Lip-On Separable Lean Only Trimmed To 1/8 Inch Fat All Grades Raw,Meats,156,21.99,0,7.54,3 oz,85,m
Beef Rib Eye Steak/roast Boneless Lip-On Separable Lean Only Trimmed To 1/8 Inch Fat Choice Raw,Meats,161,21.62,0,8.29,3 oz,85,m
Beef Rib Eye Steak/roast Boneless Lip-On Separable Lean Only Trimmed To 1/8 Inch Fat Select Raw,Meats,148,22.55,0,6.41,3 oz,85,m
Beef Rib Eye Roast Boneless Lip-On Separable Lean Only Trimmed To 1/8 Inch Fat Choice Cooked Roasted,Meats,229,27.87,0,13.01,3 oz,85,m
Chicken Broilers Or Fryers Meat And Skin And Giblets And Neck Raw,Meats,213,18.33,0.13,14.83,3 oz,85,m
Chicken Broilers Or Fryers Meat And Skin And Giblets And Neck Cooked Fried Batter,Meats,291,22.84,9.03,17.53,3 oz,85,m
Chicken Broilers Or Fryers Meat And Skin And Giblets And Neck Cooked Fried Flour,Meats,272,28.57,3.27,15.27,3 oz,85,m
Chicken Broilers Or Fryers Meat And Skin And Giblets And Neck Roasted,Meats,234,26.78,0.06,13.27,3 oz,85,m
Chicken Broilers Or Fryers Meat And Skin Cooked Stewed,Meats,219,24.68,0,12.56,1 cup/ chopped or diced,140,m
Chicken Broilers Or Fryers Meat Only Raw,Meats,119,21.39,0,3.08,3 oz,85,m
Chicken Broilers Or Fryers Meat Only Cooked Fried,Meats,219,30.57,1.69,9.12,1 cup/ chopped or diced,140,m
Chicken Broilers Or Fryers Meat Only Roasted,Meats,190,28.93,0,7.41,1 cup/ chopped or diced,140,m
Chicken Broilers Or Fryers Skin Only Cooked Roasted,Meats,454,20.36,0,40.68,1 unit (yield from 1 lb ready-to-cook chicken),34,m
Chicken Broilers Or Fryers Skin Only Cooked Stewed,Meats,363,15.22,0,33.04,1 unit (yield from 1 lb ready-to-cook chicken),44,m
Chicken Broilers Or Fryers Giblets Raw,Meats,124,17.88,1.8,4.47,1 unit (yield from 1 lb ready-to-cook chicken),23,m
Chicken Broilers Or Fryers Giblets Cooked Fried,Meats,277,32.54,4.35,13.46,1 cup/ chopped or diced,145,m
Chicken Heart All Classes Cooked Simmered,Meats,185,26.41,0.1,7.92,1 cup/ chopped or diced,145,m
Chicken Liver All Classes Raw,Meats,119,16.92,0.73,4.83,1 liver,44,m
Chicken Liver All Classes Cooked Simmered,Meats,167,24.46,0.87,6.51,1 liver,44,m
Chicken Broilers Or Fryers Light Meat Meat And Skin Raw,Meats,186,20.27,0,11.07,1 unit (yield from 1 lb ready-to-cook chicken),116,m
Chicken Broilers Or Fryers Dark Meat Meat And Skin Cooked Fried Batter,Meats,298,21.85,9.38,18.64,3 oz,85,m
Chicken Broilers Or Fryers Dark Meat Meat And Skin Cooked Fried Flour,Meats,285,27.22,4.08,16.91,1 unit (yield from 1 lb ready-to-cook chicken),110,m
Chicken Broilers Or Fryers Dark Meat Meat And Skin Cooked Roasted,Meats,253,25.97,0,15.78,1 unit (yield from 1 lb ready-to-cook chicken),101,m
Chicken Broilers Or Fryers Dark Meat Meat And Skin Cooked Stewed,Meats,233,23.5,0,14.66,1 unit (yield from 1 lb ready-to-cook chicken),110,m
Chicken Broilers Or Fryers Dark Meat Meat Only Raw,Meats,125,20.08,0,4.31,1 unit (yield from 1 lb ready-to-cook chicken),109,m
Chicken Broilers Or Fryers Dark Meat Meat Only Cooked Fried,Meats,239,28.99,2.59,11.62,1 cup,140,m
Chicken Broilers Or Fryers Dark Meat Meat Only Cooked Roasted,Meats,205,27.37,0,9.73,1 cup/ chopped or diced,140,m
Chicken Broilers Or Fryers Dark Meat Meat Only Cooked Stewed,Meats,192,25.97,0,8.98,1 cup/ chopped or diced,140,m
Chicken Broilers Or Fryers Back Meat And Skin Cooked Roasted,Meats,300,25.95,0,20.97,1 unit (yield from 1 lb ready-to-cook chicken),32,m
Chicken Broilers Or Fryers Back Meat And Skin Cooked Stewed,Meats,258,22.18,0,18.14,3 oz,85,m
Chicken Broilers Or Fryers Back Meat Only Raw,Meats,137,19.56,0,5.92,1 unit (yield from 1 lb ready-to-cook chicken),31,m
Chicken Broilers Or Fryers Back Meat Only Cooked Fried,Meats,288,29.99,5.68,15.32,1 unit (yield from 1 lb ready-to-cook chicken),35,m
Chicken Broilers Or Fryers Breast Meat And Skin Cooked Roasted,Meats,197,29.8,0,7.78,1 cup/ chopped or diced,140,m
Chicken Broilers Or Fryers Breast Meat And Skin Cooked Stewed,Meats,184,27.39,0,7.42,1 cup/ chopped or diced,140,m
Raw Chicken Breast,Meats,120,22.5,0,2.62,3 oz,85,m
Chicken Broilers Or Fryers Breast Meat Only Cooked Fried,Meats,187,33.44,0.51,4.71,1 unit (yield from 1 lb ready-to-cook chicken),52,m
Squab (Pigeon) Meat Only Raw,Meats,142,17.5,0,7.5,1 unit (yield from 1 lb ready-to-cook squab),251,m
Squab (Pigeon) Light Meat Without Skin Raw,Meats,134,21.76,0,4.52,1 breast/ bone removed,101,m
Turkey Whole Meat And Skin Raw,Meats,144,21.64,0.14,5.64,3 oz,85,m
Turkey Skin From Whole (Light And Dark) Roasted,Meats,459,23.94,0.57,39.31,1 serving,85,m
Turkey Whole Giblets Raw,Meats,124,18.18,0.07,5.09,3 oz,85,m
Turkey Whole Giblets Cooked Simmered,Meats,173,26.44,0,6.61,1 giblets,95,m
Turkey Gizzard All Classes Raw,Meats,111,18.8,0,3.37,1 raw gizzard,63,m
Turkey From Whole Neck Meat Only Raw,Meats,125,16.51,0,6.04,1 oz,28.4,m
Turkey From Whole Neck Meat Only Cooked Simmered,Meats,162,22.48,0,7.36,1 serving,85,m
Turkey From Whole Light Meat Meat And Skin Raw,Meats,161,21.96,0.15,7.43,3 oz,85,m
Turkey From Whole Light Meat Meat And Skin Cooked Roasted,Meats,177,29.55,0.05,5.57,1 serving,85,m
Turkey From Whole Dark Meat Meat Only Raw,Meats,108,21.28,0.15,2.5,1 serving,85,m
Roast Turkey Dark Meat,Meats,173,27.71,0,6.04,1 serving,85,m
Turkey All Classes Back Meat And Skin Cooked Roasted,Meats,244,26.59,0.16,14.38,1 cup/ chopped or diced,140,m
Turkey All Classes Breast Meat And Skin Raw,Meats,157,21.89,0,7.02,1 unit (yield from 1 lb ready-to-cook turkey),146,m
Turkey All Classes Wing Meat And Skin Cooked Roasted,Meats,229,27.38,0,12.43,1 unit (yield from 1 lb ready-to-cook turkey),24,m
Turkey Fryer-Roasters Meat And Skin Cooked Roasted,Meats,172,28.26,0,5.72,3 oz,85,m
Turkey Back From Whole Bird Meat Only Raw,Meats,113,21.28,0.15,2.5,4 oz,114,m
Turkey Back From Whole Bird Meat Only Roasted,Meats,173,27.71,0,6.04,3 oz,85,m
Turkey Breast From Whole Bird Meat Only Raw,Meats,114,23.66,0.14,1.48,4 oz,114,m
Chicken Canned Meat Only With Broth,Meats,165,21.77,0,7.95,1 can (5 oz),142,m
Pate De Foie Gras Canned (Goose Liver Pate) Smoked,Meats,462,11.4,4.67,43.84,1 tbsp,13,m
Turkey Canned Meat Only With Broth,Meats,169,23.68,1.47,6.86,1 cup/ drained,135,m
Turkey Diced Light And Dark Meat Seasoned,Meats,138,18.7,1,6,1 oz,28.4,m
Turkey Sticks Breaded Battered Fried,Meats,279,14.2,17,16.9,1 stick (2.25 oz),64,m
Poultry Mechanically Deboned From Backs And Necks With Skin Raw,Meats,272,11.39,0,24.73,1/2 lb,227,m
Poultry Mechanically Deboned From Backs And Necks Without Skin Raw,Meats,199,13.79,0,15.48,1/2 lb,227,m
Poultry Mechanically Deboned From Mature Hens Raw,Meats,243,14.72,0,19.98,1/2 lb,227,m
Chicken Cornish Game Hens Meat And Skin Cooked Roasted,Meats,259,22.27,0,18.21,3 oz,85,m
Chicken Cornish Game Hens Meat Only Raw,Meats,116,20.04,0,3.33,3 oz,85,m
Chicken Cornish Game Hens Meat Only Cooked Roasted,Meats,134,23.3,0,3.87,3 oz,85,m
Chicken Canned No Broth,Meats,185,25.3,0.9,8.1,1 oz,28,m
Chicken Wing Frozen Glazed Barbecue Flavored,Meats,211,19.67,3.34,12.67,1 piece,29,m
Duck Young Duckling Domesticated White Pekin Leg Meat And Skin Bone In Cooked Roasted,Meats,217,26.75,0,11.4,1 leg/ bone removed (yield after cooking),92,m
Duck Young Duckling Domesticated White Pekin Leg Meat Only Bone In Cooked Without Skin Braised,Meats,178,29.1,0,5.96,3 oz,85,m
Chicken Broiler Rotisserie BBQ Drumstick Meat Only,Meats,172,27.71,0,6.76,1 drumstick,71,m
Chicken Wing Frozen Glazed Barbecue Flavored Heated (Conventional Oven),Meats,242,22.24,3.36,14.87,1 serving,96,m
Chicken Ground Raw,Meats,143,17.44,0.04,8.1,4 oz crumbled,112,m
Chicken Ground Crumbles Cooked Pan-Browned,Meats,189,23.28,0,10.92,3 oz crumbled,85,m
Chicken Broiler Rotisserie BBQ Thigh Meat Only,Meats,193,24.09,0,10.74,1 thigh,95,m
Chicken Feet Boiled,Meats,215,19.4,0.2,14.6,1 oz,28.4,m
Chicken Broilers Or Fryers Thigh Meat Only Cooked Rotisserie Original Seasoning,Meats,196,24.06,0,11.09,1 thigh,89,m
Chicken Broilers Or Fryers Wing Meat Only Cooked Rotisserie Original Seasoning,Meats,197,27.69,0,9.53,1 wing,53,m
Chicken Broilers Or Fryers Back Meat And Skin Cooked Rotisserie Original Seasoning,Meats,260,23.23,0.03,18.59,1 back,102,m
Chicken Broilers Or Fryers Breast Meat And Skin Cooked Rotisserie Original Seasoning,Meats,184,27.48,0.02,8.18,1 serving (3 oz),85,m
Chicken Broiler Rotisserie BBQ Back Meat And Skin,Meats,251,20.29,0.4,18.86,3 oz,85,m
Chicken Broiler Rotisserie BBQ Breast Meat And Skin,Meats,175,26.37,0.09,7.67,3 oz,85,m
Chicken Broiler Rotisserie BBQ Drumstick Meat And Skin,Meats,206,25.65,0.12,11.46,1 drumstick,71,m
Chicken Broiler Rotisserie BBQ Thigh Meat And Skin,Meats,226,22.51,0.12,15.08,1 thigh,95,m
Turkey Drumstick From Whole Bird Meat Only With Added Solution Roasted,Meats,158,26.1,0,6,3 oz,85,m
Turkey Thigh From Whole Bird Meat Only With Added Solution Raw,Meats,115,19.27,0.15,4.12,3 oz,85,m
Turkey Retail Parts Breast Meat And Skin With Added Solution Raw,Meats,144,20.79,0.03,6.75,3 oz,85,m
Turkey Thigh From Whole Bird Meat Only With Added Solution Roasted,Meats,158,26.1,0,6,3 oz,85,m
Turkey Retail Parts Wing Meat And Skin Raw,Meats,202,19.53,0.05,13.79,3 oz,85,m
Turkey Retail Parts Wing Meat And Skin Cooked Roasted,Meats,235,28.74,0.13,13.29,3 oz,85,m
Turkey Retail Parts Drumstick Meat And Skin Raw,Meats,141,19.96,0,6.84,3 oz,85,m
Turkey Retail Parts Drumstick Meat And Skin Cooked Roasted,Meats,197,28.21,0,9.37,3 oz,85,m
Turkey Drumstick From Whole Bird Meat Only Raw,Meats,109,23.66,0.14,1.48,3 oz,85,m
Turkey Retail Parts Thigh Meat And Skin Cooked Roasted,Meats,183,23.95,0.41,9.5,3 oz,85,m
Turkey Back From Whole Bird Meat And Skin With Added Solution Raw,Meats,206,16.86,0.15,15.41,4 oz,114,m
Turkey Back From Whole Bird Meat And Skin With Added Solution Roasted,Meats,205,25.8,0,11.36,3 oz,85,m
Lean Chicken Breast (Cooked),Meats,157,32.06,0,3.24,3 oz,85,m
Beef Chuck Short Ribs Boneless Separable Lean Only Trimmed To 0 Inch Fat Select Raw,Meats,161,20.14,0,8.99,3 oz,85,m
Beef Chuck Eye Country-Style Ribs Boneless Separable Lean Only Trimmed To 0 Inch Fat Select Raw,Meats,137,21.1,0,5.89,3 oz,85,m
Beef Chuck Eye Country-Style Ribs Boneless Separable Lean Only Trimmed To 0 Inch Fat All Grades Raw,Meats,146,20.96,0,6.95,3 oz,85,m
Beef Chuck Eye Steak Boneless Separable Lean Only Trimmed To 0 Inch Fat Choice Cooked Grilled,Meats,215,27.97,0,11.47,3 oz,85,m
Beef Chuck Eye Steak Boneless Separable Lean Only Trimmed To 0 Inch Fat Select Cooked Grilled,Meats,199,27.88,0,9.77,3 oz,85,m
Beef Shoulder Pot Roast Boneless Separable Lean Only Trimmed To 0 Inch Fat Choice Cooked Braised,Meats,200,31.32,0,8.3,3 oz,85,m
Beef Shoulder Pot Roast Boneless Separable Lean Only Trimmed To 0 Inch Fat Select Cooked Braised,Meats,190,31.71,0,7.02,3 oz,85,m
Beef Shoulder Pot Roast Boneless Separable Lean Only Trimmed To 0 Inch Fat All Grades Cooked Braised,Meats,196,31.48,0,7.78,3 oz,85,m
Beef Chuck Mock Tender Steak Boneless Separable Lean Only Trimmed To 0 Inch Fat Choice Cooked Braised,Meats,197,33.55,0,6.94,1 steak,141,m
Beef Chuck Mock Tender Steak Boneless Separable Lean Only Trimmed To 0 Inch Fat All Grades Raw,Meats,123,21.3,0,4.17,3 oz,85,m
Braised Beef Or Chuck Stew,Meats,191,32.41,0,6.82,3 oz,85,m
Beef Chuck For Stew Separable Lean And Fat Select Cooked Braised,Meats,186,32.29,0,6.34,3 oz,85,m
Beef Chuck For Stew Separable Lean And Fat Choice Cooked Braised,Meats,194,32.49,0,7.14,3 oz,85,m
Beef Chuck For Stew Separable Lean And Fat All Grades Raw,Meats,128,21.75,0.16,4.48,3 oz,85,m
Beef Chuck Under Blade Steak Boneless Separable Lean Only Trimmed To 0 Inch Fat All Grades Cooked Braised,Meats,219,31.35,0,10.41,3 oz,85,m
Beef Chuck Under Blade Pot Roast Boneless Separable Lean And Fat Trimmed To 0 Inch Fat All Grades Cooked Braised,Meats,291,26.7,0,20.49,3 oz,85,m
Beef Rib Eye Steak Boneless Lip-On Separable Lean Only Trimmed To 1/8 Inch Fat All Grades Cooked Grilled,Meats,207,27.97,0,10.57,3 oz,85,m
Beef Rib Eye Roast Bone-In Lip-On Separable Lean Only Trimmed To 1/8 Inch Fat Choice Cooked Roasted,Meats,240,27.18,0,14.55,3 oz,85,m
Beef Chuck Under Blade Center Steak Boneless Denver Cut Separable Lean And Fat Trimmed To 0 Inch Fat Choice Cooked Grilled,Meats,236,26.1,0.4,14.41,3 oz,85,m
Beef Chuck Under Blade Center Steak Boneless Denver Cut Separable Lean And Fat Trimmed To 0 Inch Fat Select Cooked Grilled,Meats,215,26.3,0,12.25,3 oz,85,m
Beef Chuck Under Blade Center Steak Boneless Denver Cut Separable Lean And Fat Trimmed To 0 Inch Fat All Grades Raw,Meats,182,18.99,0.36,11.64,3 oz,85,m
Beef Chuck Under Blade Center Steak Boneless Denver Cut Separable Lean And Fat Trimmed To 0 Inch Fat Choice Raw,Meats,189,18.85,0.53,12.4,3 oz,85,m
Beef Chuck Eye Roast Boneless Americas Beef Roast Separable Lean And Fat Trimmed To 0 Inch Fat Choice Cooked Roasted,Meats,241,24.47,0,15.87,3 oz,85,m
Beef Chuck Eye Roast Boneless Americas Beef Roast Separable Lean And Fat Trimmed To 0 Inch Fat Select Cooked Roasted,Meats,229,24.86,0,14.41,3 oz,85,m
Beef Chuck Under Blade Steak Boneless Separable Lean And Fat Trimmed To 0 Inch Fat All Grades Cooked Braised,Meats,275,28.23,0,18,3 oz,85,m
Beef Chuck Under Blade Steak Boneless Separable Lean And Fat Trimmed To 0 Inch Fat Choice Cooked Braised,Meats,284,27.6,0,19.3,3 oz,85,m
Beef Chuck Under Blade Steak Boneless Separable Lean And Fat Trimmed To 0 Inch Fat Select Cooked Braised,Meats,261,29.18,0,16.05,3 oz,85,m
Beef Chuck Mock Tender Steak Boneless Separable Lean And Fat Trimmed To 0 Inch Fat Choice Raw,Meats,131,21.19,0,5.18,3 oz,85,m
Beef Chuck Mock Tender Steak Boneless Separable Lean And Fat Trimmed To 0 Inch Fat Select Raw,Meats,122,21.05,0,4.2,3 oz,85,m
Beef Chuck Short Ribs Boneless Separable Lean And Fat Trimmed To 0 Inch Fat All Grades Cooked Braised,Meats,305,25.48,0,22.58,3 oz,85,m
Beef Chuck Short Ribs Boneless Separable Lean And Fat Trimmed To 0 Inch Fat Choice Cooked Braised,Meats,317,25.26,0,24.05,3 oz,85,m
Beef Shoulder Pot Roast Boneless Separable Lean And Fat Trimmed To 0 Inch Fat All Grades Cooked Braised,Meats,204,31.03,0,8.92,3 oz,85,m
Beef Shoulder Pot Roast Boneless Separable Lean And Fat Trimmed To 0 Inch Fat Choice Cooked Braised,Meats,207,30.93,0,9.25,3 oz,85,m
Beef Shoulder Pot Roast Boneless Separable Lean And Fat Trimmed To 0 Inch Fat Select Cooked Braised,Meats,200,31.18,0,8.41,3 oz,85,m
Beef Chuck Eye Country-Style Ribs Boneless Separable Lean And Fat Trimmed To 0 Inch Fat All Grades Cooked Braised,Meats,296,27.69,0,20.55,3 oz,85,m
Beef Chuck Eye Steak Boneless Separable Lean And Fat Trimmed To 0 Inch Fat All Grades Cooked Grilled,Meats,277,24.98,0,19.64,3 oz,85,m
Beef Chuck Eye Steak Boneless Separable Lean And Fat Trimmed To 0 Inch Fat Choice Cooked Grilled,Meats,283,24.95,0,20.35,3 oz,85,m
Beef Chuck Eye Steak Boneless Separable Lean And Fat Trimmed To 0 Inch Fat Select Cooked Grilled,Meats,267,25.03,0,18.57,3 oz,85,m
Beef Chuck Eye Steak Boneless Separable Lean And Fat Trimmed To 0 Inch Fat All Grades Raw,Meats,223,18.86,0,16.35,3 oz,85,m
Beef Rib Eye Steak Boneless Lip-On Separable Lean Only Trimmed To 1/8 Inch Fat Choice Cooked Grilled,Meats,217,27.3,0,11.97,3 oz,85,m
Beef Rib Eye Steak Boneless Lip-On Separable Lean Only Trimmed To 1/8 Inch Fat Select Cooked Grilled,Meats,192,28.98,0,8.48,3 oz,85,m
Beef Rib Eye Steak/roast Bone-In Lip-On Separable Lean Only Trimmed To 1/8 Inch Fat All Grades Raw,Meats,166,21.22,0,9.04,3 oz,85,m
Beef Rib Eye Steak/roast Bone-In Lip-On Separable Lean Only Trimmed To 1/8 Inch Fat Choice Raw,Meats,173,20.93,0,9.97,3 oz,85,m
Beef Rib Eye Steak Bone-In Lip-On Separable Lean Only Trimmed To 1/8 Inch Fat All Grades Cooked Grilled,Meats,221,27.4,0,12.43,3 oz,85,m
Beef Rib Eye Steak Bone-In Lip-On Separable Lean Only Trimmed To 1/8 Inch Fat Choice Cooked Grilled,Meats,229,27.03,0,13.44,3 oz,85,m
Beef Rib Eye Steak Bone-In Lip-On Separable Lean Only Trimmed To 1/8 Inch Fat Select Cooked Grilled,Meats,210,27.96,0,10.91,3 oz,85,m
Beef Rib Eye Roast Boneless Lip-On Separable Lean Only Trimmed To 1/8 Inch Fat All Grades Cooked Roasted,Meats,218,28.21,0,11.68,3 oz,85,m
Chicken Broiler Rotisserie BBQ Breast Meat Only,Meats,144,28.04,0,3.57,3 oz,85,m
Chicken Broilers Or Fryers Meat And Skin And Giblets And Neck Stewed,Meats,216,24.49,0.06,12.37,3 oz,85,m
Chicken Broilers Or Fryers Meat And Skin Raw,Meats,215,18.6,0,15.06,3 oz,85,m
Chicken Broilers Or Fryers Meat And Skin Cooked Fried Batter,Meats,289,22.54,9.42,17.35,3 oz,85,m
Chicken Broilers Or Fryers Meat And Skin Cooked Fried Flour,Meats,269,28.56,3.15,14.92,3 oz,85,m
Chicken Broilers Or Fryers Meat And Skin Cooked Roasted,Meats,239,27.3,0,13.6,1 cup/ chopped or diced,140,m
Chicken Broilers Or Fryers Meat Only Stewed,Meats,177,27.29,0,6.71,1 cup/ chopped or diced,140,m
Chicken Broilers Or Fryers Skin Only Raw,Meats,349,13.33,0,32.35,1 unit (yield from 1 lb ready-to-cook chicken),47,m
Chicken Broilers Or Fryers Skin Only Cooked Fried Batter,Meats,394,10.32,23.15,28.83,1 unit (yield from 1 lb ready-to-cook chicken),114,m
Chicken Broilers Or Fryers Skin Only Cooked Fried Flour,Meats,502,19.09,9.34,42.58,1 unit (yield from 1 lb ready-to-cook chicken),33,m
Chicken Broilers Or Fryers Giblets Cooked Simmered,Meats,157,27.15,0,4.5,1 cup chopped or dice,145,m
Chicken Gizzard All Classes Raw,Meats,94,17.66,0,2.06,1 oz,28.4,m
Chicken Gizzard All Classes Cooked Simmered,Meats,154,30.39,0,2.68,1 cup chopped or dice,145,m
Chicken Heart All Classes Raw,Meats,153,15.55,0.71,9.33,1 heart,6.1,m
Chicken Broilers Or Fryers Light Meat Meat And Skin Cooked Fried Batter,Meats,277,23.55,9.5,15.44,1 unit (yield from 1 lb ready-to-cook chicken),113,m
Chicken Broilers Or Fryers Light Meat Meat And Skin Cooked Fried Flour,Meats,246,30.45,1.82,12.09,1 unit (yield from 1 lb ready-to-cook chicken),78,m
Chicken Broilers Or Fryers Light Meat Meat And Skin Cooked Roasted,Meats,222,29.02,0,10.85,1 unit (yield from 1 lb ready-to-cook chicken),79,m
Chicken Broilers Or Fryers Light Meat Meat And Skin Cooked Stewed,Meats,201,26.14,0,9.97,1 unit (yield from 1 lb ready-to-cook chicken),90,m
Chicken Broilers Or Fryers Dark Meat Meat And Skin Raw,Meats,237,16.69,0,18.34,3 oz,85,m
Chicken Broilers Or Fryers Light Meat Meat Only Raw,Meats,114,23.2,0,1.65,1 unit (yield from 1 lb ready-to-cook chicken),88,m
Chicken Broilers Or Fryers Light Meat Meat Only Cooked Fried,Meats,192,32.82,0.42,5.54,1 cup,140,m
Chicken Broilers Or Fryers Light Meat Meat Only Cooked Roasted,Meats,173,30.91,0,4.51,1 cup/ chopped or diced,140,m
Chicken Broilers Or Fryers Light Meat Meat Only Cooked Stewed,Meats,159,28.88,0,3.99,1 cup/ chopped or diced,140,m
Chicken Broilers Or Fryers Separable Fat Raw,Meats,629,3.73,0,67.95,1 tbsp,12.8,m
Chicken Broilers Or Fryers Back Meat And Skin Raw,Meats,319,14.05,0,28.74,1 unit (yield from 1 lb ready-to-cook chicken),59,m
Chicken Broilers Or Fryers Back Meat And Skin Cooked Fried Batter,Meats,331,21.97,10.25,21.91,1 unit (yield from 1 lb ready-to-cook chicken),72,m
Chicken Broilers Or Fryers Back Meat And Skin Cooked Fried Flour,Meats,331,27.79,6.5,20.74,1 unit (yield from 1 lb ready-to-cook chicken),44,m
Chicken Broilers Or Fryers Back Meat Only Cooked Roasted,Meats,239,28.19,0,13.16,1 unit (yield from 1 lb ready-to-cook chicken),24,m
Chicken Broilers Or Fryers Back Meat Only Cooked Stewed,Meats,209,25.31,0,11.19,1 unit (yield from 1 lb ready-to-cook chicken),26,m
Chicken Broilers Or Fryers Breast Meat And Skin Raw,Meats,172,20.85,0,9.25,1/2 breast/ bone removed (yield from 1 lb ready-to-cook chicken),87,m
Chicken Broilers Or Fryers Breast Meat And Skin Cooked Fried Batter,Meats,260,24.84,8.99,13.2,1 unit (yield from 1 lb ready-to-cook chicken),84,m
Chicken Broilers Or Fryers Breast Meat And Skin Cooked Fried Flour,Meats,222,31.84,1.64,8.87,1 unit (yield from 1 lb ready-to-cook chicken),59,m
Roasted Chicken Breast,Meats,165,31.02,0,3.57,1 cup/ chopped or diced,140,m
Chicken Broilers Or Fryers Breast Meat Only Cooked Stewed,Meats,151,28.98,0,3.03,1 cup/ chopped or diced,140,m
Roasted Turkey,Meats,189,28.55,0.06,7.39,3 oz,85,m
Turkey Whole Meat Only Raw,Meats,115,22.64,0.14,1.93,3 oz,85,m
Roast Turkey (Without Skin),Meats,159,29.06,0,3.84,3 oz,85,m
Turkey Skin From Whole (Light And Dark) Raw,Meats,407,12.96,0.16,38.93,1 oz,28.4,m
Turkey Gizzard All Classes Cooked Simmered,Meats,155,26.45,0,4.64,1 gizzard cooked,45,m
Turkey Heart All Classes Raw,Meats,140,16.7,0.4,7.44,1 piece,24,m
Turkey Heart All Classes Cooked Simmered,Meats,174,24.88,0,7.52,1 heart,20,m
Turkey Liver All Classes Raw,Meats,128,18.26,0,5.5,1 raw liver,78,m
Turkey Liver All Classes Cooked Simmered,Meats,189,27,0,8.18,1 liver cooked,53,m
Turkey Dark Meat Meat And Skin Raw,Meats,166,19.81,0.15,8.97,1 oz,28.4,m
Turkey Dark Meat From Whole Meat And Skin Cooked Roasted,Meats,206,27.27,0.07,9.95,1 serving,85,m
Turkey From Whole Light Meat Raw,Meats,114,23.66,0.14,1.48,1 serving,85,m
Roasted Turkey Light Meat,Meats,147,30.13,0,2.08,1 serving,85,m
Turkey All Classes Breast Meat And Skin Cooked Roasted,Meats,189,28.71,0,7.41,1 unit (yield from 1 lb ready-to-cook turkey),112,m
Turkey All Classes Leg Meat And Skin Raw,Meats,144,19.54,0,6.72,1 unit (yield from 1 lb ready-to-cook turkey),105,m
Turkey All Classes Leg Meat And Skin Cooked Roasted,Meats,208,27.87,0,9.82,1 unit (yield from 1 lb ready-to-cook turkey),71,m
Turkey All Classes Wing Meat And Skin Raw,Meats,197,20.22,0,12.32,1 unit (yield from 1 lb ready-to-cook turkey),33,m
Roasted Turkey Breast,Meats,147,30.13,0,2.08,3 oz,85,m
Turkey Wing From Whole Bird Meat Only Raw,Meats,115,23.66,0.14,1.48,3 oz,85,m
Turkey Wing From Whole Bird Meat Only Roasted,Meats,147,30.13,0,2.08,3 oz,85,m
Turkey Young Hen Skin Only Cooked Roasted,Meats,482,19.03,0,44.45,1 unit (yield from 1 lb ready-to-cook turkey),31,m
Turkey And Gravy Frozen,Meats,67,5.88,4.61,2.63,3 oz,85,m
Turkey Breast Pre-Basted Meat And Skin Cooked Roasted,Meats,126,22.16,0,3.46,3 oz,85,m
Turkey Thigh Pre-Basted Meat And Skin Cooked Roasted,Meats,157,18.8,0,8.54,3 oz,85,m
Turkey Roast Boneless Frozen Seasoned Light And Dark Meat Raw,Meats,120,17.6,6.4,2.2,3 oz,85,m
Turkey Mechanically Deboned From Turkey Frames Raw,Meats,201,13.29,0,15.96,1/2 lb,227,m
Ground Turkey Raw,Meats,148,19.66,0,7.66,1 lb,453.6,m
Ground Turkey Cooked,Meats,203,27.37,0,10.4,1 patty (4 oz/ raw) (yield after cooking),82,m
Chicken Cornish Game Hens Meat And Skin Raw,Meats,200,17.15,0,14.02,3 oz,85,m
Chicken Wing Frozen Glazed Barbecue Flavored Heated (Microwave),Meats,248,25.34,3.84,13.9,1 serving,74,m
Chicken Broilers Or Fryers Breast Skinless Boneless Meat Only With Added Solution Raw,Meats,108,20.32,0,3,3 oz,85,m
Duck Young Duckling Domesticated White Pekin Breast Meat And Skin Boneless Cooked Roasted,Meats,202,24.5,0,10.85,1 unit (yield from 1 lb ready-to-cook duck),56,m
Duck Young Duckling Domesticated White Pekin Breast Meat Only Boneless Cooked Without Skin Broiled,Meats,140,27.6,0,2.5,3 oz,85,m
Chicken Patty Frozen Uncooked,Meats,292,14.33,13.61,20.04,1 patty,60,m
Chicken Patty Frozen Cooked,Meats,287,14.85,12.84,19.58,1 patty,60,m
Chicken Breast Tenders Breaded Cooked Microwaved,Meats,252,16.35,17.56,12.89,1 piece,15,m
Chicken Breast Tenders Breaded Uncooked,Meats,263,14.73,15.01,15.75,1 piece,15,m
Chicken Broiler Rotisserie BBQ Wing Meat Only,Meats,186,28.34,0.54,7.79,1 wing,51,m
Chicken Broilers Or Fryers Back Meat Only Cooked Rotisserie Original Seasoning,Meats,205,25.34,0,11.54,1 serving (3 oz),85,m
Chicken Broilers Or Fryers Breast Meat Only Cooked Rotisserie Original Seasoning,Meats,137,28,0,2.79,3 oz,85,m
Chicken Broilers Or Fryers Drumstick Meat Only Cooked Rotisserie Original Seasoning,Meats,176,28.74,0,6.81,1 drumstick,53,m
Chicken Broilers Or Fryers Skin Only Cooked Rotisserie Original Seasoning,Meats,406,17.66,0.11,37.24,1 oz,28.4,m
Chicken Broilers Or Fryers Drumstick Meat And Skin Cooked Rotisserie Original Seasoning,Meats,215,26.86,0.02,11.98,1 drumstick,53,m
Chicken Broilers Or Fryers Thigh Meat And Skin Cooked Rotisserie Original Seasoning,Meats,233,22.93,0.02,15.7,1 thigh,89,m
Chicken Broilers Or Fryers Wing Meat And Skin Cooked Rotisserie Original Seasoning,Meats,266,24.34,0.04,18.77,1 wing,53,m
Chicken Broiler Rotisserie BBQ Skin,Meats,378,15.19,0.7,35.15,1 serving,85,m
Turkey Drumstick From Whole Bird Meat Only With Added Solution Raw,Meats,115,19.27,0.15,4.12,4 oz,114,m
Turkey Wing From Whole Bird Meat Only With Added Solution Raw,Meats,102,21.54,0.14,1.66,3 oz,85,m
Turkey Wing From Whole Bird Meat Only With Added Solution Roasted,Meats,127,26.97,0,2.08,3 oz,85,m
Turkey Retail Parts Breast Meat And Skin Raw,Meats,155,21.88,0,7.45,3 oz,85,m
Turkey Retail Parts Breast Meat And Skin Cooked Roasted,Meats,164,29.01,0.05,5.33,3 oz,85,m
Roasted Turkey Drumstick,Meats,139,30.13,0,2.08,3 oz,85,m
Turkey Thigh From Whole Bird Meat Only Raw,Meats,108,21.28,0.15,2.5,3 oz,85,m
Roasted Turkey Thigh,Meats,165,27.71,0,6.04,3 oz,85,m
Turkey Retail Parts Thigh Meat And Skin Raw,Meats,161,19.54,0,9.16,3 oz,85,m
Chicken Broiler Or Fryers Breast Skinless Boneless Meat Only Cooked Grilled,Meats,151,30.54,0,3.17,3 oz,85,m
Chicken Broiler Or Fryers Breast Skinless Boneless Meat Only With Added Solution Cooked Braised,Meats,145,28.24,0,3.61,3 oz,85,m
Chicken Broiler Or Fryers Breast Skinless Boneless Meat Only With Added Solution Cooked Grilled,Meats,148,29.5,0,3.39,3 oz,85,m
Barbecue Loaf Pork Beef,Meats,173,15.84,6.4,8.9,1 oz,28.4,m
Pork Beerwurst,Meats,238,14.24,2.06,18.8,1 slice (4 inch dia x 1/8 inch thick),23,m
Berliner Sausage,Meats,230,15.27,2.59,17.2,1 slice,23,m
Blood Sausage,Meats,379,14.6,1.29,34.5,4 slices,100,m
Bockwurst Pork Veal Raw,Meats,301,14.03,2.95,25.87,1 sausage,91,m
Pork Bratwurst,Meats,333,13.72,2.85,29.18,1 link cooked,85,m
Braunschweiger Pork Liver Sausage,Meats,327,14.5,3.1,28.5,1 oz,28.4,m
Brotwurst Pork Beef Link,Meats,323,14.3,2.98,27.8,1 link,70,m
Cheesefurter Cheese Smokie Pork Beef,Meats,328,14.1,1.51,29,2 (1/3) links,100,m
Chicken Hotdog,Meats,223,15.51,2.74,16.19,3 oz,85,m
Turkey Hotdog,Meats,223,12.23,3.81,17.29,1 oz,28.4,m
Canned Ham,Meats,239,16.06,0.26,18.83,1 oz,28.4,m
Ham Chopped Not Canned,Meats,221,16.5,0,16.7,1 slice (1 oz) (4 inch x 4 inch x 3/32 inch thick),28,m
Ham And Cheese Loaf Or Roll,Meats,241,13.6,4,18.7,1 slice (1 oz) (4 inch x 4 inch x 3/32 inch thick),28,m
Ham And Cheese Spread,Meats,245,16.18,2.28,18.53,1 tbsp,15,m
Headcheese Pork,Meats,157,13.83,0,10.9,1 slice (1 oz) (4 inch x 4 inch x 3/32 inch thick),28,m
Sausage Italian Pork Raw,Meats,290,13.9,2.97,24.26,1 link/ 4/lb,113,m
Pork And Turkey Sausage Pre-Cooked,Meats,342,12.05,3.63,30.64,1 serving,57,m
Frankfurter Meat And Poultry Cooked Boiled,Meats,298,10.31,4.96,26.28,1 frankfurter,50,m
Frankfurter Meat And Poultry Cooked Grilled,Meats,302,10.67,5.24,26.43,1 frankfurter,48,m
Pork Sausage Link/patty Reduced Fat Unprepared,Meats,217,16.75,0.2,16.55,3 oz,85,m
Pork Sausage Link/patty Reduced Fat Cooked Pan-Fried,Meats,267,20.94,0.15,20.32,3 oz,85,m
Bologna Meat And Poultry,Meats,281,10.34,6.31,23.77,1 slice,33,m
Meatballs Frozen Italian Style,Meats,286,14.4,8.06,22.21,3 oz,85,m
Turkey Bacon Microwaved,Meats,368,29.5,4.24,25.87,1 slice,8.1,m
Bacon Turkey Low Sodium,Meats,253,13.33,4.8,20,1 serving,15,m
Beef Australian Imported Grass-Fed  External Fat Raw,Meats,509,11.32,0.39,51.36,1 oz,28.4,m
Beef Australian Imported Grass-Fed Seam Fat Raw,Meats,562,9.58,1.06,57.73,1 oz,28.4,m
Beef Australian Imported Wagyu External Fat Aust. Marble Score 4/5 Raw,Meats,596,6.54,0,63.27,1 oz,28.4,m
Beef Australian Imported Wagyu Seam Fat Aust. Marble Score 4/5 Raw,Meats,594,6,0,63.3,1 oz,28.4,m
Beef Australian Imported Wagyu Loin Tenderloin Steak/roast Boneless Separable Lean And Fat Aust. Marble Score 4/5 Raw,Meats,206,19.71,0,14.09,4 oz,114,m
Beef Australian Imported Grass-Fed Loin Top Loin Steak/roast Boneless Separable Lean And Fat Raw,Meats,199,19.9,0.11,13.17,4 oz,114,m
Beef Australian Imported Grass-Fed Loin Top Sirloin Cap-Off Steak/roast Boneless Separable Lean Only Raw,Meats,122,21.9,0,3.87,4 oz,114,m
Beef Australian Imported Grass-Fed Rib Ribeye Steak/roast Lip-On Boneless Separable Lean Only Raw,Meats,160,21.47,0,8.2,4 oz,114,m
Beef Australian Imported Wagyu Loin Top Loin Steak/roast Boneless Separable Lean Only Aust. Marble Score 9 Raw,Meats,331,16.92,0.13,29.15,4 oz,114,m
Beef Australian Imported Wagyu Rib Small End Rib Steak/roast Boneless Separable Lean Only Aust. Marble Score 4/5 Raw,Meats,234,20.35,0,16.93,4 oz,114,m
Beef Australian Imported Wagyu Rib Small End Rib Steak/roast Boneless Separable Lean Only Aust. Marble Score 9 Raw,Meats,330,17.61,0.46,28.61,4 oz,114,m
Beef Australian Imported Grass-Fed Loin Top Sirloin Cap-Off Steak/roast Boneless Separable Lean And Fat Raw,Meats,127,21.77,0.01,4.45,4 oz,114,m
Beef Australian Imported Wagyu Rib Small End Rib Steak/roast Boneless Separable Lean And Fat Aust. Marble Score 4/5 Raw,Meats,317,17.07,0,27.64,4 oz,114,m
Beef Australian Imported Wagyu Rib Small End Rib Steak/roast Boneless Separable Lean And Fat Aust. Marble Score 9 Raw,Meats,404,14.54,0.28,38.3,4 oz,114,m
Beef Australian Imported Wagyu Loin Tenderloin Steak/roast Boneless Separable Lean And Fat Aust. Marble Score 9 Raw,Meats,248,18.5,0.58,19.11,4 oz,114,m
Beef Round Top Round Steak Boneless Separable Lean And Fat Trimmed To 0 Inch Fat All Grades Raw,Meats,124,23.49,0,3.34,3 oz,85,m
Beef Round Top Round Roast Boneless Separable Lean And Fat Trimmed To 0 Inch Fat Select Raw,Meats,121,23.44,0,3.04,3 oz,85,m
Beef Round Eye Of Round Roast Boneless Separable Lean And Fat Trimmed To 0 Inch Fat All Grades Raw,Meats,124,23.27,0,3.44,3 oz,85,m
Beef Round Eye Of Round Roast Boneless Separable Lean And Fat Trimmed To 0 Inch Fat Choice Raw,Meats,127,23.26,0,3.74,3 oz,85,m
Beef Round Eye Of Round Roast Boneless Separable Lean And Fat Trimmed To 0 Inch Fat Select Raw,Meats,120,23.28,0,3,3 oz,85,m
Beef Loin Tenderloin Roast Boneless Separable Lean And Fat Trimmed To 0 Inch Fat Choice Raw,Meats,153,21.5,0,7.4,3 oz,85,m
Beef Loin Tenderloin Roast Boneless Separable Lean And Fat Trimmed To 0 Inch Fat Select Raw,Meats,144,21.91,0,6.21,3 oz,85,m
Beef Loin Top Loin Steak Boneless Lip Off Separable Lean And Fat Trimmed To 0 Inch Fat All Grades Raw,Meats,163,22.43,0,8.17,3 oz,85,m
Beef Loin Top Loin Steak Boneless Lip Off Separable Lean And Fat Trimmed To 0 Inch Fat Choice Raw,Meats,171,22.19,0,9.16,3 oz,85,m
Beef Loin Top Loin Steak Boneless Lip Off Separable Lean And Fat Trimmed To 0 Inch Fat Select Raw,Meats,151,22.79,0,6.67,3 oz,85,m
Beef Loin Tenderloin Roast Boneless Separable Lean And Fat Trimmed To 0 Inch Fat Choice Cooked Roasted,Meats,188,27.26,0,8.82,3 oz,85,m
Beef Loin Tenderloin Roast Boneless Separable Lean And Fat Trimmed To 0 Inch Fat Select Cooked Roasted,Meats,174,27.38,0,7.12,3 oz,85,m
Beef Round Top Round Roast Boneless Separable Lean And Fat Trimmed To 0 Inch Fat All Grades Cooked Roasted,Meats,160,29.9,0,4.49,3 oz,85,m
Beef Round Top Round Roast Boneless Separable Lean And Fat Trimmed To 0 Inch Fat Choice Cooked Roasted,Meats,163,30.08,0,4.79,3 oz,85,m
Beef Round Top Round Steak Boneless Separable Lean Only Trimmed To 0 Inch Fat All Grades Raw,Meats,121,23.59,0,2.94,3 oz,85,m
Beef Round Top Round Steak Boneless Separable Lean Only Trimmed To 0 Inch Fat Choice Raw,Meats,124,23.59,0,3.26,3 oz,85,m
Beef Round Top Round Steak Boneless Separable Lean Only Trimmed To 0 Inch Fat Select Raw,Meats,116,23.59,0,2.45,3 oz,85,m
Beef Round Top Round Roast Boneless Separable Lean Only Trimmed To 0 Inch Fat All Grades Raw,Meats,121,23.59,0,2.94,3 oz,85,m
Beef Round Eye Of Round Roast Boneless Separable Lean Only Trimmed To 0 Inch Fat Select Raw,Meats,116,23.41,0,2.52,3 oz,85,m
Beef Round Eye Of Round Steak Boneless Separable Lean Only Trimmed To 0 Inch Fat All Grades Raw,Meats,121,23.37,0,3.04,3 oz,85,m
Beef Round Eye Of Round Steak Boneless Separable Lean Only Trimmed To 0 Inch Fat Choice Raw,Meats,124,23.35,0,3.38,3 oz,85,m
Beef Round Eye Of Round Steak Boneless Separable Lean Only Trimmed To 0 Inch Fat Select Raw,Meats,116,23.41,0,2.52,3 oz,85,m
Beef Loin Tenderloin Roast Boneless Separable Lean Only Trimmed To 0 Inch Fat All Grades Raw,Meats,139,21.94,0,5.74,3 oz,85,m
Beef Loin Top Loin Steak Boneless Lip Off Separable Lean Only Trimmed To 0 Inch Fat Select Raw,Meats,135,23.3,0,4.66,3 oz,85,m
Beef Loin Tenderloin Steak Boneless Separable Lean Only Trimmed To 0 Inch Fat All Grades Raw,Meats,139,21.94,0,5.74,3 oz,85,m
Beef Loin Tenderloin Steak Boneless Separable Lean Only Trimmed To 0 Inch Fat Choice Raw,Meats,143,21.78,0,6.16,3 oz,85,m
Beef Loin Tenderloin Steak Boneless Separable Lean Only Trimmed To 0 Inch Fat Select Raw,Meats,135,22.16,0,5.1,3 oz,85,m
Beef Round Top Round Roast Boneless Separable Lean Only Trimmed To 0 Inch Fat Choice Cooked Roasted,Meats,158,30.24,0.06,4.11,3 oz,85,m
Beef Round Top Round Roast Boneless Separable Lean Only Trimmed To 0 Inch Fat Select Cooked Roasted,Meats,150,29.81,0,3.37,3 oz,85,m
Beef Round Eye Of Round Steak Boneless Separable Lean Only Trimmed To 0 Inch Fat All Grades Cooked Grilled,Meats,155,29.85,0,3.9,3 oz,85,m
Beef Round Eye Of Round Steak Boneless Separable Lean Only Trimmed To 0 Inch Fat Choice Cooked Grilled,Meats,158,29.94,0,4.26,3 oz,85,m
Beef Loin Top Loin Steak Boneless Lip-On Separable Lean And Fat Trimmed To 1/8 Inch Fat Select Raw,Meats,191,21.54,0,11.65,3 oz,85,m
Beef Loin Top Loin Steak Boneless Lip-On Separable Lean And Fat Trimmed To 1/8 Inch Fat All Grades Raw,Meats,199,21.29,0,12.68,3 oz,85,m
Beef Composite Of Trimmed Retail Cuts Separable Lean Only Trimmed To 0 Inch Fat Select Raw,Meats,133,22.03,0,4.99,4 oz,114,m
Beef Composite Of Trimmed Retail Cuts Separable Lean And Fat Trimmed To 0 Inch Fat Select Raw,Meats,157,21.2,0,8,4 oz,114,m
Beef Composite Of Trimmed Retail Cuts Separable Lean Only Trimmed To 1/8 Inch Fat Select Cooked,Meats,167,27.51,0,6.37,3 oz,85,m
Beef Composite Of Trimmed Retail Cuts Separable Lean Only Trimmed To 1/8 Inch Fat Select Raw,Meats,130,22.37,0,4.55,4 oz,114,m
Beef Chuck Clod Roast Separable Lean Only Trimmed To 1/4 Inch Fat All Grades Cooked Roasted,Meats,173,26.36,0,6.75,3 oz,85,m
Beef Shoulder Steak Boneless Separable Lean Only Trimmed To 0 Inch Fat All Grades Cooked Grilled,Meats,175,28.6,0,5.82,3 oz,85,m
Beef Chuck Clod Steak Separable Lean Only Trimmed To 1/4 Inch Fat All Grades Cooked Braised,Meats,189,29.34,0,7.04,3 oz,85,m
Beef Chuck Mock Tender Steak Separable Lean And Fat Trimmed To 0 Inch Fat USDA Choice Cooked Broiled,Meats,161,25.73,0,5.72,3 oz,85,m
Beef Chuck Clod Roast Separable Lean And Fat Trimmed To 0 Inch Fat Select Cooked Roasted,Meats,196,27.3,0,8.76,3 oz,85,m
Beef Shoulder Steak Boneless Separable Lean And Fat Trimmed To 0 Inch Fat Choice Cooked Grilled,Meats,186,28.22,0,7.25,No data available,No data available,m
Beef Shoulder Steak Boneless Separable Lean And Fat Trimmed To 0 Inch Fat Select Cooked Grilled,Meats,177,28.41,0,6.14,3 oz,85,m
Beef Plate Inside Skirt Steak Separable Lean And Fat Trimmed To 0 Inch Fat All Grades Cooked Broiled,Meats,220,26.13,0,12.05,3 oz,85,m
Beef Plate Outside Skirt Steak Separable Lean And Fat Trimmed To 0 Inch Fat All Grades Cooked Broiled,Meats,255,23.51,0,17.13,3 oz,85,m
Beef Shoulder Steak Boneless Separable Lean And Fat Trimmed To 0 Inch Fat All Grades Cooked Grilled,Meats,182,28.29,0,6.8,3 oz,85,m
Beef Ground 95% Lean Meat / 5% Fat Raw,Meats,137,21.41,0,5,4 oz,113,m
Beef Ground 95% Lean Meat / 5% Fat Patty Cooked Broiled,Meats,174,26.29,0,6.8,3 oz,85,m
Beef Ground 95% Lean Meat / 5% Fat Patty Cooked Pan-Broiled,Meats,164,25.8,0,5.94,3 oz,85,m
Beef Ground 90% Lean Meat / 10% Fat Patty Cooked Pan-Broiled,Meats,204,25.21,0,10.68,3 oz,85,m
Beef Ground 90% Lean Meat / 10% Fat Crumbles Cooked Pan-Browned,Meats,230,28.45,0,12.04,3 oz,85,m
Beef Ground 90% Lean Meat / 10% Fat Loaf Cooked Baked,Meats,214,26.62,0,11.1,3 oz,85,m
Beef Ground 85% Lean Meat / 15% Fat Raw,Meats,215,18.59,0,15,3 oz,85,m
Beef Ground 80% Lean Meat / 20% Fat Patty Cooked Broiled,Meats,270,25.75,0,17.78,No data available,No data available,m
Beef Ground 80% Lean Meat / 20% Fat Patty Cooked Pan-Broiled,Meats,246,24.04,0,15.94,3 oz,85,m
Beef Ground 80% Lean Meat / 20% Fat Crumbles Cooked Pan-Browned,Meats,272,27,0,17.36,3 oz,85,m
Beef Ground 80% Lean Meat / 20% Fat Loaf Cooked Baked,Meats,254,25.25,0,16.17,3 oz,85,m
Beef Ground 75% Lean Meat / 25% Fat Loaf Cooked Baked,Meats,254,24.56,0,16.5,3 oz,85,m
Beef Rib Small End (Ribs 10-12) Separable Lean Only Trimmed To 1/8 Inch Fat Select Raw,Meats,134,22.53,0,4.2,1 oz,28.4,m
Beef Tenderloin Steak Separable Lean Only Trimmed To 1/8 Inch Fat Select Raw,Meats,148,22.06,0,5.93,1 oz,28.4,m
Beef Top Sirloin Steak Separable Lean Only Trimmed To 1/8 Inch Fat Select Raw,Meats,127,22.27,0,3.54,1 oz,28.4,m
Beef Short Loin Top Loin Steak Separable Lean Only Trimmed To 1/8 Inch Fat Select Cooked Grilled,Meats,177,29.44,0,5.73,1 oz,28.4,m
Beef Round Bottom Round  Roast Separable Lean Only Trimmed To 1/8 Inch Fat Select Cooked Roasted,Meats,164,28.45,0,4.67,1 oz,28.4,m
Beef Round Eye Of Round Roast Separable Lean Only Trimmed To 1/8 Inch Fat Select Cooked Roasted,Meats,163,29.59,0,4.11,1 oz,28.4,m
Beef Round Top Round Steak Separable Lean Only Trimmed To 1/8 Inch Fat Select Cooked Broiled,Meats,177,31.61,0,4.65,1 oz,28.4,m
Beef Round Eye Of Round Roast Separable Lean Only Trimmed To 1/8 Inch Fat All Grades Cooked Roasted,Meats,169,29.73,0,4.71,1 oz,28.4,m
Beef Rib Small End (Ribs 10-12) Separable Lean Only Trimmed To 1/8 Inch Fat All Grades Raw,Meats,141,22.33,0,5.04,1 oz,28.4,m
Beef Tenderloin Steak Separable Lean Only Trimmed To 1/8 Inch Fat All Grades Cooked Broiled,Meats,200,29.04,0,8.39,1 oz,28.4,m
Beef Tenderloin Steak Separable Lean Only Trimmed To 1/8 Inch Fat All Grades Raw,Meats,153,22.12,0,6.52,1 oz,28.4,m
Beef Short Loin Top Loin Steak Separable Lean Only Trimmed To 1/8 Inch Fat All Grades Cooked Broiled,Meats,189,29.3,0,7.09,1 oz,28.4,m
Beef Short Loin Top Loin Steak Separable Lean Only Trimmed To 1/8 Inch Fat All Grades Raw,Meats,138,22.93,0,5.15,3 oz,85,m
Beef Round Top Round Steak Separable Lean Only Trimmed To 1/8 Inch Fat All Grades Cooked Broiled,Meats,185,31.82,0,5.45,1 oz,28.4,m
Beef Round Top Round Steak Separable Lean Only Trimmed To 1/8 Inch Fat All Grades Raw,Meats,135,22.91,0,4.09,3 oz,85,m
Beef Chuck Arm Pot Roast Separable Lean Only Trimmed To 1/8 Inch Fat Choice Cooked Braised,Meats,224,34.72,0,8.37,1 oz,28.4,m
Beef Brisket Flat Half Separable Lean Only Trimmed To 1/8 Inch Fat Choice Cooked Braised,Meats,203,33.13,0,6.79,1 oz,28.4,m
Beef Round Eye Of Round Roast Separable Lean Only Trimmed To 1/8 Inch Fat Choice Raw,Meats,128,22.88,0,3.38,1 oz,28.4,m
Beef Round Top Round Steak Separable Lean Only Trimmed To 1/8 Inch Fat Choice Raw,Meats,140,22.69,0,4.78,1 oz,28.4,m
Pork And Beef Beerwurst,Meats,277,14,3.76,22.53,2 oz,56,m
Beef Baloney (Bologna),Meats,299,10.91,4.29,26.13,1 slice,30,m
Beef And Pork Baloney (Bologna),Meats,308,15.2,5.49,24.59,3 (1/2) oz,100,m
Beef Short Loin Porterhouse Steak Separable Lean And Fat Trimmed To 1/8 Inch Fat All Grades Cooked Grilled,Meats,276,25.4,0,18.57,3 oz,85,m
Beef Short Loin Porterhouse Steak Separable Lean And Fat Trimmed To 1/8 Inch Fat Select Raw,Meats,208,20.69,0,13.27,3 oz,85,m
Beef Short Loin Porterhouse Steak Separable Lean And Fat Trimmed To 1/8 Inch Fat Select Cooked Grilled,Meats,263,26.21,0,16.75,3 oz,85,m
Beef Short Loin T-Bone Steak Separable Lean And Fat Trimmed To 1/8 Inch Fat All Grades Raw,Meats,223,20.11,0,15.18,3 oz,85,m
Beef Round Knuckle Tip Side Steak Separable Lean And Fat Trimmed To 0 Inch Fat Choice Cooked Grilled,Meats,174,28.79,0,5.71,1 steak,141,m
Beef Round Knuckle Tip Side Steak Separable Lean And Fat  Trimmed To 0 Inch Fat Select Raw,Meats,123,21.96,0,3.24,3 oz,85,m
Beef Round Knuckle Tip Side Steak Separable Lean And Fat Trimmed To 0 Inch Fat Select Cooked Grilled,Meats,160,29.24,0,3.91,1 serving (3 oz),85,m
Beef Chuck Shoulder Clod Shoulder Tender Medallion Separable Lean And Fat Trimmed To 0 Inch Fat Choice Raw,Meats,145,20.51,0,6.36,1 medallion,40,m
Beef Chuck Shoulder Clod Shoulder Top And Center Steaks Separable Lean And Fat Trimmed To 0 Inch Fat Select Raw,Meats,140,21.13,0,5.51,3 oz,85,m
Beef Chuck Shoulder Clod Shoulder Top And Center Steaks Separable Lean And Fat Trimmed To 0 Inch Fat Select Cooked Grilled,Meats,176,26.66,0,6.94,1 steak,179,m
Beef Chuck Shoulder Clod Top Blade Steak Separable Lean And Fat Trimmed To 0 Inch Fat Choice Raw,Meats,182,18.75,0,11.33,3 oz,85,m
Beef Chuck Shoulder Clod Top Blade Steak Separable Lean And Fat Trimmed To 0 Inch Fat Choice Cooked Grilled,Meats,228,24.7,0,13.59,1 serving (3 oz),85,m
Beef Round Knuckle Tip Center Steak Separable Lean And Fat Trimmed To 0 Inch Fat Select Cooked Grilled,Meats,162,26.61,0,5.32,3 oz,85,m
Beef Round Outside Round Bottom Round Steak Separable Lean And Fat Trimmed To 0 Inch Fat Choice Raw,Meats,150,21.24,0,6.59,3 oz,85,m
Beef Round Outside Round Bottom Round Steak Separable Lean And Fat Trimmed To 0 Inch Fat Choice Cooked Grilled,Meats,191,27.22,0,8.3,1 serving (3 oz),85,m
Beef Round Outside Round Bottom Round Steak Separable Lean And Fat Trimmed To 0 Inch Fat Select Raw,Meats,129,22.15,0,3.83,3 oz,85,m
Beef Round Knuckle Tip Side Steak Separable Lean And Fat Trimmed To 0 Inch Fat All Grades Cooked Grilled,Meats,168,29.08,0,4.84,1 serving (3 oz),85,m
Beef Chuck Shoulder Clod Shoulder Top And Center Steaks Separable Lean And Fat Trimmed To 0 Inch Fat All Grades Raw,Meats,141,20.67,0,5.88,3 oz,85,m
Beef Chuck Shoulder Clod Shoulder Top And Center Steaks Separable Lean And Fat Trimmed To 0 Inch Fat All Grades Cooked Grilled,Meats,182,26.3,0.12,7.66,1 serving (3 oz),85,m
Beef Chuck Shoulder Clod Top Blade Steak Separable Lean And Fat Trimmed To 0 Inch Fat All Grades Raw,Meats,176,18.99,0,10.52,3 oz,85,m
Beef Round Outside Round Bottom Round Steak Separable Lean And Fat Trimmed To 0 Inch Fat All Grades Cooked Grilled,Meats,182,27.52,0,7.1,1 serving (3 oz),85,m
Beef Chuck Shoulder Clod Shoulder Tender Medallion Separable Lean And Fat Trimmed To 0 Inch Fat Select Cooked Grilled,Meats,172,26.45,0.33,6.43,1 medallion,34,m
Beef Plate Steak Boneless Inside Skirt Separable Lean Only Trimmed To 0 Inch Fat Choice Raw,Meats,171,20.89,0,9.76,3 oz,85,m
Beef Plate Steak Boneless Inside Skirt Separable Lean Only Trimmed To 0 Inch Fat Select Cooked Grilled,Meats,223,30.64,0,11.16,3 oz,85,m
Beef Plate Steak Boneless Inside Skirt Separable Lean Only Trimmed To 0 Inch Fat Select Raw,Meats,153,21.61,0,7.41,3 oz,85,m
Beef Plate Steak Boneless Outside Skirt Separable Lean Only Trimmed To 0 Inch Fat All Grades Cooked Grilled,Meats,282,27.68,0,19.01,3 oz,85,m
Beef Plate Steak Boneless Outside Skirt Separable Lean Only Trimmed To 0 Inch Fat Select Raw,Meats,198,19.14,0.23,13.44,3 oz,85,m
Beef Rib Eye Steak Boneless Lip Off Separable Lean Only Trimmed To 0 Inch Fat All Grades Cooked Grilled,Meats,206,28.11,0,10.37,3 oz,85,m
Beef Rib Eye Steak Boneless Lip Off Separable Lean Only Trimmed To 0 Inch Fat All Grades Raw,Meats,154,21.85,0,7.41,3 oz,85,m
Beef Rib Eye Steak Boneless Lip Off Separable Lean Only Trimmed To 0 Inch Fat Choice Cooked Grilled,Meats,215,27.39,0,11.75,3 oz,85,m
Beef Rib Back Ribs Bone-In Separable Lean Only Trimmed To 0 Inch Fat All Grades Raw,Meats,239,19.11,0.46,17.91,3 oz,85,m
Beef Rib Back Ribs Bone-In Separable Lean Only Trimmed To 0 Inch Fat Choice Cooked Braised,Meats,306,27.75,0,21.72,3 oz,85,m
Beef Rib Back Ribs Bone-In Separable Lean Only Trimmed To 0 Inch Fat Choice Raw,Meats,252,18.72,0.64,19.36,3 oz,85,m
Beef Rib Back Ribs Bone-In Separable Lean Only Trimmed To 0 Inch Fat Select Cooked Braised,Meats,287,29.28,0,18.84,3 oz,85,m
Beef Rib Eye Roast Bone-In Lip-On Separable Lean And Fat Trimmed To 1/8 Inch Fat Select Cooked Roasted,Meats,290,23.36,0,21.85,3 oz,85,m
Beef Rib Eye Roast Bone-In Lip-On Separable Lean And Fat Trimmed To 1/8 Inch Fat All Grades Cooked Roasted,Meats,300,23.47,0,22.91,3 oz,85,m
Beef Rib Eye Steak/roast Bone-In Lip-On Separable Lean And Fat Trimmed To 1/8 Inch Fat All Grades Raw,Meats,255,18.13,0,20.31,3 oz,85,m
Beef Rib Eye Steak/roast Bone-In Lip-On Separable Lean And Fat Trimmed To 1/8 Inch Fat Choice Raw,Meats,260,17.92,0,20.96,3 oz,85,m
Beef Rib Eye Roast Boneless Lip-On Separable Lean And Fat Trimmed To 1/8 Inch Fat All Grades Cooked Roasted,Meats,292,24.3,0,21.66,3 oz,85,m
Beef Rib Eye Roast Boneless Lip-On Separable Lean And Fat Trimmed To 1/8 Inch Fat Choice Cooked Roasted,Meats,303,23.92,0,22.98,3 oz,85,m
Beef Rib Eye Roast Boneless Lip-On Separable Lean And Fat Trimmed To 1/8 Inch Fat Select Cooked Roasted,Meats,277,24.85,0,19.68,3 oz,85,m
Beef Rib Eye Steak/roast Boneless Lip-On Separable Lean And Fat Trimmed To 1/8 Inch Fat All Grades Raw,Meats,244,18.85,0,18.73,3 oz,85,m
Beef Plate Steak Boneless Inside Skirt Separable Lean And Fat Trimmed To 0 Inch Fat Select Cooked Grilled,Meats,233,30.06,0,12.54,3 oz,85,m
Beef Plate Steak Boneless Inside Skirt Separable Lean And Fat Trimmed To 0 Inch Fat All Grades Raw,Meats,187,20.38,0,11.71,3 oz,85,m
Beef Plate Steak Boneless Inside Skirt Separable Lean And Fat Trimmed To 0 Inch Fat Choice Raw,Meats,195,20.06,0,12.78,3 oz,85,m
Beef Plate Steak Boneless Inside Skirt Separable Lean And Fat Trimmed To 0 Inch Fat Select Raw,Meats,174,20.87,0,10.11,3 oz,85,m
Beef Ground Unspecified Fat Content Cooked,Meats,240,25.07,0.62,14.53,3 oz,85,m
Beef Plate Steak Boneless Outside Skirt Separable Lean And Fat Trimmed To 0 Inch Fat Choice Raw,Meats,238,17.69,0.35,18.44,3 oz,85,m
Beef Plate Steak Boneless Outside Skirt Separable Lean And Fat Trimmed To 0 Inch Fat Select Raw,Meats,222,18.43,0.36,16.31,3 oz,85,m
Beef Rib Eye Steak Boneless Lip Off Separable Lean And Fat Trimmed To 0 Inch Fat All Grades Cooked Grilled,Meats,271,24.85,0,19.02,3 oz,85,m
Beef Rib Eye Steak Boneless Lip Off Separable Lean And Fat Trimmed To 0 Inch Fat Choice Cooked Grilled,Meats,285,23.89,0,21.1,3 oz,85,m
Beef Rib Back Ribs Bone-In Separable Lean And Fat Trimmed To 0 Inch Fat All Grades Cooked Braised,Meats,360,24.23,0,29.21,3 oz,85,m
Beef Rib Back Ribs Bone-In Separable Lean And Fat Trimmed To 0 Inch Fat Choice Cooked Braised,Meats,372,23.34,0,30.95,3 oz,85,m
Beef Rib Back Ribs Bone-In Separable Lean And Fat Trimmed To 0 Inch Fat Select Cooked Braised,Meats,341,25.56,0,26.59,3 oz,85,m
Beef Rib Back Ribs Bone-In Separable Lean And Fat Trimmed To 0 Inch Fat All Grades Raw,Meats,324,16.15,0.78,28.42,3 oz,85,m
Beef Loin Top Sirloin Cap Steak Boneless Separable Lean Only Trimmed To 1/8 Inch Fat All Grades Cooked Grilled,Meats,181,28.26,0.73,7.23,3 oz,85,m
Beef Loin Top Sirloin Cap Steak Boneless Separable Lean Only Trimmed To 1/8 Inch Fat Choice Cooked Grilled,Meats,189,28.19,1.07,7.96,3 oz,85,m
Beef Loin Top Sirloin Cap Steak Boneless Separable Lean Only Trimmed To 1/8 Inch Fat Select Cooked Grilled,Meats,170,28.36,0.22,6.14,3 oz,85,m
Beef Loin Top Sirloin Cap Steak Boneless Separable Lean Only Trimmed To 1/8 Inch Fat All Grades Raw,Meats,134,21.38,0,5.36,3 oz,85,m
Beef Loin Top Sirloin Cap Steak Boneless Separable Lean Only Trimmed To 1/8 Inch Fat Choice Raw,Meats,138,21.34,0,5.82,3 oz,85,m
Raw Chicken Drumsticks,Meats,161,18.08,0.11,9.2,1 drumstick with skin,133,m
Chicken Broilers Or Fryers Drumstick Meat And Skin Cooked Fried Batter,Meats,268,21.95,8.28,15.75,1 unit (yield from 1 lb ready-to-cook chicken),43,m
Chicken Broilers Or Fryers Drumstick Meat Only Cooked Fried,Meats,195,28.62,0,8.08,1 unit (yield from 1 lb ready-to-cook chicken),25,m
Roasted Skinless Chicken Drumstick,Meats,155,24.24,0,5.7,1 drumstick without skin,96,m
Chicken Broilers Or Fryers Drumstick Meat Only Cooked Stewed,Meats,169,27.5,0,5.71,3 oz,85,m
Raw Chicken Leg,Meats,214,16.37,0.17,15.95,3 oz,85,m
Chicken Broilers Or Fryers Leg Meat Only Cooked Fried,Meats,208,28.38,0.65,9.32,1 unit (yield from 1 lb ready-to-cook chicken),56,m
Roasted Boneless Skinless Chicken Leg,Meats,174,24.22,0,7.8,3 oz,85,m
Chicken Broilers Or Fryers Leg Meat Only Cooked Stewed,Meats,185,26.26,0,8.06,3 oz,85,m
Chicken Broilers Or Fryers Neck Meat And Skin Raw,Meats,297,14.07,0,26.24,1 unit (yield from 1 lb ready-to-cook chicken),15,m
Chicken Broilers Or Fryers Neck Meat Only Cooked Fried,Meats,229,26.87,1.77,11.88,1 unit (yield from 1 lb ready-to-cook chicken),7,m
Chicken Broilers Or Fryers Neck Meat Only Cooked Simmered,Meats,179,24.56,0,8.18,1 unit (yield from 1 lb ready-to-cook chicken),5,m
Raw Chicken Thigh,Meats,221,16.52,0.25,16.61,1 thigh with skin,193,m
Chicken Broilers Or Fryers Thigh Meat And Skin Cooked Fried Batter,Meats,277,21.61,9.08,16.53,1 unit (yield from 1 lb ready-to-cook chicken),52,m
Chicken Broilers Or Fryers Thigh Meat Only Cooked Fried,Meats,218,28.18,1.18,10.3,1 unit (yield from 1 lb ready-to-cook chicken),31,m
Roasted Boneless Skinless Thigh Meat,Meats,179,24.76,0,8.15,1 thigh without skin,116,m
Chicken Broilers Or Fryers Thigh Meat Only Cooked Stewed,Meats,195,25,0,9.79,1 cup/ chopped or diced,140,m
Raw Chicken Wings,Meats,191,17.52,0,12.85,1 piece,107,m
Chicken Broilers Or Fryers Wing Meat Only Cooked Fried,Meats,211,30.15,0,9.15,1 unit (yield from 1 lb ready-to-cook chicken),12,m
Chicken Broilers Or Fryers Wing Meat Only Cooked Roasted,Meats,203,30.46,0,8.13,1 unit (yield from 1 lb ready-to-cook chicken),13,m
Chicken Broilers Or Fryers Wing Meat Only Cooked Stewed,Meats,181,27.18,0,7.18,1 cup/ chopped or diced,140,m
Chicken Roasting Meat And Skin And Giblets And Neck Raw,Meats,213,17.09,0.09,15.46,3 oz,85,m
Chicken Roasting Meat Only Cooked Roasted,Meats,167,25.01,0,6.63,1 cup/ chopped or diced,140,m
Chicken Roasting Giblets Raw,Meats,127,18.14,1.14,5.04,1 unit (yield from 1 lb ready-to-cook chicken),25,m
Chicken Roasting Giblets Cooked Simmered,Meats,165,26.77,0.86,5.22,1 cup/ chopped or diced,145,m
Chicken Roasting Light Meat Meat Only Raw,Meats,109,22.2,0,1.63,1 unit (yield from 1 lb ready-to-cook chicken),99,m
Chicken Stewing Meat And Skin And Giblets And Neck Cooked Stewed,Meats,214,24.88,0,11.91,3 oz,85,m
Chicken Stewing Meat And Skin Raw,Meats,258,17.55,0,20.33,3 oz,85,m
Chicken Stewing Meat And Skin Cooked Stewed,Meats,285,26.88,0,18.87,3 oz,85,m
Chicken Stewing Meat Only Raw,Meats,148,21.26,0,6.32,3 oz,85,m
Chicken Stewing Meat Only Cooked Stewed,Meats,237,30.42,0,11.89,1 cup/ chopped or diced,140,m
Chicken Stewing Dark Meat Meat Only Raw,Meats,157,19.7,0,8.12,1 unit (yield from 1 lb ready-to-cook chicken),105,m
Chicken Stewing Dark Meat Meat Only Cooked Stewed,Meats,258,28.14,0,15.28,1 cup/ chopped or diced,140,m
Chicken Capons Meat And Skin And Giblets And Neck Raw,Meats,232,18.51,0.08,16.9,3 oz,85,m
Chicken Capons Meat And Skin And Giblets And Neck Cooked Roasted,Meats,226,28.35,0.04,11.67,3 oz,85,m
Duck Domesticated Meat And Skin Raw,Meats,404,11.49,0,39.34,3 oz,85,m
Duck Domesticated Meat And Skin Cooked Roasted,Meats,337,18.99,0,28.35,1 cup/ chopped or diced,140,m
Duck Domesticated Meat Only Raw,Meats,135,18.28,0.94,5.95,1 unit (yield from 1 lb ready-to-cook duck),137,m
Roast Duck,Meats,201,23.48,0,11.2,1 cup/ chopped or diced,140,m
Goose Domesticated Meat And Skin Cooked Roasted,Meats,305,25.16,0,21.92,1 cup/ chopped or diced,140,m
Goose Domesticated Meat Only Raw,Meats,161,22.75,0,7.13,3 oz,85,m
Roast Goose,Meats,238,28.97,0,12.67,1 unit (yield from 1 lb ready-to-cook goose),143,m
Goose Liver Raw,Meats,133,16.37,6.32,4.28,1 liver,94,m
Guinea Hen Meat And Skin Raw,Meats,158,23.4,0,6.45,3 oz,85,m
Pheasant Leg Meat Only Raw,Meats,134,22.2,0,4.3,1 unit (yield from 1 lb ready-to-eat pheasant),99,m
Quail Meat And Skin Raw,Meats,192,19.63,0,12.05,1 quail,109,m
Quail Meat Only Raw,Meats,134,21.76,0,4.53,1 quail,92,m
Veal Australian Rib Rib Roast Separable Lean Only Raw,Meats,134,21.7,1.4,4.63,3 oz,85,m
Lamb Domestic Composite Of Trimmed Retail Cuts Separable Lean And Fat Trimmed To 1/4 Inch Fat Choice Raw,Meats,267,16.88,0,21.59,1 oz,28.4,m
Lamb Domestic Composite Of Trimmed Retail Cuts Separable Lean And Fat Trimmed To 1/4 Inch Fat Choice Cooked,Meats,294,24.52,0,20.94,3 oz,85,m
Lamb Domestic Foreshank Separable Lean And Fat Trimmed To 1/4 Inch Fat Choice Raw,Meats,201,18.91,0,13.38,1 oz,28.4,m
Lamb Domestic Foreshank Separable Lean And Fat Trimmed To 1/4 Inch Fat Choice Cooked Braised,Meats,243,28.37,0,13.46,1 piece/ cooked/ excluding refuse (yield from 1 lb raw meat with refuse),148,m
Lamb Domestic Foreshank Separable Lean Only Trimmed To 1/4 Inch Fat Choice Raw,Meats,120,21.08,0,3.29,1 oz,28.4,m
Lamb Domestic Foreshank Separable Lean Only Trimmed To 1/4 Inch Fat Choice Cooked Braised,Meats,187,31.01,0,6.02,1 piece/ cooked/ excluding refuse (yield from 1 lb raw meat with refuse),128,m
Lamb Domestic Leg Shank Half Separable Lean And Fat Trimmed To 1/4 Inch Fat Choice Cooked Roasted,Meats,225,26.41,0,12.45,3 oz,85,m
Lamb Domestic Leg Shank Half Separable Lean Only Trimmed To 1/4 Inch Fat Choice Raw,Meats,125,20.52,0,4.19,1 oz,28.4,m
Lamb Shank,Meats,180,28.17,0,6.67,3 oz,85,m
Lamb Domestic Leg Sirloin Half Separable Lean And Fat Trimmed To 1/4 Inch Fat Choice Raw,Meats,272,16.94,0,22.11,1 oz,28.4,m
Lamb Domestic Loin Separable Lean And Fat Trimmed To 1/4 Inch Fat Choice Cooked Broiled,Meats,316,25.17,0,23.08,3 oz,85,m
Lamb Domestic Loin Separable Lean And Fat Trimmed To 1/4 Inch Fat Choice Cooked Roasted,Meats,309,22.55,0,23.59,3 oz,85,m
Lamb Domestic Loin Separable Lean Only Trimmed To 1/4 Inch Fat Choice Raw,Meats,143,20.88,0,5.94,1 oz,28.4,m
Lamb Domestic Loin Separable Lean Only Trimmed To 1/4 Inch Fat Choice Cooked Broiled,Meats,216,29.99,0,9.73,3 oz,85,m
Lamb Domestic Rib Separable Lean Only Trimmed To 1/4 Inch Fat Choice Raw,Meats,169,19.98,0,9.23,1 oz,28.4,m
Lamb Domestic Rib Separable Lean Only Trimmed To 1/4 Inch Fat Choice Cooked Broiled,Meats,235,27.74,0,12.95,1 piece/ cooked/ excluding refuse (yield from 1 lb raw meat with refuse),147,m
Lamb Domestic Rib Separable Lean Only Trimmed To 1/4 Inch Fat Choice Cooked Roasted,Meats,232,26.16,0,13.31,3 oz,85,m
Lamb Domestic Shoulder Whole (Arm And Blade) Separable Lean And Fat Trimmed To 1/4 Inch Fat Choice Raw,Meats,264,16.58,0,21.45,1 oz,28.4,m
Lamb Domestic Shoulder Whole (Arm And Blade) Separable Lean And Fat Trimmed To 1/4 Inch Fat Choice Cooked Braised,Meats,344,28.68,0,24.55,3 oz,85,m
Lamb Domestic Shoulder Whole (Arm And Blade) Separable Lean Only Trimmed To 1/4 Inch Fat Choice Cooked Broiled,Meats,210,27.12,0,10.5,3 oz,85,m
Lamb Domestic Shoulder Whole (Arm And Blade) Separable Lean Only Trimmed To 1/4 Inch Fat Choice Cooked Roasted,Meats,204,24.94,0,10.77,3 oz,85,m
Lamb Domestic Shoulder Arm Separable Lean And Fat Trimmed To 1/4 Inch Fat Choice Raw,Meats,260,16.79,0,20.9,1 oz,28.4,m
Lamb Domestic Shoulder Arm Separable Lean And Fat Trimmed To 1/4 Inch Fat Choice Cooked Braised,Meats,346,30.39,0,24,3 oz,85,m
Lamb Domestic Shoulder Arm Separable Lean Only Trimmed To 1/4 Inch Fat Choice Cooked Broiled,Meats,200,27.71,0,9.02,3 oz,85,m
Lamb Domestic Shoulder Arm Separable Lean Only Trimmed To 1/4 Inch Fat Choice Cooked Roasted,Meats,192,25.46,0,9.26,3 oz,85,m
Lamb Domestic Shoulder Blade Separable Lean And Fat Trimmed To 1/4 Inch Fat Choice Raw,Meats,259,16.63,0,20.86,1 oz,28.4,m
Lamb Domestic Shoulder Blade Separable Lean And Fat Trimmed To 1/4 Inch Fat Choice Cooked Braised,Meats,345,28.51,0,24.73,3 oz,85,m
Lamb Domestic Shoulder Blade Separable Lean Only Trimmed To 1/4 Inch Fat Choice Cooked Broiled,Meats,211,25.48,0,11.32,3 oz,85,m
Lamb Domestic Shoulder Blade Separable Lean Only Trimmed To 1/4 Inch Fat Choice Cooked Roasted,Meats,209,24.61,0,11.57,3 oz,85,m
Lamb Domestic Cubed For Stew Or Kabob (Leg And Shoulder) Separable Lean Only Trimmed To 1/4 Inch Fat Raw,Meats,134,20.21,0,5.28,1 oz,28.4,m
Lamb Domestic Cubed For Stew Or Kabob (Leg And Shoulder) Separable Lean Only Trimmed To 1/4 Inch Fat Cooked Braised,Meats,223,33.69,0,8.8,3 oz,85,m
Lamb Domestic Cubed For Stew Or Kabob (Leg And Shoulder) Separable Lean Only Trimmed To 1/4 Inch Fat Cooked Broiled,Meats,186,28.08,0,7.33,3 oz,85,m
Lamb New Zealand Imported Frozen Composite Of Trimmed Retail Cuts Separable Fat Raw,Meats,640,6.92,0,67.63,1 oz,28.4,m
Lamb New Zealand Imported Frozen Composite Of Trimmed Retail Cuts Separable Fat Cooked,Meats,586,9.72,0,60.39,3 oz,85,m
Lamb New Zealand Imported Fore-Shank Separable Lean And Fat Raw,Meats,183,20.09,0.09,11.38,1 serving,115,m
Lamb New Zealand Imported Fore-Shank Separable Lean And Fat Cooked Braised,Meats,256,30.35,0.03,14.99,1 serving,85,m
Lamb New Zealand Imported Leg Chop/steak Bone-In Separable Lean Only Raw,Meats,126,21.1,0,4.64,1 serving,115,m
Lamb New Zealand Imported Frozen Leg Whole (Shank And Sirloin) Separable Lean Only Cooked Roasted,Meats,181,27.68,0,7.01,3 oz,85,m
Lamb New Zealand Imported Loin Chop Separable Lean And Fat Raw,Meats,298,15.4,0.22,26.19,1 serving,115,m
Game Meat Muskrat Raw,Meats,162,20.76,0,8.1,1 oz,28.4,m
Game Meat Muskrat Cooked Roasted,Meats,234,30.09,0,11.74,3 oz,85,m
Game Meat Opossum Cooked Roasted,Meats,221,30.2,0,10.2,3 oz,85,m
Game Meat Rabbit Domesticated Composite Of Cuts Raw,Meats,136,20.05,0,5.55,1 oz,28.4,m
Game Meat Rabbit Domesticated Composite Of Cuts Cooked Roasted,Meats,197,29.06,0,8.05,3 oz,85,m
Game Meat Squirrel Raw,Meats,120,21.23,0,3.21,1 oz,28.4,m
Game Meat Squirrel Cooked Roasted,Meats,173,30.77,0,4.69,3 oz,85,m
Lamb Variety Meats And By-Products Brain Raw,Meats,122,10.4,0,8.58,1 oz,28.4,m
Lamb Variety Meats And By-Products Brain Cooked Braised,Meats,145,12.55,0,10.17,3 oz,85,m
Lamb Variety Meats And By-Products Heart Raw,Meats,122,16.47,0.21,5.68,1 oz,28.4,m
Lamb Variety Meats And By-Products Heart Cooked Braised,Meats,185,24.97,1.93,7.91,3 oz,85,m
Veal Variety Meats And By-Products Heart Raw,Meats,110,17.18,0.08,3.98,1 oz,28.4,m
Veal Variety Meats And By-Products Heart Cooked Braised,Meats,186,29.12,0.13,6.75,3 oz,85,m
Lamb Variety Meats And By-Products Liver Raw,Meats,139,20.38,1.78,5.02,1 oz,28.4,m
Lamb Variety Meats And By-Products Liver Cooked Braised,Meats,220,30.57,2.53,8.81,3 oz,85,m
Lamb Liver (Cooked),Meats,238,25.53,3.78,12.65,3 oz,85,m
Veal Variety Meats And By-Products Liver Raw,Meats,140,19.93,2.91,4.85,1 oz,28.4,m
Veal Variety Meats And By-Products Liver Cooked Braised,Meats,192,28.42,3.77,6.26,1 slice,80,m
Veal Variety Meats And By-Products Lungs Cooked Braised,Meats,104,18.74,0,2.64,3 oz,85,m
Lamb Variety Meats And By-Products Mechanically Separated Raw,Meats,276,14.97,0,23.54,1 oz,28.4,m
Lamb Variety Meats And By-Products Pancreas Raw,Meats,152,14.84,0,9.82,1 oz,28.4,m
Lamb Variety Meats And By-Products Pancreas Cooked Braised,Meats,234,22.83,0,15.12,3 oz,85,m
Veal Variety Meats And By-Products Spleen Raw,Meats,98,18.3,0,2.2,1 oz,28.4,m
Veal Variety Meats And By-Products Spleen Cooked Braised,Meats,129,24.08,0,2.89,3 oz,85,m
Veal Variety Meats And By-Products Thymus Raw,Meats,101,17.21,0,3.07,1 oz,28.4,m
Veal Variety Meats And By-Products Thymus Cooked Braised,Meats,125,22.67,0,3.11,3 oz,85,m
Broiled Ground Lamb,Meats,283,24.75,0,19.65,3 oz,85,m
Lamb Domestic Composite Of Trimmed Retail Cuts Separable Lean And Fat Trimmed To 1/8 Inch Fat Choice Raw,Meats,243,17.54,0,18.66,1 oz,28.4,m
Lamb Domestic Composite Of Trimmed Retail Cuts Separable Lean And Fat Trimmed To 1/8 Inch Fat Choice Cooked,Meats,271,25.51,0,18.01,3 oz,85,m
Lamb Domestic Foreshank Separable Lean And Fat Trimmed To 1/8 Inch Fat Choice Raw,Meats,201,18.91,0,13.38,1 oz,28.4,m
Lamb Domestic Leg Shank Half Separable Lean And Fat Trimmed To 1/8 Inch Fat Choice Cooked Roasted,Meats,217,26.73,0,11.4,3 oz,85,m
Lamb Domestic Leg Sirloin Half Separable Lean And Fat Trimmed To 1/8 Inch Fat Choice Raw,Meats,261,17.21,0,20.8,1 oz,28.4,m
Lamb Domestic Leg Sirloin Half Separable Lean And Fat Trimmed To 1/8 Inch Fat Choice Cooked Roasted,Meats,284,24.95,0,19.67,3 oz,85,m
Lamb Domestic Loin Separable Lean And Fat Trimmed To 1/8 Inch Fat Choice Raw,Meats,279,17.18,0,22.75,1 oz,28.4,m
Lamb Domestic Rib Separable Lean And Fat Trimmed To 1/8 Inch Fat Choice Cooked Roasted,Meats,341,21.82,0,27.53,3 oz,85,m
Lamb Domestic Shoulder Whole (Arm And Blade) Separable Lean And Fat Trimmed To 1/8 Inch Fat Choice Raw,Meats,244,17.07,0,18.96,1 oz,28.4,m
Lamb Domestic Shoulder Whole (Arm And Blade) Separable Lean And Fat Trimmed To 1/8 Inch Fat Choice Cooked Braised,Meats,338,29.46,0,23.57,3 oz,85,m
Lamb Domestic Shoulder Whole (Arm And Blade) Separable Lean And Fat Trimmed To 1/8 Inch Fat Choice Cooked Broiled,Meats,268,23.84,0,18.39,3 oz,85,m
Lamb Domestic Shoulder Blade Separable Lean And Fat Trimmed To 1/8 Inch Fat Choice Raw,Meats,244,17.01,0,18.97,1 oz,28.4,m
Lamb Domestic Shoulder Blade Separable Lean And Fat Trimmed To 1/8 Inch Fat Choice Cooked Braised,Meats,339,28.92,0,23.88,3 oz,85,m
Lamb Domestic Shoulder Blade Separable Lean And Fat Trimmed To 1/8 Inch Fat Choice Cooked Broiled,Meats,267,23.48,0,18.5,3 oz,85,m
Lamb Domestic Shoulder Blade Separable Lean And Fat Trimmed To 1/8 Inch Fat Choice Cooked Roasted,Meats,270,22.62,0,19.19,3 oz,85,m
Lamb New Zealand Imported Frozen Leg Whole (Shank And Sirloin) Separable Lean And Fat Trimmed To 1/8 Inch Fat Raw,Meats,201,18.76,0,13.37,1 oz,28.4,m
Lamb New Zealand Imported Frozen Leg Whole (Shank And Sirloin) Separable Lean And Fat Trimmed To 1/8 Inch Fat Cooked Roasted,Meats,234,25.34,0,13.95,3 oz,85,m
Lamb New Zealand Imported Frozen Loin Separable Lean And Fat Trimmed To 1/8 Inch Fat Raw,Meats,273,17.18,0,22.1,1 oz,28.4,m
Lamb New Zealand Imported Frozen Loin Separable Lean And Fat Trimmed To 1/8 Inch Fat Cooked Broiled,Meats,296,24.41,0,21.28,3 oz,85,m
Game Meat Bison Top Sirloin Separable Lean Only Trimmed To 0 Inch Fat Raw,Meats,113,21.4,0,2.4,1 oz,28.4,m
Game Meat Bison Ribeye Separable Lean Only Trimmed To 0 Inch Fat Raw,Meats,116,22.1,0,2.4,1 oz,28.4,m
Game Meat Bison Shoulder Clod Separable Lean Only Trimmed To 0 Inch Fat Raw,Meats,109,21.1,0,2.1,1 oz,28.4,m
Veal Breast Separable Fat Cooked,Meats,521,9.4,0,53.35,1 oz,28.4,m
Veal Shank (Fore And Hind) Separable Lean And Fat Raw,Meats,113,19.15,0,3.48,1 oz,28.4,m
Veal Shank (Fore And Hind) Separable Lean And Fat Cooked Braised,Meats,191,31.54,0,6.2,3 oz,85,m
Veal Shank (Fore And Hind) Separable Lean Only Raw,Meats,108,19.28,0,2.83,1 oz,28.4,m
Veal Shank (Fore And Hind) Separable Lean Only Cooked Braised,Meats,177,32.22,0,4.33,3 oz,85,m
Lamb Australian Imported Fresh Separable Fat Raw,Meats,648,6.27,0,68.87,1 oz,28.4,m
Lamb Australian Imported Fresh Separable Fat Cooked,Meats,639,9.42,0,66.4,3 oz,85,m
Lamb Australian Imported Fresh Foreshank Separable Lean And Fat Trimmed To 1/8 Inch Fat Raw,Meats,195,18.85,0,12.68,1 oz,28.4,m
Lamb Australian Imported Fresh Foreshank Separable Lean And Fat Trimmed To 1/8 Inch Fat Cooked Braised,Meats,236,24.78,0,14.44,3 oz,85,m
Lamb Australian Imported Fresh Leg Whole (Shank And Sirloin) Separable Lean Only Trimmed To 1/8 Inch Fat Raw,Meats,135,20.46,0,5.23,1 oz,28.4,m
Lamb Australian Imported Fresh Leg Whole (Shank And Sirloin) Separable Lean Only Trimmed To 1/8 Inch Fat Cooked Roasted,Meats,190,27.31,0,8.1,3 oz,85,m
Lamb Australian Imported Fresh Leg Shank Half Separable Lean And Fat Trimmed To 1/8 Inch Fat Raw,Meats,201,18.59,0,13.48,1 oz,28.4,m
Lamb Australian Imported Fresh Leg Shank Half Separable Lean And Fat Trimmed To 1/8 Inch Fat Cooked Roasted,Meats,231,25.25,0,13.69,3 oz,85,m
Lamb Australian Imported Fresh Leg Shank Half Separable Lean Only Trimmed To 1/8 Inch Fat Raw,Meats,133,20.45,0,5.1,1 oz,28.4,m
Lamb Australian Imported Fresh Leg Sirloin Half Boneless Separable Lean Only Trimmed To 1/8 Inch Fat Cooked Roasted,Meats,215,27.75,0,10.65,3 oz,85,m
Lamb Australian Imported Fresh Leg Sirloin Chops Boneless Separable Lean And Fat Trimmed To 1/8 Inch Fat Raw,Meats,208,18.33,0,14.38,1 oz,28.4,m
Lamb Australian Imported Fresh Leg Sirloin Chops Boneless Separable Lean And Fat Trimmed To 1/8 Inch Fat Cooked Broiled,Meats,235,25.75,0,13.83,3 oz,85,m
Lamb Australian Imported Fresh Leg Sirloin Chops Boneless Separable Lean Only Trimmed To 1/8 Inch Fat Raw,Meats,132,20.43,0,4.91,1 oz,28.4,m
Lamb Australian Imported Fresh Leg Center Slice Bone-In Separable Lean Only Trimmed To 1/8 Inch Fat Cooked Broiled,Meats,183,26.75,0,7.68,3 oz,85,m
Lamb Australian Imported Fresh Loin Separable Lean And Fat Trimmed To 1/8 Inch Fat Raw,Meats,203,19.32,0,13.38,1 oz,28.4,m
Lamb Australian Imported Fresh Loin Separable Lean And Fat Trimmed To 1/8 Inch Fat Cooked Broiled,Meats,219,25.49,0,12.25,3 oz,85,m
Lamb Australian Imported Fresh Loin Separable Lean Only Trimmed To 1/8 Inch Fat Raw,Meats,146,21,0,6.24,1 oz,28.4,m
Lamb Australian Imported Fresh Rib Chop Frenched Bone-In Separable Lean Only Trimmed To 1/8 Inch Fat Cooked Grilled,Meats,234,32.16,0,11.68,3 oz,85,m
Lamb Australian Imported Fresh Shoulder Whole (Arm And Blade) Separable Lean And Fat Trimmed To 1/8 Inch Fat Raw,Meats,256,16.68,0,20.47,1 oz,28.4,m
Lamb Australian Imported Fresh Shoulder Whole (Arm And Blade) Separable Lean And Fat Trimmed To 1/8 Inch Fat Cooked,Meats,296,23.58,0,21.65,3 oz,85,m
Lamb Australian Imported Fresh Shoulder Whole (Arm And Blade) Separable Lean Only   Trimmed To 1/8 Inch Fat Raw,Meats,155,19.36,0,8.01,1 oz,28.4,m
Lamb Australian Imported Fresh Shoulder Whole (Arm And Blade) Separable Lean Only Trimmed To 1/8 Inch Fat Cooked,Meats,233,26.18,0,13.44,3 oz,85,m
Lamb Australian Imported Fresh Shoulder Blade Separable Lean And Fat Trimmed To 1/8 Inch Fat Raw,Meats,262,16.48,0,21.28,1 oz,28.4,m
Lamb Australian Imported Fresh Shoulder Blade Separable Lean And Fat Trimmed To 1/8 Inch Fat Cooked Broiled,Meats,291,21.71,0,22.03,3 oz,85,m
Lamb Australian Imported Fresh Shoulder Blade Separable Lean Only Trimmed To 1/8 Inch Fat Raw,Meats,164,19.1,0,9.09,1 oz,28.4,m
Lamb Australian Imported Fresh Shoulder Blade Separable Lean Only Trimmed To 1/8 Inch Fat Cooked Broiled,Meats,231,23.83,0,14.38,3 oz,85,m
Game Meat Bison Chuck Shoulder Clod Separable Lean Only Raw,Meats,119,21.12,0,3.15,1 serving ( 3 oz ),85,m
Game Meat Bison Ribeye Separable Lean Only 1 Inch Steak Cooked Broiled,Meats,177,29.45,0,5.67,1 serving ( 3 oz ),85,m
Game Meat Bison Top Round Separable Lean Only 1 Inch Steak Cooked Broiled,Meats,174,30.18,0,4.96,1 serving ( 3 oz ),85,m
Game Meat Bison Top Round Separable Lean Only 1 Inch Steak Raw,Meats,122,23.32,0,2.43,1 serving ( 3 oz ),85,m
Game Meat Deer Ground Raw,Meats,157,21.78,0,7.13,1 patty (cooked from 4 oz raw),85,m
Game Meat Deer Ground Cooked Pan-Broiled,Meats,187,26.45,0,8.22,1 patty,93,m
Game Meat Deer Loin Separable Lean Only 1 Inch Steak Cooked Broiled,Meats,150,30.2,0,2.38,1 steak,54,m
Game Meat Deer Shoulder Clod Separable Lean Only Cooked Braised,Meats,191,36.28,0,3.95,1 serving ( 3 oz ),85,m
Veal Australian Shank Hind Bone-In Separable Lean Only Raw,Meats,122,20.37,0,4.47,3 oz,85,m
Veal Australian Shank Hind Bone-In Separable Lean And Fat,Meats,144,19.78,0,7.2,3 oz,85,m
Lamb Australian Ground  85% Lean / 15% Fat Raw,Meats,255,17.14,0,20.71,1 serving (4 oz),113,m
Lamb New Zealand Imported Intermuscular Fat Cooked,Meats,596,8.53,0,62.44,No data available,No data available,m
Lamb New Zealand Imported Breast Separable Lean Only Cooked Braised,Meats,270,28.16,0,17.53,3 oz,85,m
Lamb New Zealand Imported Breast Separable Lean Only Raw,Meats,149,18.31,1.02,7.98,4 oz,113,m
Lamb New Zealand Imported Chump Boneless Separable Lean Only Cooked Fast Roasted,Meats,142,23.69,0,5.27,3 oz,85,m
Lamb New Zealand Imported Subcutaneous Fat Cooked,Meats,674,5.24,0.62,72.28,No data available,No data available,m
Lamb New Zealand Imported Liver Cooked Soaked And Fried,Meats,168,25.8,1.48,6.56,3 oz,85,m
Lamb New Zealand Imported Liver Raw,Meats,136,20.7,2.22,4.92,4 oz,113,m
Lamb New Zealand Imported Ground Lamb Cooked Braised,Meats,192,22.6,0,11.34,3 oz,85,m
Lamb New Zealand Imported Ground Lamb Raw,Meats,193,20.33,0,12.41,4 oz,113,m
Lamb New Zealand Imported Testes Cooked Soaked And Fried,Meats,125,21.01,0,4.56,3 oz,85,m
Lamb New Zealand Imported Testes Raw,Meats,68,11.4,0.14,2.38,4 oz,113,m
Lamb New Zealand Imported Tongue - Swiss Cut Cooked Soaked And Simmered,Meats,272,17.51,0.86,22.04,3 oz,85,m
Lamb New Zealand Imported Tongue - Swiss Cut Raw,Meats,225,14.27,0,18.61,4 oz,113,m
Lamb New Zealand Imported Tenderloin Separable Lean Only Cooked Fast Fried,Meats,155,27.94,0,4.81,3 oz,85,m
Lamb New Zealand Imported Tenderloin Separable Lean Only Raw,Meats,116,20.53,0,3.81,4 oz,113,m
Lamb New Zealand Imported Loin Saddle Separable Lean Only Cooked Fast Roasted,Meats,162,25.53,0,6.7,3 oz,85,m
Lamb New Zealand Imported Loin Saddle Separable Lean Only Raw,Meats,131,20.86,0,5.32,4 oz,113,m
Lamb New Zealand Imported Neck Chops Separable Lean Only Cooked Braised,Meats,264,31.4,0,15.36,3 oz,85,m
Lamb New Zealand Imported Netted Shoulder Rolled Boneless Separable Lean Only Cooked Slow Roasted,Meats,199,25.14,0,10.91,3 oz,85,m
Lamb New Zealand Imported Netted Shoulder Rolled Boneless Separable Lean Only Raw,Meats,143,20.2,0,6.88,4 oz,113,m
Lamb New Zealand Imported Rack - Fully Frenched Separable Lean Only Cooked Fast Roasted,Meats,173,24.39,0,8.38,3 oz,85,m
Lamb New Zealand Imported Flap Boneless Separable Lean And Fat Cooked Braised,Meats,376,20.48,0.14,32.63,3 oz,85,m
Lamb New Zealand Imported Flap Boneless Separable Lean And Fat Raw,Meats,337,16.17,0.27,30.14,4 oz,113,m
Lamb New Zealand Imported Hind-Shank Separable Lean And Fat Cooked Braised,Meats,247,29.59,0.04,14.22,3 oz,85,m
Lamb New Zealand Imported Hind-Shank Separable Lean And Fat Raw,Meats,186,18.39,0.73,12.12,4 oz,113,m
Lamb New Zealand Imported Loin Boneless Separable Lean And Fat Cooked Fast Roasted,Meats,157,28.96,0,4.57,3 oz,85,m
Lamb New Zealand Imported Loin Boneless Separable Lean And Fat Raw,Meats,122,21.44,0,3.99,4 oz,113,m
Lamb New Zealand Imported Neck Chops Separable Lean And Fat Cooked Braised,Meats,307,28.53,0.03,21.43,3 oz,85,m
Lamb New Zealand Imported Neck Chops Separable Lean And Fat Raw,Meats,231,17.43,0.14,17.9,4 oz,113,m
Lamb New Zealand Imported Netted Shoulder Rolled Boneless Separable Lean And Fat Cooked Slow Roasted,Meats,287,21.45,0.05,22.33,3 oz,85,m
Lamb New Zealand Imported Tenderloin Separable Lean And Fat Cooked Fast Fried,Meats,157,27.87,0,5,3 oz,85,m
Lamb New Zealand Imported Rack - Fully Frenched Separable Lean And Fat Cooked Fast Roasted,Meats,195,23.56,0.01,11.2,3 oz,85,m
Lamb New Zealand Imported Rack - Fully Frenched Separable Lean And Fat Raw,Meats,169,19.88,0.05,9.96,4 oz,113,m
Lamb New Zealand Imported Tunnel-Boned Leg Chump Off Shank Off Separable Lean And Fat Cooked Slow Roasted,Meats,208,23.41,0.03,12.68,3 oz,85,m
Veal Leg Top Round Cap Off Cutlet Boneless Raw,Meats,107,22.07,0,2.07,3 oz,85,m
Veal Loin Chop Separable Lean Only Cooked Grilled,Meats,159,29.75,0.07,4.44,3 oz,85,m
Veal Shank Separable Lean Only Raw,Meats,94,19.77,0,1.64,3 oz,85,m
Veal Foreshank Osso Buco Separable Lean Only Cooked Braised,Meats,157,29.12,0,4.51,3 oz,85,m
Veal Seam Fat Only Cooked,Meats,505,11.16,2.11,50.17,No data available,No data available,m
Veal Shank Separable Lean And Fat Raw,Meats,107,19.28,0,3.3,3 oz,85,m
Veal Foreshank Osso Buco Separable Lean And Fat Cooked Braised,Meats,182,27.94,0.11,7.77,3 oz,85,m
Veal Loin Chop Separable Lean And Fat Cooked Grilled,Meats,198,28.04,0.16,9.48,3 oz,85,m
Veal Shoulder Blade Chop Separable Lean And Fat Cooked Grilled,Meats,199,25.72,0.15,10.57,3 oz,85,m
Lamb Australian Imported Fresh Tenderloin Boneless Separable Lean Only Trimmed To 1/8 Inch Fat Raw,Meats,136,23.42,0,4.73,4 oz,114,m
Lamb Australian Imported Fresh Leg Bottom Boneless Separable Lean Only Trimmed To 1/8 Inch Fat Raw,Meats,136,22.28,0,5.24,4 oz,114,m
Lamb Australian Imported Fresh Leg Trotter Off Bone-In Separable Lean Only Trimmed To 1/8 Inch Fat Cooked Roasted,Meats,215,32.08,0,9.59,3 oz,85,m
Lamb Australian Imported Fresh Leg Trotter Off Bone-In Separable Lean Only Trimmed To 1/8 Inch Fat Raw,Meats,131,23.11,0,4.33,4 oz,114,m
Lamb Australian Imported Fresh Seam Fat Cooked,Meats,554,13.81,1.55,54.72,No data available,No data available,m
Lamb Australian Imported Fresh Seam Fat Raw,Meats,459,15.65,0,44.01,No data available,No data available,m
Lamb Australian Imported Fresh Leg Bottom Boneless Separable Lean And Fat Trimmed To 1/8 Inch Fat Cooked Roasted,Meats,219,27.54,0,12.04,3 oz,85,m
Lamb Australian Imported Fresh Leg Bottom Boneless Separable Lean And Fat Trimmed To 1/8 Inch Fat Raw,Meats,187,20.97,0,11.43,4 oz,114,m
Lamb Australian Imported Fresh Tenderloin Boneless Separable Lean And Fat Trimmed To 1/8 Inch Fat Raw,Meats,143,23.23,0,5.52,4 oz,114,m
Lamb Australian Imported Fresh Rib Chop Frenched Denuded Bone-In Separable Lean Only Trimmed To 0 Inch Fat Cooked Grilled,Meats,236,33.17,0,11.5,3 oz,85,m
Lamb Australian Imported Fresh Rack Roast Frenched Denuded Bone-In Separable Lean And Fat Trimmed To 0 Inch Fat Cooked Roasted,Meats,193,25.95,0,9.91,3 oz,85,m
Lamb Australian Imported Fresh Rack Roast Frenched Bone-In Separable Lean And Fat Trimmed To 1/8 Inch Fat Cooked Roasted,Meats,291,25.96,0,20.77,3 oz,85,m
Quail Breast Meat Only Raw,Meats,123,22.59,0,2.99,3 oz,85,m
Chicken Broiler Rotisserie BBQ Wing Meat And Skin,Meats,257,23.42,0.6,18.04,1 wing,51,m
Ruffed Grouse Breast Meat Skinless Raw,Meats,112,25.94,0,0.88,4 oz,113,m
Emu Ground Raw,Meats,134,22.77,0,4.03,1 patty,117,m
Emu Ground Cooked Pan-Broiled,Meats,163,28.43,0,4.65,1 patty (yield from 135.8 g raw meat),109,m
Emu Full Rump Cooked Broiled,Meats,168,33.67,0,2.68,1 serving ( 3 oz ),85,m
Emu Inside Drum Raw,Meats,108,22.22,0,1.49,3 oz,85,m
Emu Inside Drums Cooked Broiled,Meats,156,32.38,0,2.01,1 serving ( 3 oz ),85,m
Emu Outside Drum Raw,Meats,103,23.08,0,0.48,3 oz,85,m
Emu Oyster Raw,Meats,141,22.81,0,4.86,3 oz,85,m
Ostrich Inside Leg Raw,Meats,111,22.39,0,1.72,1 serving ( cooked from 4 oz raw ),85,m
Ostrich Inside Leg Cooked,Meats,141,29.01,0,1.94,1 serving ( 3 oz ),85,m
Ostrich Inside Strip Raw,Meats,127,23.69,0,2.87,1 serving (cooked from 4 oz raw),85,m
Ostrich Steak,Meats,164,29.37,0,4.26,1 serving ( 3 oz ),85,m
Ostrich Oyster Cooked,Meats,159,28.81,0,3.97,1 serving ( 3 oz ),85,m
Ostrich Round Raw,Meats,116,21.99,0,2.4,1 serving (cooked from 4 oz raw),85,m
Ostrich Tenderloin Raw,Meats,123,22.07,0,3.19,1 serving (cooked from 4 oz raw),85,m
Ostrich Tip Trimmed Raw,Meats,114,21.85,0,2.3,1 serving ( cooked from 4 oz raw),85,m
Raw Fatfree Ground Turkey,Meats,112,23.57,0,1.95,1 patty (cooked from 4 oz raw),85,m
Fat Free Ground Turkey,Meats,151,31.69,0,2.71,3 oz,85,m
Fat Free Broiled Turkey Patties,Meats,138,28.99,0,2.48,1 patty,85,m
Ground Turkey 93% Lean 7% Fat Raw,Meats,150,18.73,0,8.34,1 oz,28.4,m
Ground Turkey 93% Lean 7% Fat Pan-Broiled Crumbles,Meats,213,27.1,0,11.6,3 oz,85,m
Chicken Broilers Or Fryers Dark Meat Drumstick Meat Only Cooked Braised,Meats,149,23.93,0,5.95,1 drumstick without skin,95,m
Chicken Broilers Or Fryers Dark Meat Thigh Meat Only Cooked Braised,Meats,176,24.55,0,8.63,1 thigh without skin,111,m
Chicken Skin (Drumsticks And Thighs) Cooked Braised,Meats,443,14.61,0,42.76,1 oz,28.4,m
Chicken Skin (Drumsticks And Thighs) Raw,Meats,440,9.58,0.79,44.23,1 oz,28.4,m
Chicken Dark Meat Drumstick Meat Only With Added Solution Cooked Roasted,Meats,146,25.34,0,5,1 drumstick without skin,91,m
Chicken Dark Meat Drumstick Meat Only With Added Solution Cooked Braised,Meats,149,22.99,0,6.33,1 drumstick without skin,95,m
Chicken Dark Meat Thigh Meat Only With Added Solution Cooked Braised,Meats,164,23,0,7.96,3 oz,85,m
Chicken Dark Meat Thigh Meat Only With Added Solution Raw,Meats,110,19.11,0,3.69,3 oz,85,m
Chicken Dark Meat Drumstick Meat And Skin With Added Solution Raw,Meats,146,18.03,0,8.24,1 drumstick with skin,143,m
Chicken Dark Meat Drumstick Meat And Skin With Added Solution Cooked Roasted,Meats,180,24.72,0.05,9,1 drumstick with skin,129,m
Chicken Dark Meat Thigh Meat And Skin With Added Solution Cooked Braised,Meats,215,20.7,0.21,14.62,3 oz,85,m
Chicken Dark Meat Thigh Meat And Skin With Added Solution Raw,Meats,197,16.56,0,14.58,3 oz,85,m
Turkey From Whole Light Meat Meat Only With Added Solution Raw,Meats,101,21.54,0,1.66,4 oz,114,m
Turkey From Whole Light Meat Meat Only With Added Solution Cooked Roasted,Meats,127,26.97,0,2.08,3 oz,85,m
Turkey Skin From Whole (Light And Dark) With Added Solution Raw,Meats,381,12.29,0.21,36.8,1 oz,28.4,m
Turkey Skin From Whole (Light And Dark) With Added Solution Roasted,Meats,451,22.15,0,40.31,1 oz,28.4,m
Turkey Whole Meat Only With Added Solution Raw,Meats,106,20.87,0.14,2.39,3 oz,85,m
Turkey Whole Meat Only With Added Solution Roasted,Meats,140,26.61,0,3.7,3 oz,28,m
Turkey Whole Meat And Skin With Added Solution Raw,Meats,159,19.03,0.15,9.1,3 oz,85,m
Turkey Whole Meat And Skin With Added Solution Roasted,Meats,176,26.09,0,8.01,3 oz,85,m
Turkey Retail Parts Wing Meat Only Cooked Roasted,Meats,170,30.17,0,5.51,3 oz,85,m
Turkey Skin From Retail Parts From Dark Meat Raw,Meats,380,14.35,0,35.83,1 oz,28.4,m
Turkey Skin From Retail Parts From Dark Meat Cooked Roasted,Meats,414,24.58,0,35.03,1 oz,28.4,m
Turkey Retail Parts Drumstick Meat Only Raw,Meats,118,20.52,0,3.97,3 oz,85,m
Turkey Breast From Whole Bird Meat Only With Added Solution Raw,Meats,102,21.54,0.14,1.66,4 oz,114,m
Turkey Retail Parts Thigh Meat Only Cooked Roasted,Meats,159,25.14,0.46,6.25,3 oz,85,m
Turkey Retail Parts Drumstick Meat Only Cooked Roasted,Meats,173,28.61,0,6.52,3 oz,28,m
Olive Loaf Pork,Meats,235,11.8,9.2,16.5,1 slice (1 oz) (4 inch x 4 inch x 3/32 inch thick),28,m
Pastrami Turkey,Meats,139,16.3,3.34,6.21,2 slices,57,m
Pate Chicken Liver Canned,Meats,201,13.45,6.55,13.1,1 tbsp,13,m
Pate Goose Liver Smoked Canned,Meats,462,11.4,4.67,43.84,1 tbsp,13,m
Pate Liver Not Specified Canned,Meats,319,14.2,1.5,28,1 tbsp,13,m
Luxury Loaf Pork,Meats,141,18.4,4.9,4.8,1 slice (1 oz) (4 inch x 4 inch x 3/32 inch thick),28,m
Mothers Loaf Pork,Meats,282,12.07,7.53,22.3,1 oz,28.4,m
Picnic Loaf Pork Beef,Meats,232,14.92,4.76,16.64,1 slice (1 oz) (4 inch x 4 inch x 3/32 inch thick),28,m
Pork Sausage Link/patty Unprepared,Meats,288,15.39,0.93,24.8,1 link,25,m
Salami Cooked Beef,Meats,261,12.6,1.9,22.2,1 slice,26,m
Salami Cooked Beef And Pork,Meats,336,21.85,2.4,25.9,1 slice round,12.3,m
Turkey Salami,Meats,172,19.2,1.55,9.21,1 serving,28,m
Dry Pork Salami,Meats,407,22.58,1.6,33.72,1 package (4 oz),113,m
Smoked Link Sausage Pork And Beef Nonfat Dry Milk Added,Meats,313,13.28,1.92,27.61,1 link (4 inch long x 1-1/8 inch dia),68,m
Thuringer Cervelat Summer Sausage Beef Pork,Meats,362,17.45,3.33,30.43,2 oz 1 serving,56,m
Turkey Breast Sliced Prepackaged,Meats,106,14.81,2.2,3.77,1 slice,15,m
Sausage Vienna Canned Chicken Beef Pork,Meats,230,10.5,2.6,19.4,1 sausage (7/8 inch dia x 2 inch long),16,m
Honey Roll Sausage Beef,Meats,182,18.58,2.18,10.5,1 slice (4 inch dia x 1/8 inch thick),23,m
Oscar Mayer Braunschweiger Liver Sausage (Sliced),Meats,331,14.25,2.6,29.35,3 oz,85,m
Oscar Mayer Chicken Breast (Honey Glazed),Meats,109,19.85,4.3,1.5,1 serving (4 slices),52,m
Oscar Mayer Ham (Chopped With Natural Juice),Meats,180,16.3,3.65,11.15,1 serving (1 slice),28,m
Oscar Mayer Salami (Hard),Meats,368,25.9,1.6,28.7,1 serving 3 slices,27,m
Turkey Pork And Beef Sausage Low Fat Smoked,Meats,101,8,11.54,2.5,3 oz,85,m
Frankfurter Beef Pork And Turkey Fat Free,Meats,109,12.5,11.21,1.59,1 frank 1 nlea serving,57,m
Luncheon Meat Pork Ham And Chicken Minced Canned Reduced Sodium Added Ascorbic Acid Includes Spam 25% Less Sodium,Meats,293,12.5,3.4,25.1,2 oz 1 nlea serving,56,m
Luncheon Meat Pork With Ham Minced Canned Includes Spam (Hormel),Meats,315,13.4,4.6,26.6,2 oz 1 nlea serving,56,m
Sweet Italian Sausage,Meats,149,16.13,2.1,8.42,1 link 3 oz,84,m
Beef And Chicken Polish Sausage,Meats,259,17.6,3.6,19.4,1 serving 5 pieces,55,m
Sausage Polish Pork And Beef Smoked,Meats,301,12.07,1.98,26.56,1 serving 2.67 oz,76,m
Sausage Pork And Beef With Cheddar Cheese Smoked,Meats,296,12.89,2.13,25.84,12 oz serving 2.7 oz,77,m
Bratwurst Beef And Pork Smoked,Meats,297,12.2,2,26.34,1 serving 2.33 oz,66,m
Bratwurst Chicken Cooked,Meats,176,19.44,0,10.35,1 serving 2.96 oz,84,m
Bratwurst Pork Beef And Turkey Lite Smoked,Meats,186,14.45,1.62,13.53,1 serving 2.33 oz,66,m
Lowfat Pastrami,Meats,95,19.6,1.54,1.16,1 serving 6 slices,57,m
Yachtwurst With Pistachio Nuts Cooked,Meats,268,14.8,1.4,22.6,1 serving 2 oz,56,m
Beerwurst Pork And Beef,Meats,276,14,4.27,22.53,1 serving 2 oz,56,m
Chicken Breast Fat-Free Mesquite Flavor Sliced,Meats,80,16.8,2.25,0.39,1 serving 2 slices,42,m
Chicken Breast Oven-Roasted Fat-Free Sliced,Meats,79,16.79,2.17,0.39,1 serving 2 slices,42,m
Frankfurter Pork,Meats,269,12.81,0.28,23.68,1 link,76,m
Macaroni And Cheese Loaf Chicken Pork And Beef,Meats,228,11.76,11.63,14.96,1 slice,38,m
Salami Italian Pork And Beef Dry Sliced 50% Less Sodium,Meats,350,21.8,6.4,26.4,1 serving 5 slices,28,m
Pate Truffle Flavor,Meats,327,11.2,6.3,28.5,1 serving 2 oz,56,m
Frankfurter Meat,Meats,290,10.26,4.17,25.76,1 serving (1 hot dog),52,m
Scrapple Pork,Meats,213,8.06,14.06,13.87,1 cubic inch,17,m
Bologna Chicken Turkey Pork,Meats,298,9.88,5.65,26.18,1 serving,28,m
Pork Sausage Link/patty Fully Cooked Microwaved,Meats,438,15.12,0.62,41.66,1 patty,30,m
Beef Top Loin Petite Roast Boneless Separable Lean Only Trimmed To 1/8 Inch Fat All Grades Cooked Roasted,Meats,195,28.33,0.82,8.76,3 oz,85,m
Beef Top Loin Petite Roast Boneless Separable Lean Only Trimmed To 1/8 Inch Fat Choice Cooked Roasted,Meats,206,28.24,0.88,9.97,3 oz,85,m
Beef Top Loin Petite Roast Boneless Separable Lean Only Trimmed To 1/8 Inch Fat Select Cooked Roasted,Meats,179,28.48,0.74,6.95,3 oz,85,m
Beef Top Loin Petite Roast/filet Boneless Separable Lean Only Trimmed To 1/8 Inch Fat All Grades Raw,Meats,143,22.61,0,5.84,3 oz,85,m
Beef Loin Top Sirloin Filet Boneless Separable Lean Only Trimmed To 0 Inch Fat Select Cooked Grilled,Meats,165,30.78,0,4.68,1 fillet,115,m
Beef Loin Top Sirloin Petite Roast Boneless Separable Lean Only Trimmed To 0 Inch Fat All Grades Cooked Roasted,Meats,170,29.12,0,5.92,3 oz,85,m
Beef Loin Top Sirloin Petite Roast Boneless Separable Lean Only Trimmed To 0 Inch Fat Select Cooked Roasted,Meats,165,29.35,0,5.25,3 oz,85,m
Beef Loin Top Sirloin Petite Roast/filet Boneless Separable Lean Only Trimmed To 0 Inch Fat All Grades Raw,Meats,128,23.04,0,3.98,3 oz,85,m
Beef Ribeye Cap Steak Boneless Separable Lean Only Trimmed To 0 Inch Fat All Grades Cooked Grilled,Meats,246,24.66,1.53,15.7,3 oz,85,m
Beef Ribeye Cap Steak Boneless Separable Lean Only Trimmed To 0 Inch Fat Choice Cooked Grilled,Meats,259,24.24,1.81,17.21,3 oz,85,m
Beef Ribeye Cap Steak Boneless Separable Lean Only Trimmed To 0 Inch Fat Select Cooked Grilled,Meats,226,25.28,1.1,13.43,3 oz,85,m
Beef Ribeye Cap Steak Boneless Separable Lean Only Trimmed To 0 Inch Fat All Grades Raw,Meats,180,19.7,1.51,10.6,3 oz,85,m
Beef Ribeye Petite Roast Boneless Separable Lean Only Trimmed To 0 Inch Fat All Grades Cooked Roasted,Meats,178,28.15,0,7.31,3 oz,85,m
Beef Ribeye Petite Roast Boneless Separable Lean Only Trimmed To 0 Inch Fat Choice Cooked Roasted,Meats,188,28,0,8.42,3 oz,85,m
Beef Ribeye Petite Roast Boneless Separable Lean Only Trimmed To 0 Inch Fat Select Cooked Roasted,Meats,164,28.37,0,5.65,3 oz,85,m
Beef Loin Top Sirloin Cap Steak Boneless Separable Lean And Fat Trimmed To 1/8 Inch Fat All Grades Cooked Grilled,Meats,242,26,0.8,15,3 oz,85,m
Beef Loin Top Sirloin Cap Steak Boneless Separable Lean And Fat Trimmed To 1/8 Inch Fat Select Raw,Meats,179,20.1,0,10.9,3 oz,85,m
Beef Top Loin Filet Boneless Separable Lean And Fat Trimmed To 1/8 Inch Fat All Grades Cooked Grilled,Meats,239,27.4,0.6,14.1,1 fillet,135,m
Beef Top Loin Filet Boneless Separable Lean And Fat Trimmed To 1/8 Inch Fat Choice Cooked Grilled,Meats,253,26.8,0.6,15.9,1 fillet,135,m
Beef Top Loin Filet Boneless Separable Lean And Fat Trimmed To 1/8 Inch Fat Select Cooked Grilled,Meats,219,28.3,0.4,11.6,1 fillet,135,m
Beef Top Loin Petite Roast/filet Boneless Separable Lean And Fat Trimmed To 1/8 Inch Fat Choice Raw,Meats,199,20.8,0.6,12.6,3 oz,85,m
Beef Top Loin Petite Roast/filet Boneless Separable Lean And Fat Trimmed To 1/8 Inch Fat Select Raw,Meats,170,21.6,0,9.3,3 oz,85,m
Beef Australian Imported Grass-Fed Ground 85% Lean / 15% Fat Raw,Meats,239,17.72,0,18.12,4 oz (4 oz),114,m
Beef Loin Top Loin Steak Boneless Lip-On Separable Lean Only Trimmed To 1/8 Inch Fat Choice Cooked Grilled,Meats,208,28.66,0,10.34,3 oz,85,m
Beef Loin Top Loin Steak Boneless Lip-On Separable Lean Only Trimmed To 1/8 Inch Fat Select Cooked Grilled,Meats,184,29.67,0,7.26,3 oz,85,m
Beef Loin Top Loin Steak Boneless Lip-On Separable Lean Only Trimmed To 1/8 Inch Fat All Grades Cooked Grilled,Meats,198,29.06,0,9.11,3 oz,85,m
Beef Loin Top Loin Steak Boneless Lip-On Separable Lean And Fat Trimmed To 1/8 Inch Fat Choice Raw,Meats,205,21.13,0,13.36,3 oz,85,m
Beef New Zealand Imported Brisket Point End Separable Lean Only Cooked Braised,Meats,202,34.51,0,7.05,3 oz,85,m
Beef New Zealand Imported Brisket Point End Separable Lean Only Raw,Meats,125,20.92,0,4.62,4 oz,114,m
Beef New Zealand Imported Chuck Eye Roll Separable Lean Only Raw,Meats,131,20.46,0,5.41,No data available,No data available,m
Beef New Zealand Imported Chuck Eye Roll Separable Lean Only Cooked Braised,Meats,208,32.08,0,8.89,1 serving,85,m
Beef New Zealand Imported Flank Separable Lean Only Cooked Braised,Meats,194,30.75,0,7.92,3 oz,85,m
Beef New Zealand Imported Flank Separable Lean Only Raw,Meats,142,20.53,0,6.67,4 oz,113,m
Beef New Zealand Imported Flat Separable Lean Only Cooked Braised,Meats,226,33.22,0,10.3,3 oz,85,m
Beef New Zealand Imported Flat Separable Lean Only Raw,Meats,154,21.3,0,7.69,4 oz,113,m
Beef New Zealand Imported Variety Meats And By-Products Heart Cooked Boiled,Meats,179,31.29,0,6,3 oz,85,m
Beef New Zealand Imported Intermuscular Fat Cooked,Meats,560,7.9,3.39,57.22,3 oz,85,m
Beef New Zealand Imported Intermuscular Fat Raw,Meats,602,6.97,0.01,63.78,4 oz,113,m
Beef New Zealand Imported Variety Meats And By-Products Kidney Cooked Boiled,Meats,157,27.28,0,5.27,3 oz,85,m
Beef New Zealand Imported Knuckle Cooked Fast Fried,Meats,178,27.51,0,7.58,3 oz,85,m
Beef New Zealand Imported Manufacturing Beef Raw,Meats,119,21.23,0.23,3.68,4 oz,113,m
Beef New Zealand Imported Oyster Blade Separable Lean Only Cooked Braised,Meats,196,29.87,0,8.46,3 oz,85,m
Beef New Zealand Imported Oyster Blade Separable Lean Only Raw,Meats,155,21.83,0,7.56,4 oz,113,m
Beef New Zealand Imported Ribs Prepared Cooked Fast Roasted,Meats,197,27.23,0.09,9.74,3 oz,85,m
Beef New Zealand Imported Subcutaneous Fat Cooked,Meats,731,6.5,0,78.3,3 oz,85,m
Beef New Zealand Imported Subcutaneous Fat Raw,Meats,685,8.5,0,72.38,4 oz,113,m
Beef New Zealand Imported Sweetbread Cooked Boiled,Meats,318,12.53,0,29.79,3 oz,85,m
Beef New Zealand Imported Sweetbread Raw,Meats,303,11.51,0,28.6,4 oz,113,m
Beef New Zealand Imported Tenderloin Separable Lean Only Cooked Fast Fried,Meats,200,29.37,0.27,9.01,3 oz,85,m
Beef New Zealand Imported Variety Meats And By-Products Tripe Cooked Boiled,Meats,103,19,0,2.98,3 oz,85,m
Beef New Zealand Imported Variety Meats And By-Products Tripe Uncooked Raw,Meats,77,14.86,0,1.98,4 oz,113,m
Beef New Zealand Imported Bolar Blade Separable Lean And Fat Cooked Fast Roasted,Meats,228,31.3,0,11.37,3 oz,85,m
Beef New Zealand Imported Bolar Blade Separable Lean And Fat Raw,Meats,159,21.29,0,8.22,4 oz,114,m
Beef New Zealand Imported Chuck Eye Roll Separable Lean And Fat Cooked Braised,Meats,252,29.92,0,14.74,3 oz,85,m
Beef New Zealand Imported Chuck Eye Roll Separable Lean And Fat Raw,Meats,181,19.38,0,11.45,4 oz,114,m
Beef New Zealand Imported Cube Roll Separable Lean And Fat Cooked Fast Roasted,Meats,286,27.79,0.03,19.45,3 oz,85,m
Beef New Zealand Imported Cube Roll Separable Lean And Fat Raw,Meats,225,18.22,1.26,16.31,4 oz,114,m
Beef New Zealand Imported Flat Separable Lean And Fat Raw,Meats,177,20.57,0,10.55,4 oz,113,m
Beef New Zealand Imported Hind Shin Separable Lean And Fat Cooked Braised,Meats,196,29.82,0.07,8.5,3 oz,85,m
Beef New Zealand Imported Hind Shin Separable Lean And Fat Raw,Meats,147,20.61,0,7.2,4 oz,113,m
Beef New Zealand Imported Oyster Blade Separable Lean And Fat Cooked Braised,Meats,197,29.79,0,8.68,3 oz,85,m
Beef New Zealand Imported Striploin Separable Lean And Fat Raw,Meats,252,18.49,0.6,19.53,4 oz,113,m
Beef New Zealand Imported Tenderloin Separable Lean And Fat Cooked Fast Fried,Meats,202,29.26,0.27,9.35,3 oz,85,m
Beef New Zealand Imported Tenderloin Separable Lean And Fat Raw,Meats,146,21.04,0,6.88,4 oz,113,m
Beef Ground 93% Lean Meat / 7% Fat Raw,Meats,152,20.85,0,7,4 oz,113,m
Beef Ground 97% Lean Meat / 3% Fat Raw,Meats,121,21.98,0,3,4 oz,113,m
Broiled Ground Beef Patty (97% Lean),Meats,153,26.36,0,4.46,3 oz,85,m
Pan-Broiled Ground Beef Patty (97% Lean),Meats,144,26.03,0,3.65,3 oz,85,m
Beef Ground 97% Lean Meat / 3% Fat Loaf Cooked Baked,Meats,154,27.58,0,4.06,3 oz,85,m
Beef Round Bottom Round Steak Separable Lean Only Trimmed To 1/8 Inch Fat Choice Cooked Braised,Meats,228,34.22,0,9.02,1 oz,28.4,m
Beef Short Loin Top Loin Steak Separable Lean Only Trimmed To 1/8 Inch Fat Choice Raw,Meats,155,22.78,0,6.43,3 oz,85,m
Beef Tenderloin Steak Separable Lean Only Trimmed To 1/8 Inch Fat Choice Cooked Broiled,Meats,206,29.01,0,9.1,1 oz,28.4,m
Beef Top Sirloin Steak Separable Lean Only Trimmed To 1/8 Inch Fat Choice Cooked Broiled,Meats,187,29.51,0,6.72,1 oz,28.4,m
Beef Short Loin Top Loin Steak Separable Lean Only Trimmed To 1/8 Inch Fat Choice Cooked Broiled,Meats,201,29.16,0,8.45,1 oz,28.4,m
Beef Round Eye Of Round Roast Separable Lean Only Trimmed To 1/8 Inch Fat Select Raw,Meats,119,22.31,0,2.62,1 oz,28.4,m
Beef Round Top Round Steak Separable Lean Only Trimmed To 1/8 Inch Fat Select Raw,Meats,129,23.13,0,3.37,1 oz,28.4,m
Beef Round Bottom Round Roast Separable Lean Only Trimmed To 1/8 Inch Fat Select Raw,Meats,128,22.18,0,3.66,1 oz,28.4,m
Beef Rib Small End (Ribs 10-12) Separable Lean Only Trimmed To 1/8 Inch Fat All Grades Cooked Broiled,Meats,195,29.58,0,7.63,1 oz,28.4,m
Beef Bottom Sirloin Tri-Tip Roast Separable Lean Only Trimmed To 0 Inch Fat Select Raw,Meats,129,21.34,0,4.21,3 oz,85,m
Beef Round Tip Round Roast Separable Lean Only Trimmed To 0 Inch Fat All Grades Raw,Meats,126,21.07,0,3.95,3 oz,85,m
Beef Round Tip Round Roast Separable Lean Only Trimmed To 0 Inch Fat Choice Raw,Meats,130,20.76,0,4.55,3 oz,85,m
Beef Round Tip Round Roast Separable Lean Only Trimmed To 0 Inch Fat Select Raw,Meats,122,21.38,0,3.35,3 oz,85,m
Beef Brisket Flat Half Separable Lean And Fat Trimmed To 1/8 Inch Fat Choice Raw,Meats,278,18.12,0.12,22.15,3 oz,85,m
Beef Brisket Flat Half Separable Lean And Fat Trimmed To 1/8 Inch Fat Select Raw,Meats,276,17.77,0,22.21,3 oz,85,m
Beef Brisket Flat Half Separable Lean And Fat Trimmed To 1/8 Inch Fat Choice Cooked Braised,Meats,298,28.66,0,19.47,3 oz,85,m
Beef Shoulder Pot Roast Or Steak Boneless Separable Lean And Fat Trimmed To 0 Inch Fat All Grades Raw,Meats,130,21.39,0,4.97,3 oz,85,m
Beef Short Loin Porterhouse Steak Separable Lean And Fat Trimmed To 1/8 Inch Fat All Grades Raw,Meats,214,20.49,0,14.06,3 oz,85,m
Beef Short Loin T-Bone Steak Separable Lean And Fat Trimmed To 1/8 Inch Fat All Grades Cooked Grilled,Meats,289,24.6,0,20.36,3 oz,85,m
Beef Short Loin T-Bone Steak Separable Lean And Fat Trimmed To 1/8 Inch Fat Select Raw,Meats,215,20.28,0,14.19,3 oz,85,m
Beef Short Loin T-Bone Steak Separable Lean And Fat Trimmed To 1/8 Inch Fat Select Cooked Grilled,Meats,281,25.18,0,19.22,3 oz,85,m
Beef Round Knuckle Tip Side Steak Separable Lean And Fat Trimmed To 0 Inch Fat Choice Raw,Meats,133,21.41,0,4.66,3 oz,85,m
Beef Chuck Shoulder Clod Shoulder Tender Medallion Separable Lean And Fat Trimmed To 0 Inch Fat Choice Cooked Grilled,Meats,181,26.07,0,7.68,1 medallion,30,m
Beef Chuck Shoulder Clod Shoulder Tender Medallion Separable Lean And Fat Trimmed To 0 Inch Fat Select Raw,Meats,142,20.93,0,5.79,1 medallion,44,m
Beef Chuck Shoulder Clod Shoulder Top And Center Steaks Separable Lean And Fat Trimmed To 0 Inch Fat Choice Raw,Meats,143,20.39,0,6.12,3 oz,85,m
Beef Chuck Shoulder Clod Shoulder Top And Center Steaks Separable Lean And Fat Trimmed To 0 Inch Fat Choice Cooked Grilled,Meats,184,26.07,0,8.11,1 serving (3 oz),85,m
Beef Chuck Shoulder Clod Top Blade Steak Separable Lean And Fat Trimmed To 0 Inch Fat Select Raw,Meats,166,19.38,0,9.22,3 oz,85,m
Beef Chuck Shoulder Clod Top Blade Steak Separable Lean And Fat Trimmed To 0 Inch Fat Select Cooked Grilled,Meats,212,25.29,0,11.52,1 serving (3 oz),85,m
Beef Round Knuckle Tip Center Steak Separable Lean And Fat Trimmed To 0 Inch Fat Choice Raw,Meats,150,20.74,0,6.85,3 oz,85,m
Beef Round Knuckle Tip Center Steak Separable Lean And Fat Trimmed To 0 Inch Fat Choice Cooked Grilled,Meats,188,26.88,0,8.13,3 oz,85,m
Beef Round Knuckle Tip Center Steak Separable Lean And Fat Trimmed To 0 Inch Fat Select Raw,Meats,137,20.98,0,5.21,3 oz,85,m
Beef Round Outside Round Bottom Round Steak Separable Lean And Fat Trimmed To 0 Inch Fat Select Cooked Grilled,Meats,166,28.01,0,5.17,1 serving (3 oz),85,m
Beef Chuck Shoulder Clod Shoulder Tender Medallion Separable Lean And Fat Trimmed To 0 Inch Fat All Grades Raw,Meats,144,20.54,0,6.22,1 medallion,41,m
Beef Chuck Shoulder Clod Shoulder Tender Medallion Separable Lean And Fat Trimmed To 0 Inch Fat All Grades Cooked Grilled,Meats,177,26.22,0,7.2,1 medallion,32,m
Beef Round Knuckle Tip Side Steak Separable Lean And Fat Trimmed To 0 Inch Fat All Grades Raw,Meats,129,21.69,0,4,3 oz,85,m
Beef Chuck Shoulder Clod Top Blade Steak Separable Lean And Fat Trimmed To 0 Inch Fat All Grades Cooked Grilled,Meats,222,24.93,0,12.79,1 serving (3 oz),85,m
Beef Round Knuckle Tip Center Steak Separable Lean And Fat Trimmed To 0 Inch Fat All Grades Raw,Meats,143,20.93,0,5.89,3 oz,85,m
Beef Round Knuckle Tip Center Steak Separable Lean And Fat Trimmed To 0 Inch Fat All Grades Cooked Grilled,Meats,177,27.12,0,6.78,1 steak,150,m
Beef Round Outside Round Bottom Round Steak Separable Lean And Fat Trimmed To 0 Inch Fat All Grades Raw,Meats,142,21.59,0,5.53,3 oz,85,m
Beef Rib Eye Roast Boneless Lip-On Separable Lean Only Trimmed To 1/8 Inch Fat Select Cooked Roasted,Meats,202,28.72,0,9.68,3 oz,85,m
Beef Plate Steak Boneless Inside Skirt Separable Lean Only Trimmed To 0 Inch Fat All Grades Cooked Grilled,Meats,234,29.99,0,12.69,3 oz,85,m
Beef Plate Steak Boneless Inside Skirt Separable Lean Only Trimmed To 0 Inch Fat All Grades Raw,Meats,164,21.17,0,8.82,3 oz,85,m
Beef Plate Steak Boneless Inside Skirt Separable Lean Only Trimmed To 0 Inch Fat Choice Cooked Grilled,Meats,242,29.56,0,13.72,3 oz,85,m
Beef Plate Steak Boneless Outside Skirt Separable Lean Only Trimmed To 0 Inch Fat All Grades Raw,Meats,206,18.74,0.19,14.53,3 oz,85,m
Beef Plate Steak Boneless Outside Skirt Separable Lean Only Trimmed To 0 Inch Fat Choice Cooked Grilled,Meats,291,27.03,0,20.28,3 oz,85,m
Beef Plate Steak Boneless Outside Skirt Separable Lean Only Trimmed To 0 Inch Fat Choice Raw,Meats,212,18.47,0.17,15.26,3 oz,85,m
Skirt Steak,Meats,268,28.65,0,17.1,3 oz,85,m
Beef Rib Eye Steak Boneless Lip Off Separable Lean Only Trimmed To 0 Inch Fat Choice Raw,Meats,162,21.44,0,8.5,3 oz,85,m
Beef Rib Eye Steak Boneless Lip Off Separable Lean Only Trimmed To 0 Inch Fat Select Cooked Grilled,Meats,191,29.18,0,8.31,3 oz,85,m
Beef Rib Eye Steak Boneless Lip Off Separable Lean Only Trimmed To 0 Inch Fat Select Raw,Meats,142,22.46,0,5.78,3 oz,85,m
Beef Rib Back Ribs Bone-In Separable Lean Only Trimmed To 0 Inch Fat All Grades Cooked Braised,Meats,299,28.36,0,20.57,3 oz,85,m
Beef Rib Back Ribs Bone-In Separable Lean Only Trimmed To 0 Inch Fat Select Raw,Meats,221,19.71,0.2,15.73,3 oz,85,m
Beef Rib Eye Steak Bone-In Lip-On Separable Lean And Fat Trimmed To 1/8 Inch Fat Choice Cooked Grilled,Meats,313,22.71,0,24.7,3 oz,85,m
Beef Rib Eye Steak Bone-In Lip-On Separable Lean And Fat Trimmed To 1/8 Inch Fat Select Cooked Grilled,Meats,304,23.19,0,23.47,3 oz,85,m
Beef Rib Eye Steak Bone-In Lip-On Separable Lean And Fat Trimmed To 1/8 Inch Fat All Grades Cooked Grilled,Meats,309,22.9,0,24.2,3 oz,85,m
Beef Rib Eye Roast Bone-In Lip-On Separable Lean And Fat Trimmed To 1/8 Inch Fat Choice Cooked Roasted,Meats,307,23.53,0,23.61,3 oz,85,m
Beef Rib Eye Steak/roast Bone-In Lip-On Separable Lean And Fat Trimmed To 1/8 Inch Fat Select Raw,Meats,248,18.44,0,19.34,3 oz,85,m
Beef Rib Eye Steak Boneless Lip-On Separable Lean And Fat Trimmed To 1/8 Inch Fat Choice Cooked Grilled,Meats,303,22.92,0,23.52,3 oz,85,m
Beef Rib Eye Steak Boneless Lip-On Separable Lean And Fat Trimmed To 1/8 Inch Fat Select Cooked Grilled,Meats,273,24.83,0,19.25,3 oz,85,m
Beef Rib Eye Steak Boneless Lip-On Separable Lean And Fat Trimmed To 1/8 Inch Fat All Grades Cooked Grilled,Meats,291,23.69,0,21.81,3 oz,85,m
Beef Rib Eye Steak/roast Boneless Lip-On Separable Lean And Fat Trimmed To 1/8 Inch Fat Choice Raw,Meats,253,18.39,0,19.95,3 oz,85,m
Beef Rib Eye Steak/roast Boneless Lip-On Separable Lean And Fat Trimmed To 1/8 Inch Fat Select Raw,Meats,230,19.55,0,16.9,3 oz,85,m
Beef Plate Steak Boneless Inside Skirt Separable Lean And Fat Trimmed To 0 Inch Fat All Grades Cooked Grilled,Meats,245,29.36,0,14.2,3 oz,85,m
Beef Plate Steak Boneless Inside Skirt Separable Lean And Fat Trimmed To 0 Inch Fat Choice Cooked Grilled,Meats,253,28.9,0,15.3,3 oz,85,m
Beef Plate Steak Boneless Outside Skirt Separable Lean And Fat Trimmed To 0 Inch Fat All Grades Cooked Grilled,Meats,292,27.06,0,20.47,3 oz,85,m
Beef Plate Steak Boneless Outside Skirt Separable Lean And Fat Trimmed To 0 Inch Fat Choice Cooked Grilled,Meats,300,26.46,0,21.62,3 oz,85,m
Beef Plate Steak Boneless Outside Skirt Separable Lean And Fat Trimmed To 0 Inch Fat Select Cooked Grilled,Meats,281,27.95,0,18.75,3 oz,85,m
Beef Plate Steak Boneless Outside Skirt Separable Lean And Fat Trimmed To 0 Inch Fat All Grades Raw,Meats,232,17.98,0.35,17.59,3 oz,85,m
Beef Rib Eye Steak Boneless Lip Off Separable Lean And Fat Trimmed To 0 Inch Fat Select Cooked Grilled,Meats,248,26.29,0,15.9,3 oz,85,m
Beef Rib Eye Steak Boneless Lip Off Separable Lean And Fat Trimmed To 0 Inch Fat All Grades Raw,Meats,228,19.26,0.12,16.71,3 oz,85,m
Beef Rib Eye Steak Boneless Lip Off Separable Lean And Fat Trimmed To 0 Inch Fat Choice Raw,Meats,241,18.69,0.2,18.43,3 oz,85,m
Beef Rib Eye Steak Boneless Lip Off Separable Lean And Fat Trimmed To 0 Inch Fat Select Raw,Meats,208,20.12,0,14.14,3 oz,85,m
Beef Rib Back Ribs Bone-In Separable Lean And Fat Trimmed To 0 Inch Fat Choice Raw,Meats,336,15.75,0.9,29.89,3 oz,85,m
Beef Rib Back Ribs Bone-In Separable Lean And Fat Trimmed To 0 Inch Fat Select Raw,Meats,305,16.75,0.6,26.23,3 oz,85,m
Beef Loin Top Sirloin Petite Roast Boneless Separable Lean Only Trimmed To 0 Inch Fat Choice Cooked Roasted,Meats,173,28.97,0,6.37,3 oz,85,m
Beef Loin Top Sirloin Petite Roast/filet Boneless Separable Lean Only Trimmed To 0 Inch Fat Choice Raw,Meats,132,23.03,0,4.4,3 oz,85,m
Beef Loin Top Sirloin Cap Steak Boneless Separable Lean Only Trimmed To 1/8 Inch Fat Select Raw,Meats,128,21.44,0,4.68,3 oz,85,m
Chicken Broilers Or Fryers Drumstick Meat And Skin Cooked Fried Flour,Meats,245,26.96,1.63,13.72,1 unit (yield from 1 lb ready-to-cook chicken),29,m
Roasted Chicken Drumsticks,Meats,191,23.35,0,10.15,1 drumstick with skin (yield from 1 lb ready-to-cook chicken),105,m
Chicken Broilers Or Fryers Drumstick Meat And Skin Cooked Stewed,Meats,204,25.32,0,10.64,1 cup/ chopped or diced,140,m
Raw Skinless Chicken Drumstick,Meats,116,19.41,0,3.71,1 drumstick  with skin,130,m
Chicken Broilers Or Fryers Leg Meat And Skin Cooked Fried Batter,Meats,273,21.77,8.72,16.17,1 unit (yield from 1 lb ready-to-cook chicken),95,m
Chicken Broilers Or Fryers Leg Meat And Skin Cooked Fried Flour,Meats,254,26.84,2.5,14.43,1 unit (yield from 1 lb ready-to-cook chicken),67,m
Roasted Chicken Leg,Meats,184,24.03,0,8.99,3 oz,85,m
Chicken Broilers Or Fryers Leg Meat And Skin Cooked Stewed,Meats,220,24.17,0,12.92,1 cup/ chopped or diced,140,m
Boneless Skinless Chicken Leg (Raw),Meats,120,19.16,0,4.22,3 oz,85,m
Chicken Broilers Or Fryers Neck Meat And Skin Cooked Fried Batter,Meats,330,19.82,8.7,23.52,1 unit (yield from 1 lb ready-to-cook chicken),16,m
Chicken Broilers Or Fryers Neck Meat And Skin Cooked Fried Flour,Meats,332,24.01,4.24,23.61,1 unit (yield from 1 lb ready-to-cook chicken),11,m
Chicken Broilers Or Fryers Neck Meat And Skin Cooked Simmered,Meats,247,19.61,0,18.1,1 unit (yield from 1 lb ready-to-cook chicken),11,m
Chicken Broilers Or Fryers Neck Meat Only Raw,Meats,154,17.55,0,8.78,1 unit (yield from 1 lb ready-to-cook chicken),6,m
Chicken Broilers Or Fryers Thigh Meat And Skin Cooked Fried Flour,Meats,262,26.75,3.18,14.98,1 unit (yield from 1 lb ready-to-cook chicken),38,m
Roasted Chicken Thigh,Meats,232,23.26,0,14.71,1 thigh with skin,137,m
Chicken Broilers Or Fryers Thigh Meat And Skin Cooked Stewed,Meats,232,23.26,0,14.74,1 unit (yield from 1 lb ready-to-cook chicken),41,m
Raw Boneless Skinless Thigh Meat,Meats,121,19.66,0,4.12,1 thigh without skin,149,m
Chicken Broilers Or Fryers Wing Meat And Skin Cooked Fried Batter,Meats,324,19.87,10.94,21.81,1 unit (yield from 1 lb ready-to-cook chicken),29,m
Chicken Broilers Or Fryers Wing Meat And Skin Cooked Fried Flour,Meats,321,26.11,2.39,22.16,1 unit (yield from 1 lb ready-to-cook chicken),19,m
Roasted Chicken Wings,Meats,254,23.79,0,16.87,1 piece,85,m
Chicken Broilers Or Fryers Wing Meat And Skin Cooked Stewed,Meats,249,22.78,0,16.82,1 cup/ chopped or diced,140,m
Chicken Broilers Or Fryers Wing Meat Only Raw,Meats,126,21.97,0,3.54,1 wing/ bone and skin removed (yield from 1 lb ready-to-cook chicken),17,m
Chicken Roasting Meat And Skin And Giblets And Neck Cooked Roasted,Meats,220,23.96,0.05,13.07,3 oz,85,m
Canada Goose Breast Meat Skinless Raw,Meats,133,24.31,0,4.02,3 oz,85,m
Chicken Roasting Meat And Skin Cooked Roasted,Meats,223,23.97,0,13.39,3 oz,85,m
Chicken Roasting Meat Only Raw,Meats,111,20.33,0,2.7,3 oz,85,m
Chicken (Light Meat),Meats,153,27.13,0,4.07,1 cup/ chopped or diced,140,m
Chicken Roasting Dark Meat Meat Only Raw,Meats,113,18.74,0,3.61,1 unit (yield from 1 lb ready-to-cook chicken),113,m
Chicken Roasting Dark Meat Meat Only Cooked Roasted,Meats,178,23.25,0,8.75,1 cup/ chopped or diced,140,m
Chicken Stewing Meat And Skin And Giblets And Neck Raw,Meats,251,17.48,0.19,19.52,3 oz,85,m
Chicken Stewing Giblets Raw,Meats,168,17.89,2.13,9.21,1 unit (yield from 1 lb ready-to-cook chicken),28,m
Chicken Stewing Giblets Cooked Simmered,Meats,194,25.73,0.11,9.3,1 cup/ chopped or diced,145,m
Chicken Stewing Light Meat Meat Only Raw,Meats,137,23.1,0,4.21,1 unit (yield from 1 lb ready-to-cook chicken),89,m
Chicken Stewing Light Meat Meat Only Cooked Stewed,Meats,213,33.04,0,7.98,1 cup/ chopped or diced,140,m
Chicken Capons Meat And Skin Raw,Meats,234,18.77,0,17.07,3 oz,85,m
Chicken Capons Meat And Skin Cooked Roasted,Meats,229,28.96,0,11.65,3 oz,85,m
Lamb New Zealand Imported Loin Chop Separable Lean Only Raw,Meats,142,19.98,0,6.88,1 serving,115,m
Lamb New Zealand Imported Frozen Loin Separable Lean Only Cooked Broiled,Meats,199,29.31,0,8.24,3 oz,85,m
Lamb New Zealand Imported Rack - Partly Frenched Separable Lean And Fat Raw,Meats,240,18.12,0.13,18.52,1 serving,115,m
Lamb New Zealand Imported Rack - Partly Frenched Separable Lean And Fat Cooked Fast Roasted,Meats,253,22.06,0.04,18.29,1 serving,85,m
Lamb New Zealand Imported Frozen Shoulder Whole (Arm And Blade) Separable Lean Only Cooked Braised,Meats,285,34.06,0,15.5,3 oz,85,m
Veal Composite Of Trimmed Retail Cuts Separable Lean And Fat Raw,Meats,144,19.35,0,6.77,1 oz,28.4,m
Veal Composite Of Trimmed Retail Cuts Separable Lean And Fat Cooked,Meats,231,30.1,0,11.39,3 oz,85,m
Veal Composite Of Trimmed Retail Cuts Separable Lean Only Raw,Meats,112,20.2,0,2.87,1 oz,28.4,m
Veal Leg (Top Round) Separable Lean And Fat Cooked Braised,Meats,211,36.16,0,6.33,3 oz,85,m
Veal Leg (Top Round) Separable Lean And Fat Cooked Pan-Fried Breaded,Meats,238,27.29,9.91,9.18,3 oz,85,m
Veal Leg (Top Round) Separable Lean And Fat Cooked Pan-Fried Not Breaded,Meats,211,31.75,0,8.35,3 oz,85,m
Veal Leg (Top Round) Separable Lean And Fat Cooked Roasted,Meats,160,27.7,0,4.65,3 oz,85,m
Veal Leg (Top Round) Separable Lean Only Cooked Roasted,Meats,150,28.07,0,3.39,3 oz,85,m
Veal Loin Separable Lean And Fat Raw,Meats,177,20.07,0.07,10.07,3 oz,85,m
Veal Loin Separable Lean And Fat Cooked Braised,Meats,284,30.19,0,17.21,3 oz,85,m
Veal Loin Separable Lean And Fat Cooked Roasted,Meats,217,24.8,0,12.32,3 oz,85,m
Veal Loin Separable Lean Only Raw,Meats,114,21.85,0,2.9,3 oz,85,m
Veal Rib Separable Lean And Fat Cooked Roasted,Meats,228,23.96,0,13.96,3 oz,85,m
Veal Rib Separable Lean Only Raw,Meats,120,19.97,0,3.89,1 oz,28.4,m
Veal Rib Separable Lean Only Cooked Braised,Meats,218,34.44,0,7.81,3 oz,85,m
Veal Rib Separable Lean Only Cooked Roasted,Meats,177,25.76,0,7.44,3 oz,85,m
Veal Shoulder Whole (Arm And Blade) Separable Lean Only Cooked Braised,Meats,199,33.68,0,6.1,3 oz,85,m
Veal Shoulder Whole (Arm And Blade) Separable Lean Only Cooked Roasted,Meats,170,25.81,0,6.62,3 oz,85,m
Veal Shoulder Arm Separable Lean And Fat Raw,Meats,132,19.34,0,5.44,1 oz,28.4,m
Veal Shoulder Arm Separable Lean And Fat Cooked Braised,Meats,236,33.63,0,10.24,3 oz,85,m
Veal Shoulder Blade Chop Separable Lean And Fat Raw,Meats,148,18.72,0.03,7.61,3 oz,85,m
Veal Shoulder Blade Separable Lean And Fat Cooked Braised,Meats,225,31.26,0,10.09,3 oz,85,m
Veal Shoulder Blade Separable Lean And Fat Cooked Roasted,Meats,186,25.15,0,8.67,3 oz,85,m
Veal Shoulder Blade Chop Separable Lean Only Raw,Meats,110,19.6,0,2.88,3 oz,85,m
Veal Shoulder Blade Separable Lean Only Cooked Braised,Meats,198,32.66,0,6.48,3 oz,85,m
Veal Sirloin Separable Lean Only Raw,Meats,110,20.2,0,2.59,1 oz,28.4,m
Veal Sirloin Separable Lean Only Cooked Braised,Meats,204,33.96,0,6.51,3 oz,85,m
Veal Sirloin Separable Lean Only Cooked Roasted,Meats,168,26.32,0,6.22,3 oz,85,m
Veal Cubed For Stew (Leg And Shoulder) Separable Lean Only Raw,Meats,109,20.27,0,2.5,1 oz,28.4,m
Game Meat Antelope Cooked Roasted,Meats,150,29.45,0,2.67,3 oz,85,m
Game Meat Bear Raw,Meats,161,20.1,0,8.3,1 oz,28.4,m
Game Meat Bear Cooked Simmered,Meats,259,32.42,0,13.39,3 oz,85,m
Cooked Grass Fed Ground Bison (Buffalo),Meats,179,25.45,0,8.62,3 oz,85,m
Game Meat Beefalo Composite Of Cuts Cooked Roasted,Meats,188,30.66,0,6.32,3 oz,85,m
Veal Australian Separable Fat Raw,Meats,509,9.91,0,52.17,1 oz,28,m
Veal Australian Rib Rib Roast Separable Lean And Fat Raw,Meats,201,19.6,1.15,13.1,3 oz,85,m
Game Meat Bison Separable Lean Only Raw,Meats,109,21.62,0,1.84,1 oz,28.4,m
Roasted Lean Buffalo,Meats,143,28.44,0,2.42,3 oz,85,m
Game Meat Caribou Raw,Meats,127,22.63,0,3.36,1 oz,28.4,m
Game Meat Caribou Cooked Roasted,Meats,167,29.77,0,4.42,3 oz,85,m
Game Meat Deer Raw,Meats,120,22.96,0,2.42,1 oz,28.4,m
Pork Baloney (Bologna),Meats,247,15.3,0.73,19.87,1 slice/ medium (4-1/2 inch dia x 1/8 inch thick) (1 oz),28,m
Turkey Baloney (Bologna),Meats,209,11.42,4.68,16.05,0.99 oz 1 serving,28,m
Chicken Spread,Meats,158,18.01,4.05,17.56,1 serving (1 serving),56,m
Chorizo,Meats,296,13.63,3.78,25.1,1 oz,28.4,m
Corned Beef Loaf Jellied,Meats,153,22.9,0,6.1,1 slice (1 oz) (4 inch x 4 inch x 3/32 inch thick),28,m
Dutch Brand Loaf Chicken Pork And Beef,Meats,273,12,3.93,22.91,1 slice,38,m
Frankfurter Beef Unheated,Meats,315,11.69,2.97,28.1,1 frankfurter,50,m
Ham Sliced Packaged (96% Fat Free Water Added),Meats,107,16.85,0.7,4.04,1 slice,23,m
Ham Sliced Regular (Approximately 11% Fat),Meats,164,16.6,3.63,8.8,56 grams 1 serving,56,m
Ham Minced,Meats,263,16.28,1.84,20.68,1 oz,28.4,m
Ham Salad Spread,Meats,216,8.68,10.64,15.53,1 tbsp,15,m
Knackwurst Knockwurst Pork Beef,Meats,307,11.1,3.2,27.7,1 link,72,m
Lebanon Bologna Beef,Meats,172,19.03,0.44,10.44,1 serving 2 slices,57,m
Liver Cheese Pork,Meats,304,15.2,2.1,25.6,1 oz,28.4,m
Liver Sausage Liverwurst Pork,Meats,326,14.1,2.2,28.5,1 slice (2-1/2 inch dia x 1/4 inch thick),18,m
Turkey Sausage Fresh Cooked,Meats,196,23.89,0,10.44,1 serving,57,m
Bologna Chicken Pork Beef,Meats,272,11.33,5.61,22.73,1 serving,28,m
Bologna Chicken Pork,Meats,336,10.31,4.19,30.61,1 serving,28,m
Chicken Breast Deli Rotisserie Seasoned Sliced Prepackaged,Meats,98,17.4,2.92,1.86,1 slice,12,m
Frankfurter Meat And Poultry Unheated,Meats,277,9.72,5.02,24.18,1 frankfurter,51,m
Pork Sausage Link/patty Fully Cooked Unheated,Meats,392,13.46,0.69,37.25,1 link,23,m
Kielbasa Fully Cooked Grilled,Meats,337,12.45,5.03,29.68,3 oz,85,m
Kielbasa Sausage (Cooked),Meats,333,12.36,4.78,29.43,1 link,370,m
Kielbasa Fully Cooked Unheated,Meats,325,10.84,3.72,29.63,3 oz,85,m
Sausage Chicken Or Turkey Italian Style  Lower Sodium,Meats,183,21.43,14.25,4.46,No data available,No data available,m
Ham Smoked Extra Lean Low Sodium,Meats,141,18.52,10.7,2.71,No data available,No data available,m
Pork Sausage Reduced Sodium Cooked,Meats,271,9.41,8.13,22.35,3 oz,85,m
Sausage Pork Turkey And Beef Reduced Sodium,Meats,284,10.71,0.11,26.79,3 oz,85,m
Beef Australian Imported Grass-Fed Loin Tenderloin Steak/roast Boneless Separable Lean Only Raw,Meats,138,20.85,0,6.11,4 oz,114,m
Beef Australian Imported Wagyu Loin Tenderloin Steak/roast Boneless Separable Lean Only Aust. Marble Score 4/5 Raw,Meats,191,20.19,0,12.3,4 oz,114,m
Beef Australian Imported Wagyu External Fat Aust. Marble Score 9 Raw,Meats,639,5.54,0.97,68.07,1 oz,28,m
Beef Australian Imported Wagyu Seam Fat Aust. Marble Score 9 Raw,Meats,627,5.16,0,67.33,1 oz,28,m
Beef Australian Imported Grass-Fed Loin Tenderloin Steak/roast Boneless Separable Lean And Fat Raw,Meats,151,20.53,0.01,7.63,4 oz,114,m
Beef Australian Imported Grass-Fed Loin Top Loin Steak/roast Boneless Separable Lean Only Raw,Meats,131,21.79,0,4.87,4 oz,114,m
Beef Australian Imported Grass-Fed Round Bottom Round Steak/roast Boneless Separable Lean Only Raw,Meats,130,21.4,0,4.93,4 oz,114,m
Beef Australian Imported Grass-Fed Round Top Round Cap-Off Steak/roast Boneless Separable Lean Only Raw,Meats,129,22.41,0,4.43,4 oz,114,m
Beef Australian Imported Wagyu Loin Tenderloin Steak/roast Boneless Separable Lean Only Aust. Marble Score 9 Raw,Meats,237,18.87,0.57,17.73,4 oz,114,m
Beef Australian Imported Wagyu Loin Top Loin Steak/roast Boneless Separable Lean Only Aust. Marble Score 4/5 Raw,Meats,223,20.15,0.2,15.69,4 oz,114,m
Beef Australian Imported Grass-Fed Rib Ribeye Steak/roast Lip-On Boneless Separable Lean And Fat Raw,Meats,217,19.8,0.11,15.21,4 oz,114,m
Beef Australian Imported Grass-Fed Round Bottom Round Steak/roast Boneless Separable Lean And Fat Raw,Meats,140,21.13,0.01,6.16,4 oz,114,m
Beef Australian Imported Grass-Fed Round Top Round Cap-Off Steak/roast Boneless Separable Lean And Fat Raw,Meats,129,22.24,0,4.4,4 oz,114,m
Beef Australian Imported Wagyu Loin Top Loin Steak/roast Boneless Separable Lean And Fat Aust. Marble Score 4/5 Raw,Meats,289,17.67,0.12,24.2,4 oz,114,m
Beef Australian Imported Wagyu Loin Top Loin Steak/roast Separable Lean And Fat Aust. Marble Score 9 Raw,Meats,392,14.58,0.14,36.98,4 oz,114,m
Beef Round Top Round Steak Boneless Separable Lean And Fat Trimmed To 0 Inch Fat Choice Raw,Meats,127,23.49,0,3.66,3 oz,85,m
Beef Round Top Round Steak Boneless Separable Lean And Fat Trimmed To 0 Inch Fat Select Raw,Meats,120,23.49,0,2.85,3 oz,85,m
Beef Round Top Round Roast Boneless Separable Lean And Fat Trimmed To 0 Inch Fat All Grades Raw,Meats,125,23.45,0,3.5,3 oz,85,m
Beef Round Top Round Roast Boneless Separable Lean And Fat Trimmed To 0 Inch Fat Choice Raw,Meats,128,23.46,0,3.81,3 oz,85,m
Beef Round Eye Of Round Steak Boneless Separable Lean And Fat Trimmed To 0 Inch Fat All Grades Raw,Meats,124,23.26,0,3.48,3 oz,85,m
Beef Round Eye Of Round Steak Boneless Separable Lean And Fat Trimmed To 0 Inch Fat Choice Raw,Meats,127,23.24,0,3.83,3 oz,85,m
Beef Round Eye Of Round Steak Boneless Separable Lean And Fat Trimmed To 0 Inch Fat Select Raw,Meats,120,23.3,0,2.95,3 oz,85,m
Beef Loin Tenderloin Roast Boneless Separable Lean And Fat Trimmed To 0 Inch Fat All Grades Raw,Meats,149,21.67,0,6.93,3 oz,85,m
Beef Loin Tenderloin Steak Boneless Separable Lean And Fat Trimmed To 0 Inch Fat All Grades Raw,Meats,147,21.72,0,6.67,3 oz,85,m
Beef Loin Tenderloin Steak Boneless Separable Lean And Fat Trimmed To 0 Inch Fat Choice Raw,Meats,150,21.57,0,7.1,3 oz,85,m
Beef Loin Tenderloin Steak Boneless Separable Lean And Fat Trimmed To 0 Inch Fat Select Raw,Meats,142,21.95,0,6.02,3 oz,85,m
Beef Loin Tenderloin Roast Boneless Separable Lean And Fat Trimmed To 0 Inch Fat All Grades Cooked Roasted,Meats,183,27.31,0,8.14,3 oz,85,m
Beef Round Top Round Roast Boneless Separable Lean And Fat Trimmed To 0 Inch Fat Select Cooked Roasted,Meats,157,30.97,0,3.72,3 oz,85,m
Beef Round Eye Of Round Steak Boneless Separable Lean And Fat Trimmed To 0 Inch Fat All Grades Cooked Grilled,Meats,159,29.66,0,4.47,3 oz,85,m
Beef Round Eye Of Round Steak Boneless Separable Lean And Fat Trimmed To 0 Inch Fat Choice Cooked Grilled,Meats,163,29.79,0,4.83,3 oz,85,m
Beef Round Eye Of Round Steak Boneless Separable Lean And Fat Trimmed To 0 Inch Fat Select Cooked Grilled,Meats,154,29.47,0,3.98,3 oz,85,m
Beef Round Top Round Roast Boneless Separable Lean Only Trimmed To 0 Inch Fat Choice Raw,Meats,124,23.59,0,3.26,3 oz,85,m
Beef Round Top Round Roast Boneless Separable Lean Only Trimmed To 0 Inch Fat Select Raw,Meats,116,23.59,0,2.45,3 oz,85,m
Beef Round Eye Of Round Roast Boneless Separable Lean Only Trimmed To 0 Inch Fat All Grades Raw,Meats,121,23.37,0,3.04,3 oz,85,m
Beef Round Eye Of Round Roast Boneless Separable Lean Only Trimmed To 0 Inch Fat Choice Raw,Meats,124,23.35,0,3.38,3 oz,85,m
Beef Loin Tenderloin Roast Boneless Separable Lean Only Trimmed To 0 Inch Fat Choice Raw,Meats,143,21.78,0,6.16,3 oz,85,m
Beef Loin Tenderloin Roast Boneless Separable Lean Only Trimmed To 0 Inch Fat Select Raw,Meats,135,22.16,0,5.1,3 oz,85,m
Beef Loin Top Loin Steak Boneless Lip Off Separable Lean Only Trimmed To 0 Inch Fat All Grades Raw,Meats,143,23.07,0,5.67,3 oz,85,m
Beef Loin Top Loin Steak Boneless Lip Off Separable Lean Only Trimmed To 0 Inch Fat Choice Raw,Meats,149,22.93,0,6.34,3 oz,85,m
Beef Loin Tenderloin Roast Boneless Separable Lean Only Trimmed To 0 Inch Fat All Grades Cooked Roasted,Meats,177,27.51,0,7.49,3 oz,85,m
Beef Loin Tenderloin Roast Boneless Separable Lean Only Trimmed To 0 Inch Fat Choice Cooked Roasted,Meats,183,27.48,0,8.13,3 oz,85,m
Beef Loin Tenderloin Roast Separable Lean Only Boneless Trimmed To 0 Inch Fat Select Cooked Roasted,Meats,169,27.55,0,6.54,3 oz,85,m
Beef Round Top Round Roast Boneless Separable Lean Only Trimmed To 0 Inch Fat All Grades Cooked Roasted,Meats,162,30.09,0,3.77,3 oz,85,m
Beef Round Eye Of Round Steak Boneless Separable Lean Only Trimmed To 0 Inch Fat Select Cooked Grilled,Meats,149,29.52,0,3.43,3 oz,85,m
Beef Loin Top Loin Steak Boneless Lip-On Separable Lean Only Trimmed To 1/8 Inch Fat Select Raw,Meats,135,23.3,0,4.66,3 oz,85,m
Beef Loin Top Loin Steak Boneless Lip-On Separable Lean Only Trimmed To 1/8 Inch Fat Choice Raw,Meats,149,22.93,0,6.34,3 oz,85,m
Beef Loin Top Loin Steak Boneless Lip-On Separable Lean Only Trimmed To 1/8 Inch Fat All Grades Raw,Meats,143,23.07,0,5.67,3 oz,85,m
Beef Composite Of Trimmed Retail Cuts Separable Lean Only Trimmed To 1/8 Inch Fat Choice Raw,Meats,142,22.01,0,6.05,4 oz,114,m
Beef Composite Separable Lean Only Trimmed To 1/8 Inch Fat Choice Cooked,Meats,203,28.73,0,9.16,3 oz,85,m
Beef Composite Of Trimmed Retail Cuts Separable Lean And Fat Trimmed To 0 Inch Fat Choice Raw,Meats,176,21.34,0,10.08,4 oz,114,m
Beef Composite Of Trimmed Retail Cuts Separable Lean Only Trimmed To 0 Inch Fat Choice Raw,Meats,151,21.55,0,7.24,4 oz,114,m
Beef Chuck Mock Tender Steak Separable Lean Only Trimmed To 0 Inch Fat All Grades Cooked Broiled,Meats,159,25.9,0,5.42,3 oz,85,m
Beef Chuck Top Blade Separable Lean Only Trimmed To 0 Inch Fat All Grades Cooked Broiled,Meats,203,26.13,0,10.16,3 oz,85,m
Beef Chuck Clod Roast Separable Lean Only Trimmed To 1/4 Inch Fat All Grades Raw,Meats,129,19.63,0,5.02,1 oz,28.4,m
Beef Chuck Clod Roast Separable Lean Only Trimmed To 0 Inch Fat All Grades Cooked Roasted,Meats,172,26.82,0,6.34,3 oz ( 1 serving  ),85,m
Beef Chuck Mock Tender Steak Separable Lean And Fat Trimmed To 0 Inch Fat USDA Select Cooked Broiled,Meats,159,26.08,0,5.24,3 oz,85,m
Beef Chuck Top Blade Separable Lean And Fat Trimmed To 0 Inch Fat Choice Cooked Broiled,Meats,227,25.77,0,12.93,3 oz,85,m
Beef Chuck Top Blade Separable Lean And Fat Trimmed To 0 Inch Fat Select Cooked Broiled,Meats,200,25.67,0,9.99,3 oz,85,m
Beef Chuck Clod Roast Separable Lean And Fat Trimmed To 0 Inch Fat Choice Cooked Roasted,Meats,216,24.61,0,12.26,3 oz,85,m
Beef Loin Bottom Sirloin Butt Tri-Tip Steak Separable Lean And Fat Trimmed To 0 Inch Fat All Grades Cooked Broiled,Meats,265,29.97,0,15.18,3 oz,85,m
Beef Chuck Mock Tender Steak Separable Lean And Fat Trimmed To 0 Inch Fat All Grades Cooked Broiled,Meats,160,25.87,0,5.52,3 oz,85,m
Beef Chuck Top Blade Separable Lean And Fat Trimmed To 0 Inch Fat All Grades Cooked Broiled,Meats,216,25.73,0,11.73,3 oz,85,m
Beef Chuck Clod Roast Separable Lean And Fat Trimmed To 0 Inch Fat All Grades Cooked Roasted,Meats,207,25.7,0,10.84,3 oz,85,m
Beef Ground 95% Lean Meat / 5% Fat Crumbles Cooked Pan-Browned,Meats,193,29.17,0,7.58,3 oz,85,m
Beef Ground 95% Lean Meat / 5% Fat Loaf Cooked Baked,Meats,174,27.31,0,6.37,3 oz,85,m
Beef Ground 90% Lean Meat / 10% Fat Raw,Meats,176,20,0,10,4 oz,113,m
Beef Ground 90% Lean Meat / 10% Fat Patty Cooked Broiled,Meats,217,26.11,0,11.75,3 oz,85,m
Beef Ground 85% Lean Meat / 15% Fat Patty Cooked Broiled,Meats,250,25.93,0,15.41,3 oz,85,m
Beef Ground 85% Lean Meat / 15% Fat Patty Cooked Pan-Broiled,Meats,232,24.62,0,14.02,3 oz,85,m
Beef Ground 85% Lean Meat / 15% Fat Crumbles Cooked Pan-Browned,Meats,256,27.73,0,15.3,3 oz,85,m
Beef Ground 85% Lean Meat / 15% Fat Loaf Cooked Baked,Meats,240,25.93,0,14.36,3 oz,85,m
Beef Ground 80% Lean Meat / 20% Fat Raw,Meats,254,17.17,0,20,4 oz,113,m
Beef Ground 75% Lean Meat / 25% Fat Raw,Meats,293,15.76,0,25,4 oz,113,m
Beef Ground 75% Lean Meat / 25% Fat Patty Cooked Broiled,Meats,279,25.56,0,18.87,3 oz,85,m
Beef Ground 75% Lean Meat / 25% Fat Patty Cooked Pan-Broiled,Meats,248,23.45,0,16.44,3 oz,85,m
Beef Ground 75% Lean Meat / 25% Fat Crumbles Cooked Pan-Browned,Meats,277,26.28,0,18.21,3 oz,85,m
Beef Short Loin Top Loin Steak Separable Lean Only Trimmed To 1/8 Inch Fat Select Raw,Meats,133,23.07,0,3.88,3 oz,85,m
Beef Rib Small End (Ribs 10-12) Separable Lean Only Trimmed To 1/8 Inch Fat Select Cooked Broiled,Meats,188,30.87,0,6.22,1 oz,28.4,m
Beef Tenderloin Steak Separable Lean Only Trimmed To 1/8 Inch Fat Select Cooked Broiled,Meats,194,29.07,0,7.76,1 oz,28.4,m
Beef Top Sirloin Steak Separable Lean Only Trimmed To 1/8 Inch Fat Select Cooked Broiled,Meats,170,29.34,0,4.96,1 oz,28.4,m
Beef Round Bottom Round Steak Separable Lean Only Trimmed To 1/8 Inch Fat Select Cooked Braised,Meats,205,34.46,0,6.43,1 oz,28.4,m
Beef Round Bottom Round Roast Separable Lean Only Trimmed To 1/8 Inch Fat All Grades Raw,Meats,128,22.19,0,4.31,1 oz,28.4,m
Beef Brisket Flat Half Separable Lean Only Trimmed To 1/8 Inch Fat All Grades Cooked Braised,Meats,196,33.15,0,6,1 oz,28.4,m
Beef Brisket Flat Half Separable Lean Only Trimmed To 1/8 Inch Fat All Grades Raw,Meats,127,21.57,0,3.84,1 oz,28.4,m
Beef Round Eye Of Round Roast Separable Lean Only Trimmed To 1/8 Inch Fat All Grades Raw,Meats,124,22.6,0,3,1 oz,28.4,m
Beef Chuck Arm Pot Roast Separable Lean Only Trimmed To 1/8 Inch Fat All Grades Cooked Braised,Meats,214,34.66,0,7.36,1 oz,28.4,m
Beef Chuck Arm Pot Roast Separable Lean Only Trimmed To 1/8 Inch Fat All Grades Raw,Meats,132,22.11,0,4.19,1 oz,28.4,m
Beef Round Bottom Round Roast Separable Lean Only Trimmed To 1/8 Inch Fat All Grades Cooked,Meats,163,28,0,5.72,1 oz,28.4,m
Beef Round Bottom Round Steak Separable Lean Only Trimmed To 1/8 Inch Fat All Grades Cooked Braised,Meats,216,34.34,0,7.73,1 oz,28.4,m
Beef Top Sirloin Steak Separable Lean Only Trimmed To 1/8 Inch Fat All Grades Cooked Broiled,Meats,178,29.42,0,5.84,1 oz,28.4,m
Beef Top Sirloin Steak Separable Lean Only Trimmed To 1/8 Inch Fat All Grades Raw,Meats,131,22.09,0,4.08,1 oz,28.4,m
Beef Chuck Arm Pot Roast Separable Lean Only Trimmed To 1/8 Inch Fat Choice Raw,Meats,139,21.96,0,5.05,1 oz,28.4,m
Beef Brisket Flat Half Separable Lean Only Trimmed To 1/8 Inch Fat Choice Raw,Meats,129,21.69,0,4.06,1 oz,28.4,m
Beef Round Bottom Round Roast Separable Lean Only Trimmed To 1/8 Inch Fat Choice Raw,Meats,140,22.22,0,4.96,1 oz,28.4,m
Beef Round Bottom Round Roast Separable Lean Only Trimmed To 1/8 Inch Fat Choice Cooked Roasted,Meats,179,27.56,0,6.77,1 oz,28.4,m
Beef Round Eye Of Round Roast Separable Lean Only Trimmed To 1/8 Inch Fat Choice Cooked Roasted,Meats,175,29.87,0,5.3,1 oz,28.4,m
Beef Round Top Round Steak Separable Lean Only Trimmed To 1/8 Inch Fat Choice Cooked Broiled,Meats,193,32.04,0,6.25,1 oz,28.4,m
Lamb Domestic Composite Of Trimmed Retail Cuts Separable Lean Only Trimmed To 1/4 Inch Fat Choice Raw,Meats,134,20.29,0,5.25,1 oz,28.4,m
Lamb Domestic Composite Of Trimmed Retail Cuts Separable Lean Only Trimmed To 1/4 Inch Fat Choice Cooked,Meats,206,28.22,0,9.52,3 oz,85,m
Lamb Domestic Composite Of Trimmed Retail Cuts Separable Fat Trimmed To 1/4 Inch Fat Choice Raw,Meats,665,6.65,0,70.61,1 oz,28.4,m
Lamb Domestic Composite Of Trimmed Retail Cuts Separable Fat Trimmed To 1/4 Inch Fat Choice Cooked,Meats,586,12.16,0,59.18,3 oz,85,m
Leg Of Lamb,Meats,230,17.91,0,17.07,1 oz,28.4,m
Lamb Domestic Leg Whole (Shank And Sirloin) Separable Lean And Fat Trimmed To 1/4 Inch Fat Choice Cooked Roasted,Meats,258,25.55,0,16.48,3 oz,85,m
Lamb Domestic Leg Whole (Shank And Sirloin) Separable Lean Only Trimmed To 1/4 Inch Fat Choice Raw,Meats,128,20.56,0,4.51,1 oz,28.4,m
Lamb Domestic Leg Whole (Shank And Sirloin) Separable Lean Only Trimmed To 1/4 Inch Fat Choice Cooked Roasted,Meats,191,28.3,0,7.74,3 oz,85,m
Lamb Domestic Leg Shank Half Separable Lean And Fat Trimmed To 1/4 Inch Fat Choice Raw,Meats,201,18.58,0,13.49,1 oz,28.4,m
Lamb Domestic Leg Sirloin Half Separable Lean And Fat Trimmed To 1/4 Inch Fat Choice Cooked Roasted,Meats,292,24.63,0,20.67,3 oz,85,m
Lamb Domestic Leg Sirloin Half Separable Lean Only Trimmed To 1/4 Inch Fat Choice Raw,Meats,134,20.55,0,5.08,1 oz,28.4,m
Lamb Sirloin,Meats,204,28.35,0,9.17,3 oz,85,m
Lamb Domestic Loin Separable Lean And Fat Trimmed To 1/4 Inch Fat Choice Raw,Meats,310,16.32,0,26.63,1 oz,28.4,m
Lamb Domestic Loin Separable Lean Only Trimmed To 1/4 Inch Fat Choice Cooked Roasted,Meats,202,26.59,0,9.76,3 oz,85,m
Lamb Domestic Rib Separable Lean And Fat Trimmed To 1/4 Inch Fat Choice Raw,Meats,372,14.52,0,34.39,1 oz,28.4,m
Lamb Domestic Rib Separable Lean And Fat Trimmed To 1/4 Inch Fat Choice Cooked Broiled,Meats,361,22.13,0,29.59,3 oz,85,m
Lamb Ribs,Meats,359,21.12,0,29.82,3 oz,85,m
Lamb Domestic Shoulder Whole (Arm And Blade) Separable Lean And Fat Trimmed To 1/4 Inch Fat Choice Cooked Broiled,Meats,278,24.42,0,19.26,3 oz,85,m
Lamb Domestic Shoulder Whole (Arm And Blade) Separable Lean And Fat Trimmed To 1/4 Inch Fat Choice Cooked Roasted,Meats,276,22.51,0,19.97,3 oz,85,m
Lamb Domestic Shoulder Whole (Arm And Blade) Separable Lean Only Trimmed To 1/4 Inch Fat Choice Raw,Meats,144,19.55,0,6.76,1 oz,28.4,m
Lamb Domestic Shoulder Whole (Arm And Blade) Separable Lean Only Trimmed To 1/4 Inch Fat Choice Cooked Braised,Meats,283,32.81,0,15.89,3 oz,85,m
Lamb Domestic Shoulder Arm Separable Lean And Fat Trimmed To 1/4 Inch Fat Choice Cooked Broiled,Meats,281,24.44,0,19.55,3 oz,85,m
Lamb Domestic Shoulder Arm Separable Lean And Fat Trimmed To 1/4 Inch Fat Choice Cooked Roasted,Meats,279,22.53,0,20.24,3 oz,85,m
Lamb Domestic Shoulder Arm Separable Lean Only Trimmed To 1/4 Inch Fat Choice Raw,Meats,132,19.99,0,5.2,1 oz,28.4,m
Lamb Shoulder Roast (Cooked),Meats,279,35.54,0,14.08,3 oz,85,m
Lamb Domestic Shoulder Blade Separable Lean And Fat Trimmed To 1/4 Inch Fat Choice Cooked Broiled,Meats,278,23.08,0,19.94,3 oz,85,m
Lamb Domestic Shoulder Blade Separable Lean And Fat Trimmed To 1/4 Inch Fat Choice Cooked Roasted,Meats,281,22.25,0,20.61,3 oz,85,m
Lamb Domestic Shoulder Blade Separable Lean Only Trimmed To 1/4 Inch Fat Choice Raw,Meats,151,19.29,0,7.63,1 oz,28.4,m
Lamb Domestic Shoulder Blade Separable Lean Only Trimmed To 1/4 Inch Fat Choice Cooked Braised,Meats,288,32.35,0,16.64,3 oz,85,m
Lamb New Zealand Imported Frozen Composite Of Trimmed Retail Cuts Separable Lean And Fat Raw,Meats,277,16.74,0,22.74,1 oz,28.4,m
Lamb New Zealand Imported Frozen Composite Of Trimmed Retail Cuts Separable Lean And Fat Cooked,Meats,305,24.42,0,22.26,3 oz,85,m
Lamb New Zealand Imported Frozen Composite Of Trimmed Retail Cuts Separable Lean Only Raw,Meats,128,20.75,0,4.41,1 oz,28.4,m
Lamb New Zealand Imported Frozen Composite Of Trimmed Retail Cuts Separable Lean Only Cooked,Meats,206,29.59,0,8.86,3 oz,85,m
Lamb New Zealand Imported Fore-Shank Separable Lean Only Raw,Meats,122,22.05,0,3.77,1 serving,115,m
Lamb New Zealand Imported Fore-Shank Separable Lean Only Cooked Braised,Meats,209,33.31,0,8.4,1 serving,85,m
Lamb New Zealand Imported Leg Chop/steak Bone-In Separable Lean And Fat Raw,Meats,206,18.64,0.13,14.52,1 serving,115,m
Lamb New Zealand Imported Frozen Leg Whole (Shank And Sirloin) Separable Lean And Fat Cooked Roasted,Meats,246,24.81,0,15.56,3 oz,85,m
Game Meat Moose Raw,Meats,102,22.24,0,0.74,1 oz,28.4,m
Game Meat Moose Cooked Roasted,Meats,134,29.27,0,0.97,3 oz,85,m
Game Meat Rabbit Domesticated Composite Of Cuts Cooked Stewed,Meats,206,30.38,0,8.41,3 oz,85,m
Game Meat Rabbit Wild Raw,Meats,114,21.79,0,2.32,1 oz,28.4,m
Game Meat Rabbit Wild Cooked Stewed,Meats,173,33.02,0,3.51,3 oz,85,m
Game Meat Raccoon Cooked Roasted,Meats,255,29.2,0,14.5,3 oz,85,m
Lamb Variety Meats And By-Products Brain Cooked Pan-Fried,Meats,273,16.97,0,22.19,3 oz,85,m
Veal Variety Meats And By-Products Brain Raw,Meats,118,10.32,0,8.21,1 oz,28.4,m
Veal Variety Meats And By-Products Brain Cooked Braised,Meats,136,11.48,0,9.63,3 oz,85,m
Veal Variety Meats And By-Products Brain Cooked Pan-Fried,Meats,213,14.48,0,16.75,3 oz,85,m
Lamb Variety Meats And By-Products Kidneys Raw,Meats,97,15.74,0.82,2.95,1 oz,28.4,m
Lamb Variety Meats And By-Products Kidneys Cooked Braised,Meats,137,23.65,0.99,3.62,3 oz,85,m
Veal Variety Meats And By-Products Kidneys Raw,Meats,99,15.76,0.85,3.12,1 oz,28.4,m
Veal Variety Meats And By-Products Kidneys Cooked Braised,Meats,163,26.32,0,5.66,3 oz,85,m
Veal Variety Meats And By-Products Liver Cooked Pan-Fried,Meats,193,27.37,4.47,6.51,1 slice,67,m
Lamb Variety Meats And By-Products Lungs Raw,Meats,95,16.7,0,2.6,1 oz,28.4,m
Lamb Variety Meats And By-Products Lungs Cooked Braised,Meats,113,19.88,0,3.1,3 oz,85,m
Veal Variety Meats And By-Products Lungs Raw,Meats,90,16.3,0,2.3,1 oz,28.4,m
Veal Variety Meats And By-Products Pancreas Raw,Meats,182,15,0,13.1,1 oz,28.4,m
Veal Variety Meats And By-Products Pancreas Cooked Braised,Meats,256,29.1,0,14.6,3 oz,85,m
Lamb Variety Meats And By-Products Spleen Raw,Meats,101,17.2,0,3.1,1 oz,28.4,m
Lamb Variety Meats And By-Products Spleen Cooked Braised,Meats,156,26.46,0,4.77,3 oz,85,m
Lamb Variety Meats And By-Products Tongue Raw,Meats,222,15.7,0,17.17,1 oz,28.4,m
Lamb Variety Meats And By-Products Tongue Cooked Braised,Meats,275,21.57,0,20.28,3 oz,85,m
Veal Variety Meats And By-Products Tongue Raw,Meats,131,17.18,1.91,5.48,1 oz,28.4,m
Veal Variety Meats And By-Products Tongue Cooked Braised,Meats,202,25.85,0,10.1,3 oz,85,m
Lamb Ground Raw,Meats,282,16.56,0,23.41,1 oz,28.4,m
Lamb Domestic Foreshank Separable Lean And Fat Trimmed To 1/8 Inch Fat Cooked Braised,Meats,243,28.37,0,13.46,1 piece/ cooked/ excluding refuse (yield from 1 lb raw meat with refuse),148,m
Lamb Domestic Leg Whole (Shank And Sirloin) Separable Lean And Fat Trimmed To 1/8 Inch Fat Choice Raw,Meats,209,18.47,0,14.42,1 oz,28.4,m
Lamb Domestic Leg Whole (Shank And Sirloin) Separable Lean And Fat Trimmed To 1/8 Inch Fat Choice Cooked Roasted,Meats,242,26.2,0,14.42,3 oz,85,m
Lamb Domestic Leg Shank Half Separable Lean And Fat Trimmed To 1/8 Inch Fat Choice Raw,Meats,185,18.99,0,11.5,1 oz,28.4,m
Lamb Domestic Loin Separable Lean And Fat Trimmed To 1/8 Inch Fat Choice Cooked Broiled,Meats,297,26.06,0,20.61,3 oz,85,m
Lamb Domestic Loin Separable Lean And Fat Trimmed To 1/8 Inch Fat Choice Cooked Roasted,Meats,290,23.27,0,21.12,3 oz,85,m
Lamb Domestic Rib Separable Lean And Fat Trimmed To 1/8 Inch Fat Choice Raw,Meats,342,15.32,0,30.71,1 oz,28.4,m
Lamb Domestic Rib Separable Lean And Fat Trimmed To 1/8 Inch Fat Choice Cooked Broiled,Meats,340,23.06,0,26.82,3 oz,85,m
Lamb Domestic Shoulder Whole (Arm And Blade) Separable Lean And Fat Trimmed To 1/8 Inch Fat Choice Cooked Roasted,Meats,269,22.7,0,19.08,3 oz,85,m
Lamb Domestic Shoulder Arm Separable Lean And Fat Trimmed To 1/8 Inch Fat Choice Raw,Meats,244,17.19,0,18.94,1 oz,28.4,m
Lamb Domestic Shoulder Arm Separable Lean And Fat Trimmed To 1/8 Inch Fat Choice Cooked Braised,Meats,337,31.1,0,22.65,3 oz,85,m
Lamb Domestic Shoulder Arm Separable Lean And Fat Trimmed To 1/8 Inch Fat Cooked Broiled,Meats,269,24.91,0,18.05,3 oz,85,m
Lamb Domestic Shoulder Arm Separable Lean And Fat Trimmed To 1/8 Inch Fat Choice Roasted,Meats,267,22.93,0,18.75,3 oz,85,m
Lamb New Zealand Imported Frozen Composite Of Trimmed Retail Cuts Separable Lean And Fat Trimmed To 1/8 Inch Fat Raw,Meats,232,17.95,0,17.2,1 oz,28.4,m
Lamb New Zealand Imported Frozen Composite Of Trimmed Retail Cuts Separable Lean And Fat Trimmed To 1/8 Inch Fat Cooked,Meats,270,25.26,0,17.98,3 oz,85,m
Lamb New Zealand Imported Frozen Foreshank Separable Lean And Fat Trimmed To 1/8 Inch Fat Raw,Meats,223,18.04,0,16.15,1 oz,28.4,m
Lamb New Zealand Imported Frozen Foreshank Separable Lean And Fat Trimmed To 1/8 Inch Fat Cooked Braised,Meats,258,26.97,0,15.83,3 oz,85,m
Lamb New Zealand Imported Frozen Rib Separable Lean And Fat Trimmed To 1/8 Inch Fat Raw,Meats,311,15.87,0,27,1 oz,28.4,m
Lamb New Zealand Imported Frozen Rib Separable Lean And Fat Trimmed To 1/8 Inch Fat Cooked Roasted,Meats,317,19.86,0,25.74,3 oz,85,m
Lamb New Zealand Imported Frozen Shoulder Whole (Arm And Blade) Separable Lean And Fat Trimmed To 1/8 Inch Fat Raw,Meats,251,17.19,0,19.74,1 oz,28.4,m
Lamb New Zealand Imported Frozen Shoulder Whole (Arm And Blade) Separable Lean And Fat Trimmed To 1/8 Inch Fat Cooked Braised,Meats,342,29.43,0,24.03,3 oz,85,m
Veal Breast Whole Boneless Separable Lean And Fat Raw,Meats,208,17.47,0,14.75,1 oz,28.4,m
Veal Breast Whole Boneless Separable Lean And Fat Cooked Braised,Meats,266,26.97,0,16.77,3 oz,85,m
Veal Breast Plate Half Boneless Separable Lean And Fat Cooked Braised,Meats,282,25.93,0,18.95,3 oz,85,m
Veal Breast Point Half Boneless Separable Lean And Fat Cooked Braised,Meats,248,28.23,0,14.16,3 oz,85,m
Veal Breast Whole Boneless Separable Lean Only Cooked Braised,Meats,218,30.32,0,9.8,3 oz,85,m
Lamb Australian Imported Fresh Composite Of Trimmed Retail Cuts Separable Lean And Fat Trimmed To 1/8 Inch Fat Raw,Meats,229,17.84,0,16.97,1 oz,28.4,m
Lamb Australian Imported Fresh Composite Of Trimmed Retail Cuts Separable Lean And Fat Trimmed To 1/8 Inch Fat Cooked,Meats,256,24.52,0,16.82,3 oz,85,m
Lamb Australian Imported Fresh Composite Of Trimmed Retail Cuts Separable Lean Only Trimmed To 1/8 Inch Fat Raw,Meats,142,20.25,0,6.18,1 oz,28.4,m
Lamb Australian Imported Fresh Composite Of Trimmed Retail Cuts Separable Lean Only Trimmed To 1/8 Inch Fat Cooked,Meats,201,26.71,0,9.63,3 oz,85,m
Lamb Australian Imported Fresh Foreshank Separable Lean Only Trimmed To 1/8 Inch Fat Raw,Meats,123,20.83,0,3.81,1 oz,28.4,m
Lamb Australian Imported Fresh Foreshank Separable Lean Only Trimmed To 1/8 Inch Fat Cooked Braised,Meats,165,27.5,0,5.22,3 oz,85,m
Lamb Australian Imported Fresh Leg Whole (Shank And Sirloin) Separable Lean And Fat Trimmed To 1/8 Inch Fat Raw,Meats,215,18.24,0,15.19,1 oz,28.4,m
Lamb Australian Imported Fresh Leg Whole (Shank And Sirloin) Separable Lean And Fat Trimmed To 1/8 Inch Fat Cooked Roasted,Meats,244,25.16,0,15.13,3 oz,85,m
Lamb Australian Imported Fresh Leg Shank Half Separable Lean Only Trimmed To 1/8 Inch Fat Cooked Roasted,Meats,182,27.18,0,7.27,3 oz,85,m
Lamb Australian Imported Fresh Leg Sirloin Half Boneless Separable Lean And Fat Trimmed To 1/8 Inch Fat Raw,Meats,254,17.25,0,20,1 oz,28.4,m
Lamb Australian Imported Fresh Leg Sirloin Half Boneless Separable Lean And Fat Trimmed To 1/8 Inch Fat Cooked Roasted,Meats,281,24.88,0,19.38,3 oz,85,m
Lamb Australian Imported Fresh Leg Sirloin Half Boneless Separable Lean Only Trimmed To 1/8 Inch Fat Raw,Meats,138,20.48,0,5.64,1 oz,28.4,m
Lamb Australian Imported Fresh Leg Sirloin Chops Boneless Separable Lean Only Trimmed To 1/8 Inch Fat Cooked Broiled,Meats,188,27.63,0,7.8,3 oz,85,m
Lamb Australian Imported Fresh Leg Center Slice Bone-In Separable Lean And Fat Trimmed To 1/8 Inch Fat Raw,Meats,195,19.17,0,12.56,1 oz,28.4,m
Lamb Australian Imported Fresh Leg Center Slice Bone-In Separable Lean And Fat Trimmed To 1/8 Inch Fat Cooked Broiled,Meats,215,25.54,0,11.78,3 oz,85,m
Lamb Australian Imported Fresh Leg Center Slice Bone-In Separable Lean Only Trimmed To 1/8 Inch Fat Raw,Meats,143,20.65,0,6.08,1 oz,28.4,m
Lamb Australian Imported Fresh Loin Separable Lean Only Trimmed To 1/8 Inch Fat Cooked Broiled,Meats,192,26.53,0,8.75,3 oz,85,m
Lamb Australian Imported Fresh Rib Chop/rack Roast Frenched Bone-In Separable Lean And Fat Trimmed To 1/8 Inch Fat Raw,Meats,237,21.26,0,16.89,4 oz,114,m
Lamb Australian Imported Fresh Rib Chop Frenched Bone-In Separable Lean And Fat Trimmed To 1/8 Inch Fat Cooked Grilled,Meats,305,28.48,0,21.2,3 oz,85,m
Lamb Australian Imported Fresh Rib Chop/rack Roast Frenched Bone-In Separable Lean Only Trimmed To 1/8 Inch Fat Raw,Meats,147,24.07,0,5.59,4 oz,114,m
Lamb Australian Imported Fresh Shoulder Arm Separable Lean And Fat Trimmed To 1/8 Inch Fat Raw,Meats,243,17.06,0,18.89,1 oz,28.4,m
Lamb Australian Imported Fresh Shoulder Arm Separable Lean And Fat Trimmed To 1/8 Inch Fat Cooked Braised,Meats,311,29.7,0,20.38,3 oz,85,m
Lamb Australian Imported Fresh Shoulder Arm Separable Lean Only Trimmed To 1/8 Inch Fat Raw,Meats,137,19.88,0,5.81,1 oz,28.4,m
Lamb Australian Imported Fresh Shoulder Arm Separable Lean Only   Trimmed To 1/8 Inch Fat Cooked Braised,Meats,238,34.17,0,10.23,3 oz,85,m
Game Meat  Bison Ground Raw,Meats,223,18.67,0,15.93,1 serving ( 3 oz ),85,m
Pan-Broiled Ground Bison,Meats,238,23.77,0,15.13,1 patty ( yield from 112.7 g raw meat ),87,m
Buffalo Sirloin Steak,Meats,171,28.05,0,5.65,1 serving ( 3 oz ),85,m
Game Meat Bison Chuck Shoulder Clod Separable Lean Only Cooked Braised,Meats,193,33.78,0,5.43,1 serving ( 3 oz ),85,m
Game Meat Elk Ground Raw,Meats,172,21.76,0,8.82,1 patty ( yield from 102.2 g raw meat ),102,m
Game Meat Elk Ground Cooked Pan-Broiled,Meats,193,26.64,0,8.74,1 patty ( yield from 104.1 g raw meat ),95,m
Game Meat Elk Loin Separable Lean Only Cooked Broiled,Meats,167,31,0,3.84,1 steak ( yield from 148.1 g raw meat ),114,m
Game Meat Elk Round Separable Lean Only Cooked Broiled,Meats,156,30.94,0,2.64,1 serving ( 3 oz ),85,m
Game Meat Elk Tenderloin Separable Lean Only Cooked Broiled,Meats,162,30.76,0,3.41,1 steak ( yield from 123.5 g raw meat ),92,m
Cooked Deer Tenderloin,Meats,149,29.9,0,2.35,1 serving ( 3 oz ),85,m
Game Meat Deer Top Round Separable Lean Only 1 Inch Steak Cooked Broiled,Meats,152,31.47,0,1.92,1 steak ( yield from 134.9 g raw meat ),102,m
Veal Australian Shank Fore Bone-In Separable Lean Only Raw,Meats,123,20.18,0,4.65,3 oz,85,m
Veal Australian Shank Fore Bone-In Separable Lean And Fat Raw,Meats,145,19.58,0,7.42,3 oz,85,m
Lamb New Zealand Imported Intermuscular Fat Raw,Meats,640,4.63,1.26,68.53,No data available,No data available,m
Lamb New Zealand Imported Subcutaneous Fat Raw,Meats,703,3.87,0.55,76.16,No data available,No data available,m
Lamb New Zealand Imported Brains Cooked Soaked And Fried,Meats,154,14.03,0,10.92,3 oz,85,m
Lamb New Zealand Imported Brains Raw,Meats,118,11.33,0,8.03,4 oz,113,m
Lamb New Zealand Imported Chump Boneless Separable Lean Only Raw,Meats,121,21.68,0,3.83,4 oz,113,m
Lamb New Zealand Imported Kidney Cooked Soaked And Fried,Meats,112,19.78,0.18,3.56,3 oz,85,m
Lamb New Zealand Imported Flap Boneless Separable Lean Only Cooked Braised,Meats,234,27.88,0,13.6,3 oz,85,m
Lamb New Zealand Imported Flap Boneless Separable Lean Only Raw,Meats,180,21.72,0,10.31,4 oz,113,m
Lamb New Zealand Imported Kidney Raw,Meats,84,15.21,0.03,2.54,4 oz,113,m
Lamb New Zealand Imported Heart Cooked Soaked And Simmered,Meats,161,26.26,0,6.21,3 oz,85,m
Lamb New Zealand Imported Heart Raw,Meats,105,18.09,0,3.68,4 oz,113,m
Lamb New Zealand Imported Sweetbread Cooked Soaked And Simmered,Meats,144,21.13,0,6.61,3 oz,85,m
Lamb New Zealand Imported Sweetbread Raw,Meats,72,11,0,3.16,4 oz,113,m
Lamb New Zealand Imported Tunnel-Boned Leg Chump Off Shank Off Separable Lean Only Cooked Slow Roasted,Meats,159,25.29,0,6.44,3 oz,85,m
Lamb New Zealand Imported Tunnel-Boned Leg Chump Off Shank Off Separable Lean Only Raw,Meats,121,20.93,0,4.09,4 oz,113,m
Lamb New Zealand Imported Square-Cut Shoulder Chops Separable Lean Only Cooked Braised,Meats,255,31.06,0,14.56,3 oz,85,m
Lamb New Zealand Imported Square-Cut Shoulder Chops Separable Lean Only Raw,Meats,164,20.62,0,9.08,4 oz,113,m
Lamb New Zealand Imported Loin Boneless Separable Lean Only Cooked Fast Roasted,Meats,156,28.99,0,4.49,3 oz,85,m
Lamb New Zealand Imported Loin Boneless Separable Lean Only Raw,Meats,120,21.5,0,3.77,4 oz,113,m
Lamb New Zealand Imported Hind-Shank Separable Lean Only Cooked Braised,Meats,196,32.5,0,7.37,3 oz,85,m
Lamb New Zealand Imported Hind-Shank Separable Lean Only Raw,Meats,115,20.4,0.73,3.35,4 oz,113,m
Lamb New Zealand Imported Neck Chops Separable Lean Only Raw,Meats,151,19.84,0,7.97,4 oz,113,m
Lamb New Zealand Imported Rack - Fully Frenched Separable Lean Only Raw,Meats,147,20.61,0,7.12,4 oz,113,m
Lamb New Zealand Imported Loin Chop Separable Lean Only Cooked Fast Fried,Meats,208,27.43,0.41,10.7,3 oz,85,m
Lamb New Zealand Imported Square-Cut Shoulder Separable Lean Only Cooked Slow Roasted,Meats,192,25.08,0,10.13,3 oz,85,m
Lamb New Zealand Imported Leg Chop/steak Bone-In Separable Lean Only Cooked Fast Fried,Meats,162,26.31,0,6.35,3 oz,85,m
Lamb New Zealand Imported Leg Chop/steak Bone-In Separable Lean And Fat Cooked Fast Fried,Meats,212,24.26,0.04,12.76,3 oz,85,m
Lamb New Zealand Imported Loin Chop Separable Lean And Fat Cooked Fast Fried,Meats,332,21.5,0.41,27.11,3 oz,85,m
Lamb New Zealand Imported Loin Saddle Separable Lean And Fat Cooked Fast Roasted,Meats,274,21.13,0.1,20.98,3 oz,85,m
Lamb New Zealand Imported Loin Saddle Separable Lean And Fat Raw,Meats,273,16.56,0.2,22.9,4 oz,113,m
Lamb New Zealand Imported Netted Shoulder Rolled Boneless Separable Lean And Fat Raw,Meats,252,16.9,0.2,20.36,4 oz,113,m
Chicken Capons Giblets Raw,Meats,130,18.28,1.42,5.18,1 giblets,115,m
Chicken Capons Giblets Cooked Simmered,Meats,164,26.39,0.76,5.4,1 cup/ chopped or diced,145,m
Duck Domesticated Liver Raw,Meats,136,18.74,3.53,4.64,1 liver,44,m
Duck Wild Meat And Skin Raw,Meats,211,17.42,0,15.2,3 oz,85,m
Duck Wild Breast Meat Only Raw,Meats,123,19.85,0,4.25,1 unit (yield from 1 lb ready-to-cook duck),73,m
Goose Domesticated Meat And Skin Raw,Meats,371,15.86,0,33.62,3 oz,85,m
Guinea Hen Meat Only Raw,Meats,110,20.64,0,2.47,3 oz,85,m
Pheasant Raw Meat And Skin,Meats,181,22.7,0,9.29,3 oz,85,m
Pheasant Raw Meat Only,Meats,133,23.57,0,3.64,3 oz,85,m
Pheasant Breast Meat Only Raw,Meats,133,24.37,0,3.25,3 oz,85,m
Squab (Pigeon) Meat And Skin Raw,Meats,294,18.47,0,23.8,3 oz,85,m
Emu Fan Fillet Raw,Meats,103,22.5,0,0.8,1 serving ( 3 oz ),85,m
Emu Steak,Meats,154,31.27,0,2.3,1 serving ( 3 oz ),85,m
Emu Flat Fillet Raw,Meats,102,22.25,0,0.74,3 oz,85,m
Emu Full Rump Raw,Meats,112,22.83,0,1.64,3 oz,85,m
Emu Top Loin Cooked Broiled,Meats,152,29.07,0,3.13,1 serving ( 3 oz ),85,m
Ostrich Ground Raw,Meats,165,20.22,0,8.7,1 patty,109,m
Ostrich Ground Cooked Pan-Broiled,Meats,175,26.15,0,7.07,1 patty,93,m
Ostrich Fan Raw,Meats,117,21.81,0,2.65,1 serving ( cooked from 4oz raw),85,m
Ostrich Outside Leg Raw,Meats,115,22.86,0,1.96,1 serving (cooked from 4 oz raw),85,m
Ostrich Outside Strip Raw,Meats,120,23.36,0,2.21,1 serving (cooked from 4 oz raw),85,m
Ostrich Outside Strip Cooked,Meats,156,28.55,0,3.83,1 serving ( 3 oz ),85,m
Ostrich Oyster Raw,Meats,125,21.55,0,3.67,1 serving ( cooked from 4 oz raw),85,m
Ostrich Tip Trimmed Cooked,Meats,145,28.49,0,2.57,1 serving ( 3 oz ),85,m
Ostrich Top Loin Raw,Meats,119,21.67,0,2.95,1 serving (cooked from 4 oz raw),85,m
Ostrich Top Loin Cooked,Meats,155,28.12,0,3.87,1 serving ( 3 oz ),85,m
Chicken Liver All Classes Cooked Pan-Fried,Meats,172,25.78,1.11,6.43,1 liver,44,m
Low Fat Broiled Turkey Patties,Meats,207,25.86,0,11.45,3 oz,85,m
Ground Turkey 85% Lean 15% Fat Raw,Meats,180,16.9,0,12.54,1 patty (cooked from 4 oz raw),85,m
Ground Turkey 85% Lean 15% Fat Pan-Broiled Crumbles,Meats,258,25.11,0,17.45,3 oz,85,m
Broiled Turkey Patties,Meats,249,25.88,0,16.2,3 oz,85,m
Chicken Skin (Drumsticks And Thighs) Cooked Roasted,Meats,462,16.57,0,43.99,1 oz,28.4,m
Chicken Broilers Or Fryers Dark Meat Drumstick Meat And Skin Cooked Braised,Meats,187,22.72,0,10.73,1 drumstick without skin,95,m
Chicken Broilers Or Fryers Dark Meat Thigh Meat And Skin Cooked Braised,Meats,229,22.57,0,15.43,1 thigh without skin,111,m
Chicken Dark Meat Drumstick Meat Only With Added Solution Raw,Meats,106,19.19,0,3.26,1 drumstick with skin,143,m
Chicken Dark Meat Thigh Meat Only With Added Solution Cooked Roasted,Meats,164,24.23,0,7.73,1 thigh with skin,130,m
Chicken Skin (Drumsticks And Thighs) With Added Solution Cooked Braised,Meats,403,12.26,1,38.94,1 oz,28.4,m
Chicken Skin (Drumsticks And Thighs) With Added Solution Raw,Meats,386,11.11,0.01,37.9,1 oz,28.4,m
Chicken Skin (Drumsticks And Thighs) With Added Solution Cooked Roasted,Meats,421,20.31,0.44,37.6,1 oz,28.4,m
Chicken Dark Meat Drumstick Meat And Skin With Added Solution Cooked Braised,Meats,183,21.55,0.13,10.71,1 drumstick with skin,106,m
Chicken Dark Meat Thigh Meat And Skin With Added Solution Cooked Roasted,Meats,214,23.47,0.09,13.81,1 thigh with skin,130,m
Chicken Broiler Rotisserie BBQ Back Meat Only,Meats,212,21.85,0.31,13.87,3 oz,85,m
Turkey Dark Meat From Whole Meat Only With Added Solution Raw,Meats,115,19.27,0.1,4.12,4 oz,114,m
Turkey Dark Meat Meat Only With Added Solution Cooked Roasted,Meats,158,26.1,0,6,3 oz,85,m
Turkey Dark Meat From Whole Meat And Skin With Added Solution Raw,Meats,169,17.84,0.15,10.83,4 oz,114,m
Turkey Dark Meat From Whole Meat And Skin With Added Solution Cooked Roasted,Meats,199,25.55,0,10.81,3 oz,85,m
Turkey From Whole Light Meat Meat And Skin With Added Solution Raw,Meats,147,20.02,0.14,7.42,4 oz,114,m
Turkey From Whole Light Meat Meat And Skin With Added Solution Cooked Roasted,Meats,157,26.52,0,5.64,3 oz,85,m
Turkey Retail Parts Breast Meat Only With Added Solution Raw,Meats,111,21.99,0,2.53,1 breast,1171,m
Turkey Retail Parts Breast Meat Only With Added Solution Cooked Roasted,Meats,130,27.94,0,2.08,3 oz,85,m
Turkey Retail Parts Breast Meat Only Raw,Meats,114,23.34,0,2.33,3 oz,85,m
Turkey Retail Parts Breast Meat Only Cooked Roasted,Meats,136,29.51,0,1.97,1 breast,863,m
Turkey Retail Parts Wing Meat Only Raw,Meats,112,22.48,0,2.49,3 oz,28,m
Turkey Retail Parts Thigh Meat Only Raw,Meats,116,20.6,0,3.69,3 oz,85,m
Turkey Breast From Whole Bird Meat Only With Added Solution Roasted,Meats,127,26.97,0,2.08,3 oz,85,m
Turkey Back From Whole Bird Meat Only With Added Solution Raw,Meats,115,19.27,0.15,4.12,4 oz,114,m
Turkey Back From Whole Bird Meat Only With Added Solution Roasted,Meats,127,26.97,0,2.08,3 oz,85,m
Roast Beef Deli Style Prepackaged Sliced,Meats,115,18.62,0.64,3.69,1 slice oval,9.3,m
Luncheon Meat Pork Canned,Meats,334,12.5,2.1,30.3,1 oz,28.4,m
Turkey Breast Low Salt Prepackaged Or Deli Luncheon Meat,Meats,109,21.81,3.51,0.83,1 slice,28,m
Mortadella Beef Pork,Meats,311,16.37,3.05,25.39,1 oz,28.4,m
Peppered Loaf Pork Beef,Meats,149,17.3,4.53,6.37,3 (1/2) slices,100,m
Pepperoni,Meats,504,19.25,1.18,46.28,3 oz,85,m
Pickle And Pimiento Loaf Pork,Meats,225,11.23,8.46,15.95,1 slice,38,m
Polish Sausage Pork,Meats,326,14.1,1.63,28.72,3 oz,85,m
Pork Sausage Link/patty Cooked Pan-Fried,Meats,325,18.53,1.42,27.25,1 patty,27,m
Pork And Beef Sausage Fresh Cooked,Meats,396,13.8,2.7,36.25,1 link (raw dimensions: 4 inch long x 7/8 inch dia)/ cooked,13,m
Turkey Sausage Reduced Fat Brown And Serve Cooked (Include Butterball Breakfast Links Turkey Sausage),Meats,204,17,10.92,10.3,1 cup,128,m
Poultry Salad Sandwich Spread,Meats,200,11.64,7.41,13.52,1 tbsp,13,m
Dry Pork And Beef Salami,Meats,378,21.07,0.72,31.65,1 slice,9.8,m
Sandwich Spread Pork Beef,Meats,235,7.66,11.94,17.34,1 tbsp,15,m
Smoked Link Sausage Pork,Meats,309,11.98,0.94,28.23,1 link (4 inch long x 1-1/8 inch dia),68,m
Sausage Smoked Link Sausage Pork And Beef,Meats,320,12,2.42,28.73,3 oz,85,m
Sausage Italian Pork Cooked,Meats,324,18.4,1.86,26.4,1 link/ 4/lb,83,m
Luncheon Sausage (Pork And Beef),Meats,260,15.38,1.58,20.9,1 slice (4 inch dia x 1/8 inch thick),23,m
New England Brand Sausage Pork Beef,Meats,161,17.27,4.83,7.58,1 slice (4 inch dia x 1/8 inch thick),23,m
Oscar Mayer Bologna (Beef),Meats,316,11.05,2.45,29.1,1 serving (1 slice),28,m
Oscar Mayer Smokies Sausage Little Cheese (Pork Turkey),Meats,315,13.5,1.7,28.2,1 link,9,m
Oscar Mayer Wieners (Beef Franks),Meats,329,11.35,2.78,30.26,1 serving,45,m
Unprepared Turkey Bacon,Meats,226,15.94,1.89,16.93,1 serving,14,m
Hormel Pillow Pak Sliced Turkey Pepperoni,Meats,243,30.99,3.78,11.52,1 serving,30,m
Luncheon Meat Pork And Chicken Minced Canned Includes Spam Lite,Meats,196,15.23,1.35,13.9,2 oz (1 serving),56,m
Veal Bratwurst,Meats,341,13.99,0,31.7,1 serving 2.96 oz,84,m
Liverwurst Spread,Meats,305,12.38,5.89,25.45,1/4 cup,55,m
Roast Beef Spread,Meats,223,15.27,3.73,16.28,1 serving .25 cup,57,m
Salami Pork Beef Less Sodium,Meats,396,15.01,15.38,30.5,3 (1/2) oz,100,m
Sausage Summer Pork And Beef Sticks With Cheddar Cheese,Meats,426,19.43,1.82,37.91,1 oz,28.4,m
Sausage Turkey Breakfast Links Mild,Meats,174,15.91,3.18,10.39,2 oz/ 2 links,56,m
Swisswurst Pork And Beef With Swiss Cheese Smoked,Meats,307,12.69,1.6,27.37,1 serving 2.7 oz,77,m
Bacon And Beef Sticks,Meats,517,29.1,0.8,44.2,1 oz,28,m
Salami,Meats,425,21.7,1.2,37,1 oz,28,m
Sausage Italian Turkey Smoked,Meats,158,15.05,4.65,8.75,1 serving 2 oz,56,m
Sausage Chicken Beef Pork Skinless Smoked,Meats,216,13.6,8.1,14.3,1 link,84,m
Sausage Turkey Hot Smoked,Meats,158,15.05,4.65,8.75,2 oz,56,m
Kielbasa Polish Turkey And Beef Smoked,Meats,226,13.1,3.9,17.6,1 serving 2 oz,56,m
Oven-Roasted Chicken Breast Roll,Meats,134,14.59,1.79,7.65,1 serving 2 oz,56,m
Bologna Pork And Turkey Lite,Meats,211,13.06,3.45,16.06,1 serving 2 oz,56,m
Bologna Pork Turkey And Beef,Meats,336,11.56,6.66,29.25,1 oz,28.4,m
Ham Honey Smoked Cooked,Meats,122,17.93,7.27,2.37,1 (47/50) oz (1 serving),55,m
Turkey Breast Smoked Lemon Pepper Flavor 97% Fat-Free,Meats,95,20.9,1.31,0.69,1 slice,28,m
Turkey White Rotisserie Deli Cut,Meats,112,13.5,7.7,3,1 (3/10) oz (1 serving),48,m
Frankfurter Beef Heated,Meats,322,11.69,2.66,29.36,1 frankfurter,48,m
Frankfurter Meat Heated,Meats,278,9.77,4.9,24.31,1 serving (1 hot dog),52,m
Beef Sausage Pre-Cooked,Meats,327,12.9,4.61,28.22,1 serving,48,m
Turkey Sausage Fresh Raw,Meats,155,18.79,0.47,8.08,1 serving,57,m
Beef Sausage Fresh Cooked,Meats,332,18.21,0.35,27.98,1 serving,43,m
Beef Top Loin Filet Boneless Separable Lean Only Trimmed To 1/8 Inch Fat All Grades Cooked Grilled,Meats,195,29.33,0.3,8.54,1 fillet,135,m
Beef Top Loin Filet Boneless Separable Lean Only Trimmed To 1/8 Inch Fat Choice Cooked Grilled,Meats,203,28.99,0.36,9.48,1 fillet,135,m
Beef Top Loin Filet Boneless Separable Lean Only Trimmed To 1/8 Inch Fat Select Cooked Grilled,Meats,184,29.85,0.2,7.12,1 fillet,135,m
Beef Top Loin Petite Roast/filet Boneless Separable Lean Only Trimmed To 1/8 Inch Fat Choice Raw,Meats,149,22.5,0.23,6.48,3 oz,85,m
Beef Top Loin Petite Roast/filet Boneless Separable Lean Only Trimmed To 1/8 Inch Fat Select Raw,Meats,135,22.77,0,4.88,3 oz,85,m
Beef Loin Top Sirloin Filet Boneless Separable Lean Only Trimmed To 0 Inch Fat All Grades Cooked Grilled,Meats,171,30.58,0,5.37,1 fillet,121,m
Beef Loin Top Sirloin Filet Boneless Separable Lean Only Trimmed To 0 Inch Fat Choice Cooked Grilled,Meats,174,30.45,0,5.83,1 fillet,124,m
Beef Loin Top Sirloin Petite Roast/filet Boneless Separable Lean Only Trimmed To 0 Inch Fat Select Raw,Meats,122,23.05,0,3.35,3 oz,85,m
Beef Ribeye  Petite Roast/filet Boneless Separable Lean Only Trimmed To 0 Inch Fat All Grades Raw,Meats,133,22.66,0.04,4.66,3 oz,85,m
Beef Ribeye  Petite Roast/filet Boneless Separable Lean Only Trimmed To 0 Inch Fat Choice Raw,Meats,138,22.52,0.18,5.29,3 oz,85,m
Beef Ribeye  Petite Roast/filet Boneless Separable Lean Only Trimmed To 0 Inch Fat Select Raw,Meats,125,22.89,0,3.72,3 oz,85,m
Beef Ribeye Cap Steak Boneless Separable Lean Only Trimmed To 0 Inch Fat Choice Raw,Meats,187,19.46,1.75,11.4,3 oz,85,m
Beef Ribeye Cap Steak Boneless Separable Lean Only Trimmed To 0 Inch Fat Select Raw,Meats,169,20.05,1.15,9.39,3 oz,85,m
Beef Ribeye Filet Boneless Separable Lean Only Trimmed To 0 Inch Fat All Grades Cooked Grilled,Meats,199,28.77,0.17,9.2,1 fillet,135,m
Beef Ribeye Filet Boneless Separable Lean Only Trimmed To 0 Inch Fat Choice Cooked Grilled,Meats,208,28.35,0.51,10.26,1 fillet,138,m
Ribeye Steak (Filet),Meats,186,29.39,0,7.61,1 fillet,129,m
Beef Loin Top Sirloin Cap Steak Boneless Separable Lean And Fat Trimmed To 1/8 Inch Fat Choice Cooked Grilled,Meats,238,26.3,1.1,14.3,3 oz,85,m
Beef Loin Top Sirloin Cap Steak Boneless Separable Lean And Fat Trimmed To 1/8 Inch Fat Select Cooked Grilled,Meats,249,25.5,0.4,16.1,3 oz,85,m
Beef Loin Top Sirloin Cap Steak Boneless Separable Lean And Fat Trimmed To 1/8 Inch Fat All Grades Raw,Meats,191,19.9,0,12.4,3 oz,85,m
Beef Loin Top Sirloin Cap Steak Boneless Separable Lean And Fat Trimmed To 1/8 Inch Fat Choice Raw,Meats,199,19.7,0,13.4,3 oz,85,m
Beef Top Loin Petite Roast Boneless Separable Lean And Fat Trimmed To 1/8 Inch Fat All Grades Cooked Roasted,Meats,228,27,1,12.9,3 oz,85,m
Beef Top Loin Petite Roast Boneless Separable Lean And Fat Trimmed To 1/8 Inch Fat Choice Cooked Roasted,Meats,239,26.8,1.1,14.1,3 oz,85,m
Beef Top Loin Petite Roast Boneless Separable Lean And Fat Trimmed To 1/8 Inch Fat Select Cooked Roasted,Meats,213,27.1,0.9,11.2,3 oz,85,m
Beef Top Loin Petite Roast/filet Boneless Separable Lean And Fat Trimmed To 1/8 Inch Fat All Grades Raw,Meats,187,21.1,0.3,11.3,3 oz,85,m
Beef Loin Top Loin Steak Boneless Lip-On Separable Lean And Fat Trimmed To 1/8 Inch Fat Choice Cooked Grilled,Meats,275,25.69,0,19.19,3 oz,85,m
Beef Loin Top Loin Steak Boneless Lip-On Separable Lean And Fat Trimmed To 1/8 Inch Fat Select Cooked Grilled,Meats,247,26.92,0,15.44,3 oz,85,m
Beef Loin Top Loin Steak Boneless Lip-On Separable Lean And Fat Trimmed To 1/8 Inch Fat All Grades Cooked Grilled,Meats,264,26.18,0,17.69,3 oz,85,m
Beef New Zealand Imported Bolar Blade Separable Lean Only Cooked Fast Roasted,Meats,193,33.53,0,6.57,3 oz,85,m
Beef New Zealand Imported Bolar Blade Separable Lean Only Raw,Meats,129,22.09,0,4.49,4 oz,114,m
Beef New Zealand Imported Brisket Navel End Separable Lean Only Cooked Braised,Meats,265,29.35,0,16.37,3 oz,85,m
Beef New Zealand Imported Brisket Navel End Separable Lean Only Raw,Meats,194,19.74,0,12.75,4 oz,114,m
Beef New Zealand Imported Cube Roll Separable Lean Only Cooked Fast Roasted,Meats,239,30.09,0,13.22,3 oz,85,m
Beef New Zealand Imported Cube Roll Separable Lean Only Raw,Meats,161,19.77,1.38,8.51,4 oz,114,m
Beef New Zealand Imported Eye Round Separable Lean Only Cooked Slow Roasted,Meats,164,29.68,0,4.98,3 oz,85,m
Beef New Zealand Imported Eye Round Separable Lean Only Raw,Meats,116,20.15,1.35,3.35,4 oz,113,m
Beef New Zealand Imported Variety Meats And By-Products Heart Raw,Meats,105,18.52,0,3.4,4 oz,113,m
Beef New Zealand Imported Hind Shin Separable Lean Only Cooked Braised,Meats,167,31.23,0,4.64,3 oz,85,m
Beef New Zealand Imported Hind Shin Separable Lean Only Raw,Meats,114,21.46,0,3.12,4 oz,113,m
Beef New Zealand Imported Inside Raw,Meats,128,22.16,0.1,4.36,4 oz,113,m
Beef New Zealand Imported Variety Meats And By-Products Kidney Raw,Meats,87,15.68,0,2.64,4 oz,113,m
Beef New Zealand Imported Variety Meats And By-Products Liver Cooked Boiled,Meats,150,23.3,3.78,4.68,3 oz,85,m
Beef New Zealand Imported Variety Meats And By-Products Liver Raw,Meats,133,20.5,3.6,4.05,4 oz,113,m
Beef New Zealand Imported Manufacturing Beef Cooked Boiled,Meats,126,24.21,0,3.26,3 oz,85,m
Beef New Zealand Imported Ribs Prepared Raw,Meats,146,21.31,0,6.78,4 oz,113,m
Beef New Zealand Imported Rump Centre Separable Lean Only Cooked Fast Fried,Meats,188,30.17,0,7.48,3 oz,85,m
Beef New Zealand Imported Striploin Separable Lean Only Cooked Fast Fried,Meats,217,28.53,0,11.4,3 oz,85,m
Beef New Zealand Imported Striploin Separable Lean Only Raw,Meats,150,20.93,0.74,7,4 oz,113,m
Beef New Zealand Imported Oyster Blade Separable Lean And Fat Raw,Meats,178,21.27,0,10.31,4 oz,113,m
Beef New Zealand Imported Tenderloin Separable Lean Only Raw,Meats,140,21.19,0,6.1,4 oz,113,m
Beef New Zealand Imported Variety Meats And By-Products Tongue Cooked Boiled,Meats,271,18.31,3.68,20.34,3 oz,85,m
Beef New Zealand Imported Variety Meats And By-Products Tongue Raw,Meats,243,17.77,0,19.09,4 oz,113,m
Beef New Zealand Imported Brisket Navel End Separable Lean And Fat Cooked Braised,Meats,453,20.14,0,41.33,3 oz,85,m
Beef New Zealand Imported Brisket Navel End Separable Lean And Fat Raw,Meats,345,15.81,0,31.27,4 oz,114,m
Beef New Zealand Imported Brisket Point End Separable Lean And Fat Cooked Braised,Meats,250,31.94,0,13.6,3 oz,85,m
Beef New Zealand Imported Brisket Point End Separable Lean And Fat Raw,Meats,163,20.05,0,9.23,4 oz,114,m
Beef New Zealand Imported Eye Round Separable Lean And Fat Cooked Slow Roasted,Meats,168,29.49,0,5.57,3 oz,85,m
Beef New Zealand Imported Eye Round Separable Lean And Fat Raw,Meats,129,19.88,1.32,4.92,4 oz,113,m
Beef New Zealand Imported Flank Separable Lean And Fat Cooked Braised,Meats,208,30.13,0,9.73,3 oz,85,m
Beef New Zealand Imported Flank Separable Lean And Fat Raw,Meats,161,20.12,0,8.9,4 oz,113,m
Beef New Zealand Imported Flat Separable Lean And Fat Cooked Braised,Meats,252,31.86,0,13.79,3 oz,85,m
Beef New Zealand Imported Rump Centre Separable Lean And Fat Cooked Fast Fried,Meats,192,30.01,0,7.96,3 oz,85,m
Beef New Zealand Imported Rump Centre Separable Lean Only Raw,Meats,141,21.74,0,6.05,4 oz,113,m
Beef New Zealand Imported Rump Centre Separable Lean And Fat Raw,Meats,145,21.65,0,6.5,4 oz,113,m
Beef New Zealand Imported Striploin Separable Lean And Fat Cooked Fast Fried,Meats,301,24.89,0.02,22.33,3 oz,85,m
Broiled Ground Beef Patty (93% Lean),Meats,193,26.22,0,8.94,3 oz,85,m
Beef Ground 93% Lean Meat /7% Fat Patty Cooked Pan-Broiled,Meats,182,25.56,0.06,8.01,3 oz,85,m
Beef Ground 93% Lean Meat / 7% Fat Loaf Cooked Baked,Meats,192,27.03,0,8.43,3 oz,85,m
Beef Ground 93% Lean Meat / 7% Fat Crumbles Cooked Pan-Browned,Meats,209,28.88,0,9.51,3 oz,85,m
Beef Ground 97% Lean Meat / 3% Fat Crumbles Cooked Pan-Browned,Meats,175,29.46,0,5.46,3 oz,85,m
Beef Composite Of Trimmed Retail Cuts Separable Lean And Fat Trimmed To 0 Inch Fat All Grades Raw,Meats,167,20.95,0,9.3,4 oz,114,m
Beef Composite Of Trimmed Retail Cuts Separable Lean Only Trimmed To 1/8 Inch Fat All Grades Raw,Meats,140,22.15,0,5.38,3 oz,85,m
Beef Composite Of Trimmed Retail Cuts Separable Lean Only Trimmed To 1/8 Inch Fat All Grades Cooked,Meats,194,28.95,0,8.15,4 oz,114,m
Beef Composite Of Trimmed Retail Cuts Separable Lean Only Trimmed To 0 Inch Fat All Grades Raw,Meats,138,22.15,0,5.54,4 oz,114,m
Beef Rib Small End (Ribs 10-12) Separable Lean Only Trimmed To 1/8 Inch Fat Choice Raw,Meats,148,22.12,0,5.91,1 oz,28.4,m
Beef Tenderloin Steak Separable Lean Only Trimmed To 1/8 Inch Fat Choice Raw,Meats,158,22.17,0,7.07,1 oz,28.4,m
Beef Top Sirloin Steak Separable Lean Only Trimmed To 1/8 Inch Fat Choice Raw,Meats,135,21.91,0,4.62,1 oz,28.4,m
Beef Rib Small End (Ribs 10-12) Separable Lean Only Trimmed To 1/8 Inchfat Choice Cooked Broiled,Meats,202,28.29,0,9.05,1 oz,28.4,m
Beef Chuck Arm Pot Roast Separable Lean Only Trimmed To 1/8 Inch Fat Select Raw,Meats,125,22.26,0,3.32,1 oz,28.4,m
Beef Brisket Flat Half Separable Lean Only Trimmed To 1/8 Inch Fat Select Raw,Meats,124,21.45,0,3.61,1 oz,28.4,m
Beef Chuck Arm Pot Roast Separable Lean Only Trimmed To 1/8 Inch Fat Select Cooked Braised,Meats,205,34.6,0,6.35,1 oz,28.4,m
Beef Brisket Flat Half Separable Lean Only Trimmed To 1/8 Inch Fat Select Cooked Braised,Meats,189,33.18,0,5.21,1 oz,28.4,m
Beef Variety Meats And By-Products Tripe Cooked Simmered,Meats,94,11.71,1.99,4.05,1 serving,85,m
Beef Bottom Sirloin Tri-Tip Roast Separable Lean Only Trimmed To 0 Inch Fat All Grades Raw,Meats,142,21.26,0,5.63,3 oz,85,m
Beef Bottom Sirloin Tri-Tip Roast Separable Lean Only Trimmed To 0 Inch Fat Choice Cooked Roasted,Meats,193,26.34,0,9.73,3 oz,85,m
Beef Bottom Sirloin Tri-Tip Roast Separable Lean Only Trimmed To 0 Inch Fat Choice Raw,Meats,154,21.17,0,7.06,3 oz,85,m
Beef Bottom Sirloin Tri-Tip Roast Separable Lean Only Trimmed To 0 Inch Fat Select Cooked Roasted,Meats,179,27.17,0,6.95,3 oz,85,m
Beef Flank Steak Separable Lean Only Trimmed To 0 Inch Fat All Grades Cooked Broiled,Meats,186,27.89,0,7.4,3 oz,85,m
Beef Flank Steak Separable Lean Only Trimmed To 0 Inch Fat Select Cooked Broiled,Meats,178,27.96,0,6.48,3 oz,85,m
Beef Flank Steak Separable Lean Only Trimmed To 0 Inch Fat All Grades Raw,Meats,141,21.57,0,5.47,3 oz,85,m
Beef Flank Steak Separable Lean Only Trimmed To 0 Inch Fat Select Raw,Meats,137,21.43,0,5,3 oz,85,m
Lamb New Zealand Imported Square-Cut Shoulder Chops Separable Lean And Fat Cooked Braised,Meats,322,26.79,0.05,23.86,3 oz,85,m
Lamb New Zealand Imported Square-Cut Shoulder Chops Separable Lean And Fat Raw,Meats,275,17.02,0.23,22.84,4 oz,113,m
Lamb New Zealand Imported Square-Cut Shoulder Separable Lean And Fat Cooked Slow Roasted,Meats,294,20.88,0.03,23.39,3 oz,85,m
Lamb New Zealand Imported Tunnel-Boned Leg Chump Off Shank Off Separable Lean And Fat Raw,Meats,121,20.93,0,4.09,4 oz,113,m
Lamb New Zealand Imported Tenderloin Separable Lean And Fat Raw,Meats,120,20.43,0.01,4.22,4 oz,113,m
Veal Ground Cooked Pan-Fried,Meats,215,25.83,1.51,11.78,3 oz,85,m
Veal Leg Top Round Cap Off Cutlet Boneless Cooked Grilled,Meats,151,31.89,0,2.63,3 oz,85,m
Veal Shoulder Blade Chop Separable Lean Only Cooked Grilled,Meats,159,27.33,0,5.53,3 oz,85,m
Veal External Fat Only Raw,Meats,503,8.85,0.89,51.6,No data available,No data available,m
Veal External Fat Only Cooked,Meats,540,15.28,0,53.23,No data available,No data available,m
Veal Seam Fat Only Raw,Meats,444,12.53,0,43.75,No data available,No data available,m
Lamb Australian Imported Fresh Leg Bottom Boneless Separable Lean Only Trimmed To 1/8 Inch Fat Cooked Roasted,Meats,190,28.6,0,8.35,3 oz,85,m
Lamb Australian Imported Fresh Leg Hindshank Heel On Bone-In Separable Lean Only Trimmed To 1/8 Inch Fat Cooked Braised,Meats,174,30.73,0,5.63,3 oz,85,m
Lamb Australian Imported Fresh Leg Hindshank Heel On Bone-In Separable Lean Only Trimmed To 1/8 Inch Fat Raw,Meats,122,22.49,0,3.53,4 oz,114,m
Lamb Australian Imported Fresh Tenderloin Boneless Separable Lean Only Trimmed To 1/8 Inch Fat Cooked Roasted,Meats,184,30.97,0,6.71,3 oz,85,m
Lamb Australian Imported Fresh Rack Roast Frenched Denuded Bone-In Separable Lean Only Trimmed To 0 Inch Fat Cooked Roasted,Meats,175,26.52,0,7.63,3 oz,85,m
Lamb Australian Imported Fresh Rack Roast Frenched Bone-In Separable Lean Only Trimmed To 1/8 Inch Fat Cooked Roasted,Meats,244,28.01,0,14.64,3 oz,85,m
Lamb Australian Imported Fresh External Fat Cooked,Meats,538,16.9,0,52.3,3 oz,85,m
Lamb Australian Imported Fresh External Fat Raw,Meats,487,12.59,0,48.5,No data available,No data available,m
Lamb Australian Imported Fresh Leg Hindshank Heel On Bone-In Separable Lean And Fat Trimmed To 1/8 Inch Fat Cooked Braised,Meats,204,29.52,0,9.5,3 oz,85,m
Lamb Australian Imported Fresh Leg Hindshank Heel On Bone-In Separable Lean And Fat Trimmed To 1/8 Inch Fat Raw,Meats,196,20.58,0,12.68,4 oz,114,m
Lamb Australian Imported Fresh Leg Trotter Off Bone-In Separable Lean And Fat Trimmed To 1/8 Inch Fat Cooked Roasted,Meats,226,30.15,0.08,11.64,3 oz,85,m
Lamb Australian Imported Fresh Leg Trotter Off Bone-In Separable Lean And Fat Trimmed To 1/8 Inch Fat Raw,Meats,175,21.95,0,9.73,4 oz,114,m
Lamb Australian Imported Fresh Tenderloin Boneless Separable Lean And Fat Trimmed To 1/8 Inch Fat Cooked Roasted,Meats,187,30.87,0,7.02,3 oz,85,m
Lamb Australian Imported Fresh Rib Chop Frenched Denuded Bone-In Separable Lean And Fat Trimmed To 0 Inch Fat Cooked Grilled,Meats,276,30.9,0,16.96,3 oz,85,m
Game Meat Deer Cooked Roasted,Meats,158,30.21,0,3.19,3 oz,85,m
Game Meat Horse Raw,Meats,133,21.39,0,4.6,1 oz,28.4,m
Game Meat Horse Cooked Roasted,Meats,175,28.14,0,6.05,3 oz,85,m
Lamb New Zealand Imported Frozen Loin Separable Lean And Fat Cooked Broiled,Meats,315,23.43,0,23.88,3 oz,85,m
Lamb New Zealand Imported Rack - Partly Frenched Separable Lean Only Raw,Meats,160,20.65,0,8.61,1 serving,115,m
Lamb New Zealand Imported Rack - Partly Frenched Separable Lean Only Cooked Fast Roasted,Meats,193,24.43,0,10.63,1 serving,85,m
Lamb New Zealand Imported Square-Cut Shoulder Separable Lean And Fat Raw,Meats,272,16.16,0.24,22.89,1 serving,115,m
Lamb New Zealand Imported Frozen Shoulder Whole (Arm And Blade) Separable Lean And Fat Cooked Braised,Meats,357,28.21,0,26.27,3 oz,85,m
Lamb New Zealand Imported Square-Cut Shoulder Separable Lean Only Raw,Meats,154,19.72,0,8.3,1 serving,115,m
Veal Composite Of Trimmed Retail Cuts Separable Lean Only Cooked,Meats,196,31.9,0,6.58,3 oz,85,m
Veal Composite Of Trimmed Retail Cuts Separable Fat Raw,Meats,638,6.02,0,67.83,1 oz,28.4,m
Veal Composite Of Trimmed Retail Cuts Separable Fat Cooked,Meats,642,9.42,0,66.74,3 oz,85,m
Veal Leg (Top Round) Separable Lean And Fat Raw,Meats,117,20.98,0,3.08,1 oz,28.4,m
Veal Leg (Top Round) Separable Lean Only Raw,Meats,107,21.28,0,1.76,1 oz,28.4,m
Veal Leg Top Roast (Cooked),Meats,203,36.71,0,5.09,3 oz,85,m
Veal Leg (Top Round) Separable Lean Only Cooked Pan-Fried Breaded,Meats,216,28.41,9.84,6.27,3 oz,85,m
Veal Leg (Top Round) Separable Lean Only Cooked Pan-Fried Not Breaded,Meats,183,33.17,0,4.62,3 oz,85,m
Veal Loin Separable Lean Only Cooked Braised,Meats,226,33.57,0,9.15,3 oz,85,m
Veal Loin Separable Lean Only Cooked Roasted,Meats,175,26.32,0,6.94,3 oz,85,m
Veal Rib Separable Lean And Fat Raw,Meats,162,18.86,0,9.01,1 oz,28.4,m
Veal Rib Separable Lean And Fat Cooked Braised,Meats,251,32.43,0,12.53,3 oz,85,m
Veal Shoulder Whole (Arm And Blade) Separable Lean And Fat Raw,Meats,130,19.27,0,5.28,1 oz,28.4,m
Veal Shoulder Whole (Arm And Blade) Separable Lean And Fat Cooked Braised,Meats,228,32.06,0,10.14,3 oz,85,m
Veal Shoulder Whole (Arm And Blade) Separable Lean And Fat Cooked Roasted,Meats,184,25.32,0,8.42,3 oz,85,m
Veal Shoulder Whole (Arm And Blade) Separable Lean Only Raw,Meats,112,19.79,0,3,1 oz,28.4,m
Veal Shoulder Arm Separable Lean And Fat Cooked Roasted,Meats,183,25.46,0,8.25,3 oz,85,m
Veal Shoulder Arm Separable Lean Only Raw,Meats,105,20.04,0,2.16,1 oz,28.4,m
Veal Shoulder Arm Separable Lean Only Cooked Braised,Meats,201,35.73,0,5.33,3 oz,85,m
Veal Shoulder Arm Separable Lean Only Cooked Roasted,Meats,164,26.13,0,5.81,3 oz,85,m
Veal Shoulder Blade Separable Lean Only Cooked Roasted,Meats,171,25.64,0,6.88,3 oz,85,m
Veal Sirloin Separable Lean And Fat Raw,Meats,152,19.07,0,7.81,1 oz,28.4,m
Veal Sirloin Separable Lean And Fat Cooked Braised,Meats,252,31.26,0,13.14,3 oz,85,m
Veal Sirloin Separable Lean And Fat Cooked Roasted,Meats,202,25.14,0,10.45,3 oz,85,m
Veal Cubed For Stew (Leg And Shoulder) Separable Lean Only Cooked Braised,Meats,188,34.94,0,4.31,3 oz,85,m
Veal Ground Raw,Meats,197,18.58,0,13.06,3 oz,85,m
Veal Ground Cooked Broiled,Meats,172,24.38,0,7.56,3 oz,85,m
Game Meat Antelope Raw,Meats,114,22.38,0,2.03,1 oz,28.4,m
Bison Ground Grass-Fed Raw,Meats,146,20.23,0.05,7.21,1 patty (cooked from 4 oz raw),85,m
Game Meat Beaver Raw,Meats,146,24.05,0,4.8,1 oz,28.4,m
Game Meat Beaver Cooked Roasted,Meats,212,34.85,0,6.96,3 oz,85,m
Game Meat Beefalo Composite Of Cuts Raw,Meats,143,23.3,0,4.8,1 oz,28.4,m
Game Meat Boar Wild Raw,Meats,122,21.51,0,3.33,1 oz,28.4,m
Roasted Wild Boar,Meats,160,28.3,0,4.38,3 oz,85,m
Game Meat Buffalo Water Raw,Meats,99,20.39,0,1.37,1 oz,28.4,m
Game Meat Buffalo Water Cooked Roasted,Meats,131,26.83,0,1.8,3 oz,85,m
Game Meat Elk Raw,Meats,111,22.95,0,1.45,1 oz,28.4,m
Game Meat Elk Cooked Roasted,Meats,146,30.19,0,1.9,3 oz,85,m
Goat Raw,Meats,109,20.6,0,2.31,1 oz,28.4,m
Game Meat Goat Cooked Roasted,Meats,143,27.1,0,3.03,3 oz,85,m
Meat Nfs,Meats,201,29.65,0,8.3,1 oz/ with bone/ cooked (yield after bone removed),23,m
Ground Meat Nfs,Meats,260,25.54,0,16.82,1 small patty (3.33 oz/ raw/ 5 patties per lb) (yield after cooking),68,m
Beef Ns As To Cut Cooked Ns As To Fat Eaten,Meats,184,29.23,0,6.75,1 oz/ boneless/ cooked,28,m
Beef Ns As To Cut Cooked Lean And Fat Eaten,Meats,235,27.06,0,13.44,1 oz/ boneless/ cooked,28,m
Beef Ns As To Cut Cooked Lean Only Eaten,Meats,184,29.23,0,6.75,1 oz/ boneless/ cooked/ lean only,28,m
Steak Ns As To Type Of Meat Cooked Ns As To Fat Eaten,Meats,184,29.23,0,6.75,1 oz/ with bone/ cooked (yield after bone removed),23,m
Steak Ns As To Type Of Meat Cooked Lean And Fat Eaten,Meats,235,27.06,0,13.44,1 oz/ with bone/ cooked (yield after bone removed),23,m
Steak Ns As To Type Of Meat Cooked Lean Only Eaten,Meats,184,29.23,0,6.75,1 oz/ with bone/ cooked/ lean only (yield after bone removed),23,m
Beef Ns As To Cut Fried Ns To Fat Eaten,Meats,184,29.23,0,6.75,1 oz/ boneless/ cooked,28,m
Beef Steak Ns As To Cooking Method Ns As To Fat Eaten,Meats,184,29.23,0,6.75,1 oz/ with bone/ cooked (yield after bone removed),23,m
Beef Steak Ns As To Cooking Method Lean And Fat Eaten,Meats,235,27.06,0,13.44,1 oz/ with bone/ cooked (yield after bone removed),23,m
Beef Steak Ns As To Cooking Method Lean Only Eaten,Meats,184,29.23,0,6.75,1 oz/ with bone/ cooked/ lean only (yield after bone removed),23,m
Beef Steak Broiled Or Baked Ns As To Fat Eaten,Meats,184,29.23,0,6.75,1 oz/ with bone/ cooked (yield after bone removed),23,m
Beef Steak Broiled Or Baked Lean And Fat Eaten,Meats,235,27.06,0,13.44,1 oz/ with bone/ cooked (yield after bone removed),23,m
Beef Steak Broiled Or Baked Lean Only Eaten,Meats,184,29.23,0,6.75,1 oz/ with bone/ cooked/ lean only (yield after bone removed),23,m
Beef Steak Fried Ns As To Fat Eaten,Meats,184,29.23,0,6.75,1 oz/ with bone/ cooked (yield after bone removed),23,m
Beef Steak Fried Lean And Fat Eaten,Meats,235,27.06,0,13.44,1 oz/ with bone/ cooked (yield after bone removed),23,m
Beef Steak Fried Lean Only Eaten,Meats,184,29.23,0,6.75,1 oz/ with bone/ cooked/ lean only (yield after bone removed),23,m
Beef Steak Breaded Or Floured Baked Or Fried Ns As To Fat Eaten,Meats,247,25.04,12.18,10.91,1 oz/ boneless/ cooked,28,m
Beef Steak Breaded Or Floured Baked Or Fried Lean And Fat Eaten,Meats,267,24.42,12.18,13.37,1 oz/ boneless/ cooked,28,m
Beef Steak Breaded Or Floured Baked Or Fried Lean Only Eaten,Meats,247,25.04,12.18,10.91,1 oz/ with bone/ cooked/ lean only (yield after bone removed),27,m
Beef Steak Battered Fried Ns As To Fat Eaten,Meats,231,21.2,9.96,11.79,1 oz/ boneless/ cooked,28,m
Beef Steak Battered Fried Lean And Fat Eaten,Meats,252,19.86,11.02,14.2,1 oz/ boneless/ cooked,28,m
Beef Steak Battered Fried Lean Only Eaten,Meats,236,20.34,11.02,12.28,1 oz/ boneless/ cooked/ lean only,28,m
Beef Steak Braised Ns As To Fat Eaten,Meats,251,30.8,0,13.19,1 oz/ with bone/ cooked (yield after bone removed),22,m
Beef Steak Braised Lean And Fat Eaten,Meats,251,30.8,0,13.19,1 oz/ with bone/ cooked (yield after bone removed),22,m
Beef Steak Braised Lean Only Eaten,Meats,164,28.94,0,5.34,1 oz/ with bone/ cooked/ lean only (yield after bone removed),21,m
Beef Oxtails Cooked,Meats,251,30.8,0,13.19,1 oz/ with bone/ cooked (yield after bone removed),16,m
Beef Neck Bones Cooked,Meats,299,29.87,0,19.06,1 oz/ with bone/ cooked (yield after bone removed),11,m
Beef Shortribs Cooked Ns As To Fat Eaten,Meats,293,30.5,0,17.98,1 small rib (yield after cooking/ bone removed),28,m
Beef Shortribs Cooked Lean And Fat Eaten,Meats,467,21.39,0,41.63,1 small rib (yield after cooking/ bone removed),28,m
Beef Shortribs Cooked Lean Only Eaten,Meats,293,30.5,0,17.98,1 small rib (yield after cooking/ bone and fat removed),22,m
Beef Shortribs Barbecued With Sauce Ns As To Fat Eaten,Meats,397,15.98,12.74,30.81,1 small rib (yield after cooking/ bone removed),28,m
Beef Shortribs Barbecued With Sauce Lean And Fat Eaten,Meats,397,15.98,12.74,30.81,1 small rib (yield after cooking/ bone removed),28,m
Beef Shortribs Barbecued With Sauce Lean Only Eaten,Meats,269,22.68,12.74,13.42,1 small rib (yield after cooking/ bone and fat removed),22,m
Beef Cow Head Cooked,Meats,257,25.89,0,16.45,1 oz/ boneless/ cooked,28,m
Beef Roast Roasted Ns As To Fat Eaten,Meats,167,28.57,0,4.94,"1 thin slice (approx 4-1/2"" x 2-1/2"" x 1/8"")",21,m
Beef Roast Roasted Lean And Fat Eaten,Meats,159,29.65,0,4.45,"1 thin slice (approx 4-1/2"" x 2-1/2"" x 1/8"")",21,m
Beef Roast Roasted Lean Only Eaten,Meats,150,29.13,0,3.71,"1 thin slice (approx 4-1/2"" x 2-1/2"" x 1/8"")",21,m
Beef Pot Roast Braised Or Boiled Ns As To Fat Eaten,Meats,251,30.8,0,13.19,"1 thin slice (approx 4-1/2"" x 2-1/2"" x 1/8"")",21,m
Beef Pot Roast Braised Or Boiled Lean And Fat Eaten,Meats,155,29.09,0,4.34,"1 thin slice (approx 4-1/2"" x 2-1/2"" x 1/8"")",21,m
Beef Pot Roast Braised Or Boiled Lean Only Eaten,Meats,251,30.8,0,13.19,"1 thin slice (approx 4-1/2"" x 2-1/2"" x 1/8"")",21,m
Beef Stew Meat Cooked Ns As To Fat Eaten,Meats,251,30.8,0,13.19,1 oz/ boneless/ cooked,28,m
Beef Stew Meat Cooked Lean And Fat Eaten,Meats,236,34.05,0,10.05,1 oz/ boneless/ cooked,28,m
Beef Stew Meat Cooked Lean Only Eaten,Meats,251,30.8,0,13.19,1 oz/ boneless/ cooked/ lean only,28,m
Beef Brisket Cooked Ns As To Fat Eaten,Meats,216,29.5,0,10,"1 thin slice (approx 4-1/2"" x 2-1/2"" x 1/8"")",21,m
Beef Brisket Cooked Lean And Fat Eaten,Meats,289,26.57,0,19.36,"1 thin slice (approx 4-1/2"" x 2-1/2"" x 1/8"")",21,m
Beef Brisket Cooked Lean Only Eaten,Meats,216,29.5,0,10,"1 thin slice (approx 4-1/2"" x 2-1/2"" x 1/8"")",21,m
Beef Sandwich Steak Flaked Formed Thinly Sliced,Meats,329,18.41,0,27.81,1 sandwich steak,41,m
Ground Beef Raw,Meats,247,17.44,0,19.07,1 oz,28,m
Ground Beef Cooked,Meats,260,25.54,0,16.82,1 oz/ cooked,28,m
Ground Beef Patty Cooked,Meats,272,25.45,0,18.18,1 miniature patty,20,m
Beef Dried Chipped Cooked In Fat,Meats,229,27.94,2.48,11.9,1 oz/ cooked,28,m
Pork Ns As To Cut Cooked Ns As To Fat Eaten,Meats,211,27.69,0,10.5,1 oz/ boneless/ raw (yield after cooking),20,m
Pork Ns As To Cut Cooked Lean And Fat Eaten,Meats,211,27.69,0,10.5,1 oz/ boneless/ raw (yield after cooking),20,m
Pork Ns As To Cut Cooked Lean Only Eaten,Meats,164,29.13,0.09,4.55,1 oz/ boneless/ raw/ lean only (yield after cooking),20,m
Pork Ns As To Cut Fried Ns As To Fat Eaten,Meats,211,27.69,0,10.5,1 oz/ boneless/ raw (yield after cooking),21,m
Pork Ns As To Cut Fried Lean And Fat Eaten,Meats,211,27.69,0,10.5,1 oz/ boneless/ raw (yield after cooking),21,m
Pork Ns As To Cut Fried Lean Only Eaten,Meats,164,29.13,0.09,4.55,1 oz/ boneless/ raw/ lean only (yield after cooking),21,m
Pork Ns As To Cut Breaded Or Floured Fried Ns As To Fat Eaten,Meats,270,25.03,16.28,11.07,1 oz/ boneless/ raw (yield after cooking),25,m
Pork Ns As To Cut Breaded Or Floured Fried Lean And Fat Eaten,Meats,304,24,16.21,15.31,1 oz/ boneless/ raw (yield after cooking),25,m
Pork Ns As To Cut Breaded Or Floured Fried Lean Only Eaten,Meats,270,25.03,16.28,11.07,1 oz/ boneless/ raw/ lean only (yield after cooking),24,m
Pork Ground Or Patty Cooked,Meats,295,25.48,0,20.6,1 oz/ raw (yield after cooking),20,m
Pork Ground Or Patty Breaded Cooked,Meats,333,20.3,10.54,22.72,1 oz/ raw (yield after cooking),25,m
Pork Chop Ns As To Cooking Method Ns As To Fat Eaten,Meats,211,27.69,0,10.5,1 small or thin cut (3 oz/ with bone/ raw) (yield after cooking/ bone removed),47,m
Pork Chop Ns As To Cooking Method Lean And Fat Eaten,Meats,211,27.69,0,10.5,1 small or thin cut (3 oz/ with bone/ raw) (yield after cooking/ bone removed),47,m
Pork Chop Ns As To Cooking Method Lean Only Eaten,Meats,164,29.13,0.09,4.55,1 small or thin cut (3 oz/ with bone/ raw) (yield after cooking/ bone and fat removed),43,m
Pork Chop Broiled Or Baked Ns As To Fat Eaten,Meats,211,27.69,0,10.5,1 small or thin cut (3 oz/ with bone/ raw) (yield after cooking/ bone removed),49,m
Pork Chop Broiled Or Baked Lean And Fat Eaten,Meats,211,27.69,0,10.5,1 small or thin cut (3 oz/ with bone/ raw) (yield after cooking/ bone removed),49,m
Pork Chop Broiled Or Baked Lean Only Eaten,Meats,164,29.13,0.09,4.55,1 small or thin cut (3 oz/ with bone/ raw) (yield after cooking/ bone and fat removed),46,m
Pork Chop Breaded Or Floured Broiled Or Baked Ns As To Fat Eaten,Meats,239,26.87,8.4,10.21,1 small or thin cut (3 oz/ with bone/ raw) (yield after cooking/ bone removed),54,m
Pork Chop Breaded Or Floured Broiled Or Baked Lean And Fat Eaten,Meats,239,26.87,8.4,10.21,1 small or thin cut (3 oz/ with bone/ raw) (yield after cooking/ bone removed),54,m
Pork Chop Breaded Or Floured Broiled Or Baked Lean Only Eaten,Meats,196,28.19,8.48,4.8,1 small or thin cut (3 oz/ with bone/ raw) (yield after cooking/ bone and fat removed),50,m
Pork Chop Fried Ns As To Fat Eaten,Meats,211,27.69,0,10.5,1 small or thin cut (3 oz/ with bone/ raw) (yield after cooking/ bone removed),44,m
Pork Chop Fried Lean And Fat Eaten,Meats,211,27.69,0,10.5,1 small or thin cut (3 oz/ with bone/ raw) (yield after cooking/ bone removed),44,m
Pork Chop Fried Lean Only Eaten,Meats,164,29.13,0.09,4.55,1 small or thin cut (3 oz/ with bone/ raw) (yield after cooking/ bone and fat removed),37,m
Pork Chop Breaded Or Floured Fried Ns As To Fat Eaten,Meats,304,24,16.21,15.31,1 small or thin cut (3 oz/ with bone/ raw) (yield after cooking/ bone removed),52,m
Pork Chop Breaded Or Floured Fried Lean And Fat Eaten,Meats,304,24,16.21,15.31,1 small or thin cut (3 oz/ with bone/ raw) (yield after cooking/ bone removed),52,m
Pork Chop Breaded Or Floured Fried Lean Only Eaten,Meats,270,25.03,16.28,11.07,1 small or thin cut (3 oz/ with bone/ raw) (yield after cooking/ bone and fat removed),44,m
Pork Chop Battered Fried Ns As To Fat Eaten,Meats,281,22.6,12.78,14.97,1 small or thin cut (3 oz/ with bone/ raw) (yield after cooking/ bone removed),52,m
Pork Chop Battered Fried Lean And Fat Eaten,Meats,281,22.6,12.78,14.97,1 small or thin cut (3 oz/ with bone/ raw) (yield after cooking/ bone removed),52,m
Pork Chop Battered Fried Lean Only Eaten,Meats,246,23.67,12.84,10.57,1 small or thin cut (3 oz/ with bone/ raw) (yield after cooking/ bone and fat removed),44,m
Pork Chop Stewed Ns As To Fat Eaten,Meats,211,27.69,0,10.5,1 small or thin cut (3 oz/ with bone/ raw) (yield after cooking/ bone removed),50,m
Pork Chop Stewed Lean And Fat Eaten,Meats,211,27.69,0,10.5,1 small or thin cut (3 oz/ with bone/ raw) (yield after cooking/ bone removed),50,m
Pork Chop Stewed Lean Only Eaten,Meats,164,29.13,0.09,4.55,1 small or thin cut (3 oz/ with bone/ raw) (yield after cooking/ bone and fat removed),45,m
Pork Steak Or Cutlet Ns As To Cooking Method Ns As To Fat Eaten,Meats,239,22.96,0.06,15.86,1 oz/ with bone/ raw (yield after cooking/ bone removed),15,m
Pork Steak Or Cutlet Ns As To Cooking Method Lean And Fat Eaten,Meats,239,22.96,0.06,15.86,1 oz/ with bone/ raw (yield after cooking/ bone removed),15,m
Pork Steak Or Cutlet Ns As To Cooking Method Lean Only Eaten,Meats,171,24.61,0.07,7.42,1 oz/ with bone/ cooked/ lean only (yield after bone removed),21,m
Pork Steak Or Cutlet Battered Fried Ns As To Fat Eaten,Meats,271,19.87,7.62,17.53,1 oz/ with bone/ raw (yield after cooking/ bone removed),18,m
Pork Steak Or Cutlet Battered Fried Lean And Fat Eaten,Meats,271,19.87,7.62,17.53,1 oz/ with bone/ raw (yield after cooking/ bone removed),18,m
Pork Steak Or Cutlet Battered Fried Lean Only Eaten,Meats,216,21.19,7.63,10.76,1 oz/ with bone/ raw (yield after cooking/ bone and fat removed),16,m
Pork Steak Or Cutlet Broiled Or Baked Ns As To Fat Eaten,Meats,239,22.96,0.06,15.86,1 oz/ with bone/ raw (yield after cooking/ bone removed),15,m
Pork Steak Or Cutlet Broiled Or Baked Lean And Fat Eaten,Meats,239,22.96,0.06,15.86,1 oz/ with bone/ raw (yield after cooking/ bone removed),15,m
Pork Steak Or Cutlet Broiled Or Baked Lean Only Eaten,Meats,171,24.61,0.07,7.42,1 oz/ with bone/ cooked/ lean only (yield after bone removed),21,m
Pork Steak Or Cutlet Fried Ns As To Fat Eaten,Meats,239,22.96,0.06,15.86,1 oz/ with bone/ raw (yield after cooking/ bone removed),15,m
Pork Steak Or Cutlet Fried Lean And Fat Eaten,Meats,239,22.96,0.06,15.86,1 oz/ with bone/ raw (yield after cooking/ bone removed),15,m
Pork Steak Or Cutlet Fried Lean Only Eaten,Meats,171,24.61,0.07,7.42,1 oz/ with bone/ raw (yield after cooking/ bone and fat removed),13,m
Pork Steak Or Cutlet Breaded Or Floured Broiled Or Baked Ns As To Fat Eaten,Meats,264,22.3,9.15,14.79,1 oz/ with bone/ raw (yield after cooking/ bone removed),18,m
Pork Steak Or Cutlet Breaded Or Floured Broiled Or Baked Lean And Fat Eaten,Meats,264,22.3,9.15,14.79,1 oz/ with bone/ raw (yield after cooking/ bone removed),18,m
Pork Steak Or Cutlet Breaded Or Floured Broiled Or Baked Lean Only Eaten,Meats,202,23.8,9.15,7.12,1 oz/ with bone/ raw (yield after cooking/ bone and fat removed),16,m
Pork Steak Or Cutlet Breaded Or Floured Fried Ns As To Fat Eaten,Meats,305,21.08,16.61,16.65,1 oz/ with bone/ raw (yield after cooking/ bone removed),18,m
Pork Steak Or Cutlet Breaded Or Floured Fried Lean And Fat Eaten,Meats,324,20.64,16.26,19.12,1 oz/ with bone/ raw (yield after cooking/ bone removed),18,m
Pork Steak Or Cutlet Breaded Or Floured Fried Lean Only Eaten,Meats,275,21.81,16.26,13.11,1 oz/ with bone/ cooked/ lean only (yield after bone removed),21,m
Pork Tenderloin Cooked Ns As To Cooking Method,Meats,154,26.9,0,4.33,1 oz/ boneless/ raw (yield after cooking),21,m
Pork Tenderloin Breaded Fried,Meats,294,22,15.22,15.55,1 oz/ boneless/ raw (yield after cooking),25,m
Pork Tenderloin Braised,Meats,142,27.24,0,2.8,1 oz/ boneless/ raw (yield after cooking),20,m
Pork Tenderloin Baked,Meats,154,26.9,0,4.33,1 oz/ boneless/ raw (yield after cooking),21,m
Pork Tenderloin Battered Fried,Meats,193,23.29,7.57,7.07,1 oz/ boneless/ raw (yield after cooking),25,m
Ham Fried Ns As To Fat Eaten,Meats,187,19.16,1.28,11.41,"1 thin slice (approx 4-1/2"" x 2-1/2"" x 1/8"")",21,m
Ham Fried Lean And Fat Eaten,Meats,187,19.16,1.28,11.41,"1 thin slice (approx 4-1/2"" x 2-1/2"" x 1/8"")",21,m
Ham Fried Lean Only Eaten,Meats,177,20.55,1,9.77,"1 thin slice (approx 4-1/2"" x 2-1/2"" x 1/8"")",21,m
Ham Breaded Or Floured Fried Ns As To Fat Eaten,Meats,200,18.36,7.34,10.42,"1 thin slice (approx 4-1/2"" x 2-1/2"" x 1/8"")",21,m
Ham Breaded Or Floured Fried Lean And Fat Eaten,Meats,200,18.36,7.34,10.42,"1 thin slice (approx 4-1/2"" x 2-1/2"" x 1/8"")",21,m
Ham Breaded Or Floured Fried Lean Only Eaten,Meats,191,19.66,6.79,9.11,"1 thin slice (approx 4-1/2"" x 2-1/2"" x 1/8"")",21,m
Ham Fresh Cooked Ns As To Fat Eaten,Meats,271,26.61,0,17.46,"1 thin slice (approx 4-1/2"" x 2-1/2"" x 1/8"")",21,m
Ham Fresh Cooked Lean And Fat Eaten,Meats,271,26.61,0,17.46,"1 thin slice (approx 4-1/2"" x 2-1/2"" x 1/8"")",21,m
Ham Fresh Cooked Lean Only Eaten,Meats,209,29.16,0,9.36,"1 thin slice (approx 4-1/2"" x 2-1/2"" x 1/8"")",21,m
Ham Smoked Or Cured Cooked Ns As To Fat Eaten,Meats,149,20.09,1.19,6.7,"1 thin slice (approx 4-1/2"" x 2-1/2"" x 1/8"")",21,m
Ham Smoked Or Cured Cooked Lean And Fat Eaten,Meats,149,20.09,1.19,6.7,"1 thin slice (approx 4-1/2"" x 2-1/2"" x 1/8"")",21,m
Ham Smoked Or Cured Cooked Lean Only Eaten,Meats,139,21.64,1.05,4.95,"1 thin slice (approx 4-1/2"" x 2-1/2"" x 1/8"")",21,m
Ham Smoked Or Cured Canned Ns As To Fat Eaten,Meats,132,17.46,1,6.17,"1 thin slice (approx 4-1/2"" x 2-1/2"" x 1/8"")",21,m
Ham Smoked Or Cured Canned Lean And Fat Eaten,Meats,132,17.46,1,6.17,"1 thin slice (approx 4-1/2"" x 2-1/2"" x 1/8"")",21,m
Ham Smoked Or Cured Canned Lean Only Eaten,Meats,117,17.8,1,4.31,"1 thin slice (approx 4-1/2"" x 2-1/2"" x 1/8"")",21,m
Pork Roast Ns As To Cut Cooked Ns As To Fat Eaten,Meats,246,26.86,0,14.53,"1 thin slice (approx 4-1/2"" x 2-1/2"" x 1/8"")",21,m
Pork Roast Ns As To Cut Cooked Lean And Fat Eaten,Meats,246,26.86,0,14.53,"1 thin slice (approx 4-1/2"" x 2-1/2"" x 1/8"")",21,m
Pork Roast Ns As To Cut Cooked Lean Only Eaten,Meats,207,28.38,0,9.55,"1 thin slice (approx 4-1/2"" x 2-1/2"" x 1/8"")",21,m
Pork Roast Loin Cooked Ns As To Fat Eaten,Meats,246,26.86,0,14.53,"1 thin slice (approx 4-1/2"" x 2-1/2"" x 1/8"")",21,m
Pork Roast Loin Cooked Lean And Fat Eaten,Meats,246,26.86,0,14.53,"1 thin slice (approx 4-1/2"" x 2-1/2"" x 1/8"")",21,m
Pork Roast Loin Cooked Lean Only Eaten,Meats,207,28.38,0,9.55,"1 thin slice (approx 4-1/2"" x 2-1/2"" x 1/8"")",21,m
Fried Pork Chunks Puerto Rican Style,Meats,257,35.33,0.86,11.35,"1 piece (2-1/2"" x 2"" x 1"")",38,m
Pork Roast Shoulder Cooked Ns As To Fat Eaten,Meats,290,23.09,0,21.21,"1 thin slice (approx 3"" dia x 1/8"")",14,m
Pork Roast Shoulder Cooked Lean And Fat Eaten,Meats,290,23.09,0,21.21,"1 thin slice (approx 3"" dia x 1/8"")",14,m
Pork Roast Shoulder Cooked Lean Only Eaten,Meats,228,25.12,0,13.43,"1 thin slice (approx 3"" dia x 1/8"")",14,m
Pork Roll Cured Fried,Meats,329,13.07,4.49,28.39,1 slice (1 oz),28,m
Salt Pork Cooked,Meats,750,2.68,0,81.93,"1 slice (2-1/4"" x 1-3/4"" x 1/4"")",26,m
Pork Spareribs Cooked Ns As To Fat Eaten,Meats,394,28.82,0,30.05,1 small rib (yield after cooking/ bone removed),25,m
Pork Spareribs Cooked Lean And Fat Eaten,Meats,394,28.82,0,30.05,1 small rib (yield after cooking/ bone removed),25,m
Pork Spareribs Cooked Lean Only Eaten,Meats,206,28.79,0,9.24,1 small rib (yield after cooking/ bone and fat removed),18,m
Pork Spareribs Barbecued With Sauce Ns As To Fat Eaten,Meats,343,21.45,12.74,22.29,1 small rib (yield after cooking/ bone removed),29,m
Pork Spareribs Barbecued With Sauce Lean And Fat Eaten,Meats,343,21.45,12.74,22.29,1 small rib (yield after cooking/ bone removed),29,m
Pork Spareribs Barbecued With Sauce Lean Only Eaten,Meats,224,19.63,12.74,9.82,1 small rib (yield after cooking/ bone and fat removed),21,m
Pork Ears Tail Head Snout Miscellaneous Parts Cooked,Meats,236,26.14,0,13.77,1 ear (yield after cooking),111,m
Pork Neck Bones Cooked,Meats,182,25.85,0,7.96,1 neckbone (yield after cooking/ bone removed),47,m
Pork Pig's Feet Cooked,Meats,236,21.76,0,15.92,1 foot (yield after cooking/ bone removed),87,m
Pork Pig's Hocks Cooked,Meats,233,24.67,0,14.21,1 ham hock (yield after cooking/ bone removed),51,m
Pork Skin Boiled,Meats,621,7,0,65.55,1 slice,33,m
Lamb Ns As To Cut Cooked,Meats,292,24.32,0,20.77,1 oz/ with bone/ cooked (yield after bone removed),20,m
Lamb Chop Ns As To Cut Cooked Ns As To Fat Eaten,Meats,313,24.96,0,22.89,1 small (4 oz/ with bone/ raw) (yield after cooking/ bone removed),72,m
Lamb Chop Ns As To Cut Cooked Lean And Fat Eaten,Meats,313,24.96,0,22.89,1 small (4 oz/ with bone/ raw) (yield after cooking/ bone removed),72,m
Lamb Chop Ns As To Cut Cooked Lean Only Eaten,Meats,214,29.74,0,9.65,1 small (4 oz/ with bone/ raw) (yield after cooking/ bone and fat removed),52,m
Lamb Loin Chop Cooked Ns As To Fat Eaten,Meats,313,24.96,0,22.89,1 small (4 oz/ with bone/ raw) (yield after cooking/ bone removed),71,m
Lamb Loin Chop Cooked Lean And Fat Eaten,Meats,313,24.96,0,22.89,1 small (4 oz/ with bone/ raw) (yield after cooking/ bone removed),71,m
Lamb Loin Chop Cooked Lean Only Eaten,Meats,214,29.74,0,9.65,1 small (4 oz/ with bone/ raw) (yield after cooking/ bone and fat removed),50,m
Lamb Shoulder Chop Cooked Ns As To Fat Eaten,Meats,274,22.32,0,19.8,1 small (5.5 oz/ with bone/ raw) (yield after cooking/ bone removed),100,m
Lamb Shoulder Chop Cooked Lean And Fat Eaten,Meats,274,22.32,0,19.8,1 small (5.5 oz/ with bone/ raw) (yield after cooking/ bone removed),100,m
Lamb Shoulder Chop Cooked Lean Only Eaten,Meats,202,24.73,0,10.68,1 small (5.5 oz/ with bone/ raw) (yield after cooking/ bone and fat removed),72,m
Lamb Ribs Cooked Lean Only Eaten,Meats,233,27.51,0,12.84,1 rib (yield after cooking/ bone and fat removed),25,m
Lamb Ribs Cooked Ns As To Fat Eaten,Meats,358,21.95,0,29.34,1 rib (yield after cooking/ bone removed),46,m
Lamb Ribs Cooked Lean And Fat Eaten,Meats,358,21.95,0,29.34,1 rib (yield after cooking/ bone removed),46,m
Lamb Hocks Cooked,Meats,241,28.13,0,13.35,1 oz/ with bone/ cooked (yield after bone removed),19,m
Lamb Roast Cooked Ns As To Fat Eaten,Meats,265,23.83,0,18.07,"1 thin slice (approx 3"" dia x 1/8"")",14,m
Lamb Roast Cooked Lean And Fat Eaten,Meats,265,23.83,0,18.07,"1 thin slice (approx 3"" dia x 1/8"")",14,m
Lamb Roast Cooked Lean Only Eaten,Meats,196,26.4,0,9.18,"1 thin slice (approx 3"" dia x 1/8"")",14,m
Lamb Ground Or Patty Cooked,Meats,281,24.54,0,19.49,1 patty (4 oz/ raw) (yield after cooking),77,m
Goat Boiled,Meats,142,26.87,0,3,1 oz/ boneless/ cooked,28,m
Goat Fried,Meats,153,26.46,0,4.52,1 oz/ boneless/ cooked,28,m
Goat Baked,Meats,142,26.87,0,3,1 oz/ boneless/ cooked,28,m
Goat Head Cooked,Meats,144,21.82,0.48,5.46,1 oz/ boneless/ cooked,28,m
Goat Ribs Cooked,Meats,142,26.87,0,3,1 rib (yield after cooking/ bone removed),46,m
Veal Ns As To Cut Cooked Ns As To Fat Eaten,Meats,229,29.85,0,11.3,1 oz/ with bone/ cooked (yield after bone removed),23,m
Veal Ns As To Cut Cooked Lean And Fat Eaten,Meats,229,29.85,0,11.3,1 oz/ with bone/ cooked (yield after bone removed),23,m
Veal Ns As To Cut Cooked Lean Only Eaten,Meats,194,31.63,0,6.52,1 oz/ with bone/ cooked/ lean only (yield after bone removed),22,m
Veal Chop Ns As To Cooking Method Ns As To Fat Eaten,Meats,215,24.59,0,12.22,1 small (4.75 oz/ with bone/ raw) (yield after cooking/ bone removed),78,m
Veal Chop Ns As To Cooking Method Lean And Fat Eaten,Meats,215,24.59,0,12.22,1 small chop (4.75 oz/ with bone/ raw) (yield after cooking/ bone removed),78,m
Veal Chop Ns As To Cooking Method Lean Only Eaten,Meats,174,26.1,0,6.88,1 small chop (4.75 oz/ with bone/ raw) (yield after cooking/ bone and fat removed),62,m
Veal Chop Broiled Ns As To Fat Eaten,Meats,215,24.59,0,12.22,1 small chop (4.75 oz/ with bone/ raw) (yield after cooking/ bone removed),78,m
Veal Chop Broiled Lean And Fat Eaten,Meats,215,24.59,0,12.22,1 small chop (4.75 oz/ with bone/ raw) (yield after cooking/ bone removed),78,m
Veal Chop Broiled Lean Only Eaten,Meats,174,26.1,0,6.88,1 small chop (4.75 oz/ with bone/ raw) (yield after cooking/ bone and fat removed),62,m
Veal Cutlet Or Steak Ns As To Cooking Method Ns As To Fat Eaten,Meats,209,33.67,0,7.28,1 oz/ boneless/ cooked,28,m
Veal Cutlet Or Steak Ns As To Cooking Method Lean And Fat Eaten,Meats,209,35.86,0,6.28,1 oz/ boneless/ cooked,28,m
Veal Cutlet Or Steak Ns As To Cooking Method Lean Only Eaten,Meats,181,32.89,0,4.58,1 oz/ boneless/ cooked/ lean only,28,m
Veal Cutlet Or Steak Broiled Ns As To Fat Eaten,Meats,159,27.47,0,4.61,1 oz/ boneless/ cooked,28,m
Veal Cutlet Or Steak Broiled Lean And Fat Eaten,Meats,159,27.47,0,4.61,1 oz/ boneless/ cooked,28,m
Veal Cutlet Or Steak Broiled Lean Only Eaten,Meats,181,32.89,0,4.58,1 oz/ boneless/ cooked/ lean only,28,m
Veal Cutlet Or Steak Fried Lean Only Eaten,Meats,181,32.89,0,4.58,1 oz/ boneless/ cooked/ lean only,28,m
Veal Roasted Ns As To Fat Eaten,Meats,229,29.85,0,11.3,"1 thin slice (approx 4-1/2"" x 2-1/2"" x 1/8"")",21,m
Veal Roasted Lean And Fat Eaten,Meats,229,29.85,0,11.3,"1 thin slice (approx 4-1/2"" x 2-1/2"" x 1/8"")",21,m
Veal Roasted Lean Only Eaten,Meats,174,26.1,0,6.88,"1 thin slice (approx 4-1/2"" x 2-1/2"" x 1/8"")",21,m
Veal Ground Or Patty Cooked,Meats,171,24.18,0,7.5,1 small patty (3.2 oz/ raw/ 5 patties per lb) (yield after cooking),54,m
Mock Chicken Legs Cooked,Meats,234,20.75,5.27,13.79,1 oz/ cooked,28,m
Veal Patty Breaded Cooked,Meats,283,22.23,8.63,17.11,1 small patty (3.2 oz/ raw/ 5 patties per lb) (yield after cooking),64,m
Rabbit Ns As To Domestic Or Wild Cooked,Meats,205,30.25,0,8.38,1 oz/ with bone/ cooked (yield after bone removed),22,m
Rabbit Domestic Ns As To Cooking Method,Meats,205,30.25,0,8.38,1 oz/ with bone/ cooked (yield after bone removed),22,m
Rabbit Ns As To Domestic Or Wild Breaded Fried,Meats,248,27.65,5.06,12.16,1 oz/ boneless/ cooked,28,m
Rabbit Wild Cooked,Meats,172,32.88,0,3.5,1 oz/ with bone/ cooked (yield after bone removed),23,m
Venison/deer Nfs,Meats,190,36.08,0,3.93,1 oz/ boneless/ cooked,28,m
Venison/deer Cured,Meats,187,35.11,0,4.08,1 oz/ boneless/ cooked,28,m
Venison/deer Roasted,Meats,190,36.08,0,3.93,1 oz/ boneless/ cooked,28,m
Venison/deer Steak Cooked Ns As To Cooking Method,Meats,150,29.8,0,2.61,1 oz/ boneless/ cooked,28,m
Venison/deer Steak Breaded Or Floured Cooked Ns As To Cooking Method,Meats,224,24.88,12.38,7.68,1 oz/ boneless/ cooked,28,m
Venison/deer Jerky,Meats,396,32.2,14.78,22.36,"1 strip or stick (4"" long)",14,m
Deer Chop Cooked,Meats,193,28.06,0,8.28,1 oz/ with bone/ cooked (yield after bone removed),23,m
Venison/deer Ribs Cooked,Meats,190,36.08,0,3.93,1 oz/ with bone/ raw (yield after cooking/ bone removed),17,m
Venison/deer Stewed,Meats,190,36.08,0,3.93,1 oz/ boneless/ cooked,28,m
Moose Cooked,Meats,133,29.15,0,0.97,1 oz/ boneless/ cooked,28,m
Bear Cooked,Meats,258,32.28,0,13.33,1 oz/ boneless/ cooked,28,m
Caribou Cooked,Meats,166,29.64,0,4.4,1 oz/ boneless/ cooked,28,m
Bison Cooked,Meats,142,28.32,0,2.41,1 cup/ cooked,134,m
Ground Hog Cooked,Meats,234,25.96,0,13.6,1 oz/ with bone/ cooked (yield after bone removed),23,m
Opossum Cooked,Meats,220,30.07,0,10.16,1 oz/ with bone/ cooked (yield after bone removed),23,m
Squirrel Cooked,Meats,172,30.64,0,4.67,1 oz/ with bone/ cooked (yield after bone removed),23,m
Beaver Cooked,Meats,211,34.7,0,6.93,1 oz/ boneless/ cooked,28,m
Raccoon Cooked,Meats,254,29.08,0,14.44,1 oz/ boneless/ cooked,28,m
Armadillo Cooked,Meats,159,28.18,0,4.36,1 oz/ boneless/ cooked,28,m
Wild Pig Smoked,Meats,157,27.8,0,4.3,1 oz/ boneless/ cooked,28,m
Ostrich Cooked,Meats,174,25.93,0,7.01,1 oz/ cooked,28,m
Chicken Ns As To Part And Cooking Method Ns As To Skin Eaten,Meats,164,26.79,0,6.36,1 cup/ cooked/ diced,135,m
Chicken Ns As To Part And Cooking Method Skin Eaten,Meats,196,25.07,0.1,10.65,1 cup/ cooked/ diced,135,m
Chicken Ns As To Part And Cooking Method Skin Not Eaten,Meats,164,26.79,0,6.36,1 cup/ cooked/ diced,135,m
Chicken Ns As To Part Baked Broiled Or Roasted Ns As To Skin Eaten,Meats,165,27.32,0,5.32,1 cup/ cooked/ diced,135,m
Chicken Ns As To Part Baked Broiled Or Roasted Skin Eaten,Meats,203,24.7,0,10.8,1 cup/ cooked/ diced,135,m
Chicken Ns As To Part Baked Broiled Or Roasted Skin Not Eaten,Meats,165,27.32,0,5.32,1 cup/ cooked/ diced,135,m
Chicken Ns As To Part Rotisserie Ns As To Skin Eaten,Meats,164,26.79,0,6.36,1 cup/ cooked/ diced,135,m
Chicken Ns As To Part Rotisserie Skin Eaten,Meats,196,25.07,0.1,10.65,1 cup/ cooked/ diced,135,m
Chicken Ns As To Part Rotisserie Skin Not Eaten,Meats,164,26.79,0,6.36,1 cup/ cooked/ diced,135,m
Chicken Ns As To Part Stewed Ns As To Skin Eaten,Meats,156,26.03,0,5.38,1 cup/ cooked/ diced,135,m
Chicken Ns As To Part Stewed Skin Eaten,Meats,196,23.58,0,10.86,1 cup/ cooked/ diced,135,m
Chicken Ns As To Part Stewed Skin Not Eaten,Meats,156,26.03,0,5.38,1 cup/ cooked/ diced,135,m
Chicken Ns As To Part Grilled Without Sauce Ns As To Skin Eaten,Meats,179,26.74,0,7.2,1 cup/ cooked/ diced,135,m
Chicken Ns As To Part Grilled Without Sauce Skin Eaten,Meats,216,24.19,0,12.57,1 cup/ cooked/ diced,135,m
Chicken Ns As To Part Grilled Without Sauce Skin Not Eaten,Meats,179,26.74,0,7.2,1 cup/ cooked/ diced,135,m
Chicken Ns As To Part Grilled With Sauce Ns As To Skin Eaten,Meats,180,21.98,7.31,6.36,1 cup/ cooked/ diced,165,m
Chicken Ns As To Part Grilled With Sauce Skin Eaten,Meats,211,19.89,7.31,10.74,1 cup/ cooked/ diced,165,m
Chicken Ns As To Part Grilled With Sauce Skin Not Eaten,Meats,180,21.98,7.31,6.36,1 cup/ cooked/ diced,165,m
Chicken Ns As To Part Sauteed Skin Eaten,Meats,216,24.19,0,12.57,1 cup/ cooked/ diced,135,m
Chicken Ns As To Part Sauteed Skin Not Eaten,Meats,179,26.74,0,7.2,1 cup/ cooked/ diced,135,m
Chicken Ns As To Part Fried Coated Skin / Coating Eaten,Meats,251,21.75,7.14,15.02,1 cup/ cooked/ diced,135,m
Chicken Ns As To Part Fried Coated Skin / Coating Not Eaten,Meats,164,26.18,0.07,6.58,1 cup/ cooked/ diced,135,m
Chicken Ns As To Part Baked Coated Skin / Coating Eaten,Meats,251,21.75,7.14,15.02,1 cup/ cooked/ diced,135,m
Chicken Ns As To Part Baked Coated Skin / Coating Not Eaten,Meats,164,26.18,0.07,6.58,1 cup/ cooked/ diced,135,m
Chicken Breast Baked Broiled Or Roasted Skin Eaten From Raw,Meats,192,26.25,0,8.8,1 cup/ cooked/ diced,135,m
Chicken Breast Baked Broiled Or Roasted Skin Not Eaten From Raw,Meats,161,30.22,0,3.52,1 cup/ cooked/ diced,135,m
Chicken Breast Baked Or Broiled Skin Eaten From Fast Food / Restaurant,Meats,205,25.67,0,10.6,1 cup/ cooked/ diced,135,m
Chicken Breast Baked Or Broiled Skin Not Eaten From Fast Food / Restaurant,Meats,175,29.56,0,5.44,1 cup/ cooked/ diced,135,m
Chicken Breast Baked Broiled Or Roasted With Marinade Skin Eaten From Raw,Meats,204,25.32,0.31,10.45,1 cup/ cooked/ diced,135,m
Chicken Breast Baked Broiled Or Roasted With Marinade Skin Not Eaten From Raw,Meats,174,29.13,0.31,5.38,1 cup/ cooked/ diced,135,m
Chicken Breast Stewed Skin Eaten,Meats,181,24.7,0,8.28,1 cup/ cooked/ diced,135,m
Chicken Breast Stewed Skin Not Eaten,Meats,149,27.96,0,3.26,1 cup/ cooked/ diced,135,m
Chicken Breast Grilled Without Sauce Skin Eaten,Meats,206,25.72,0,10.62,1 cup/ cooked/ diced,135,m
Chicken Breast Grilled Without Sauce Skin Not Eaten,Meats,176,29.62,0,5.45,1 cup/ cooked/ diced,135,m
Chicken Breast Grilled With Sauce Skin Eaten,Meats,202,21.15,7.34,9.15,1 cup/ cooked/ diced,165,m
Chicken Breast Grilled With Sauce Skin Not Eaten,Meats,178,24.33,7.34,4.93,1 cup/ cooked/ diced,165,m
Chicken Breast Sauteed Skin Eaten,Meats,206,25.72,0,10.62,1 cup/ cooked/ diced,135,m
Chicken Breast Sauteed Skin Not Eaten,Meats,176,29.62,0,5.45,1 cup/ cooked/ diced,135,m
Chicken Breast Fried Coated Skin / Coating Eaten From Raw,Meats,242,21.42,5.95,14.07,1 cup/ cooked/ diced,135,m
Chicken Breast Fried Coated Skin / Coating Not Eaten From Raw,Meats,176,29.62,0,5.45,1 cup/ cooked/ diced,135,m
Chicken Breast Fried Coated Prepared Skinless Coating Eaten From Raw,Meats,218,24.52,5.95,9.95,1 cup/ cooked/ diced,135,m
Chicken Breast Fried Coated Skin / Coating Eaten From Pre-Cooked,Meats,249,20.54,7.13,14.74,1 cup/ cooked/ diced,135,m
Chicken Breast Fried Coated Skin / Coating Not Eaten From Pre-Cooked,Meats,176,29.62,0,5.45,1 cup/ cooked/ diced,135,m
Chicken Breast Fried Coated Skin / Coating Eaten From Fast Food / Restaurant,Meats,271,19.29,10.65,16.91,1 cup/ cooked/ diced,135,m
Chicken Breast Fried Coated Skin / Coating Not Eaten From Fast Food / Restaurant,Meats,211,22.73,5.95,10.75,1 cup/ cooked/ diced,135,m
Chicken Breast Baked Coated Skin / Coating Eaten,Meats,207,23.73,3.96,9.88,1 cup/ cooked/ diced,135,m
Chicken Breast Baked Coated Skin / Coating Not Eaten,Meats,176,29.62,0,5.45,1 cup/ cooked/ diced,135,m
Chicken Leg Drumstick And Thigh Ns As To Cooking Method Skin Eaten,Meats,218,23.77,0.12,13.63,1 cup/ cooked/ diced,135,m
Chicken Leg Drumstick And Thigh Ns As To Cooking Method Skin Not Eaten,Meats,185,25.54,0,9.15,1 cup/ cooked/ diced,135,m
Chicken Leg Drumstick And Thigh Baked Or Broiled Skin Eaten,Meats,214,23.16,0,12.81,1 cup/ cooked/ diced,135,m
Chicken Leg Drumstick And Thigh Baked Or Broiled Skin Not Eaten,Meats,168,24.41,0,7.13,1 cup/ cooked/ diced,135,m
Chicken Leg Drumstick And Thigh Rotisserie Skin Eaten,Meats,218,23.77,0.12,13.63,1 cup/ cooked/ diced,135,m
Chicken Leg Drumstick And Thigh Rotisserie Skin Not Eaten,Meats,185,25.54,0,9.15,1 cup/ cooked/ diced,135,m
Chicken Leg Drumstick And Thigh Stewed Skin Eaten,Meats,211,22.45,0,13.44,1 cup/ cooked/ diced,135,m
Chicken Leg Drumstick And Thigh Stewed Skin Not Eaten,Meats,164,24.11,0,7.5,1 cup/ cooked/ diced,135,m
Chicken Leg Drumstick And Thigh Grilled Without Sauce Skin Eaten,Meats,227,22.65,0,14.52,1 cup/ cooked/ diced,135,m
Chicken Leg Drumstick And Thigh Grilled Without Sauce Skin Not Eaten,Meats,182,23.87,0,8.96,1 cup/ cooked/ diced,135,m
Chicken Leg Drumstick And Thigh Grilled With Sauce Skin Eaten,Meats,219,18.64,7.28,12.32,1 cup/ cooked/ diced,165,m
Chicken Leg Drumstick And Thigh Grilled With Sauce Skin Not Eaten,Meats,183,19.63,7.28,7.79,1 cup/ cooked/ diced,165,m
Chicken Leg Drumstick And Thigh Sauteed Skin Eaten,Meats,227,22.65,0,14.52,1 cup/ cooked/ diced,135,m
Chicken Leg Drumstick And Thigh Sauteed Skin Not Eaten,Meats,182,23.87,0,8.96,1 cup/ cooked/ diced,135,m
Chicken Leg Drumstick And Thigh Fried Coated Skin / Coating Eaten,Meats,259,19,5.91,17.16,1 cup/ cooked/ diced,135,m
Chicken Leg Drumstick And Thigh Fried Coated Skin / Coating Not Eaten,Meats,183,23.92,0,8.98,1 cup/ cooked/ diced,135,m
Chicken Leg Drumstick And Thigh Baked Coated Skin / Coating Eaten,Meats,226,20.96,3.93,13.38,1 cup/ cooked/ diced,135,m
Chicken Leg Drumstick And Thigh Baked Coated Skin / Coating Not Eaten,Meats,182,23.87,0,8.96,1 cup/ cooked/ diced,135,m
Chicken Drumstick Baked Broiled Or Roasted Skin Eaten From Raw,Meats,190,23.21,0,10.09,1 cup/ cooked/ diced,135,m
Chicken Drumstick Baked Broiled Or Roasted Skin Not Eaten From Raw,Meats,154,24.1,0,5.67,1 cup/ cooked/ diced,135,m
Chicken Drumstick Baked Or Broiled Skin Eaten From Fast Food / Restaurant,Meats,203,22.66,0,11.83,1 cup/ cooked/ diced,135,m
Chicken Drumstick Baked Or Broiled Skin Not Eaten From Fast Food / Restaurant,Meats,168,23.52,0,7.51,1 cup/ cooked/ diced,135,m
Chicken Drumstick Grilled Without Sauce Skin Eaten,Meats,203,22.7,0,11.85,1 cup/ cooked/ diced,135,m
Chicken Drumstick Grilled Without Sauce Skin Not Eaten,Meats,168,23.57,0,7.53,1 cup/ cooked/ diced,135,m
Chicken Drumstick Grilled With Sauce Skin Eaten,Meats,200,18.68,7.28,10.15,1 cup/ cooked/ diced,165,m
Chicken Drumstick Grilled With Sauce Skin Not Eaten,Meats,171,19.39,7.28,6.62,1 cup/ cooked/ diced,165,m
Chicken Drumstick Stewed Skin Eaten,Meats,186,22.54,0,10.64,1 cup/ cooked/ diced,135,m
Chicken Drumstick Stewed Skin Not Eaten,Meats,148,23.74,0,5.9,1 cup/ cooked/ diced,135,m
Chicken Drumstick Sauteed Skin Eaten,Meats,203,22.7,0,11.85,1 cup/ cooked/ diced,135,m
Chicken Drumstick Sauteed Skin Not Eaten,Meats,168,23.57,0,7.53,1 cup/ cooked/ diced,135,m
Chicken Drumstick Fried Coated Skin / Coating Eaten From Raw,Meats,240,19.05,5.91,15.04,1 cup/ cooked/ diced,135,m
Chicken Drumstick Fried Coated Skin / Coating Not Eaten From Raw,Meats,169,23.61,0,7.54,1 cup/ cooked/ diced,135,m
Chicken Drumstick Fried Coated Prepared Skinless Coating Eaten From Raw,Meats,211,19.7,5.9,11.56,1 cup/ cooked/ diced,135,m
Chicken Drumstick Fried Coated Skin / Coating Eaten From Pre-Cooked,Meats,246,18.25,7.07,15.62,1 cup/ cooked/ diced,135,m
Chicken Drumstick Fried Coated Skin / Coating Not Eaten From Pre-Cooked,Meats,168,23.57,0,7.53,1 cup/ cooked/ diced,135,m
Chicken Drumstick Fried Coated Skin / Coating Eaten From Fast Food / Restaurant,Meats,288,17.73,12.07,18.72,1 cup/ cooked/ diced,135,m
Chicken Drumstick Fried Coated Skin / Coating Not Eaten From Fast Food / Restaurant,Meats,212,21.78,6.05,11.18,1 cup/ cooked/ diced,135,m
Chicken Drumstick Baked Coated Skin / Coating Eaten,Meats,204,21.01,3.93,10.98,1 cup/ cooked/ diced,135,m
Chicken Drumstick Baked Coated Skin / Coating Not Eaten,Meats,168,23.57,0,7.53,1 cup/ cooked/ diced,135,m
Chicken Thigh Baked Broiled Or Roasted Skin Eaten From Raw,Meats,231,23.12,0,14.62,1 cup/ cooked/ diced,135,m
Chicken Thigh Baked Broiled Or Roasted Skin Not Eaten From Raw,Meats,178,24.61,0,8.1,1 cup/ cooked/ diced,135,m
Chicken Thigh Baked Or Broiled Skin Eaten From Fast Food / Restaurant,Meats,243,22.57,0,16.25,1 cup/ cooked/ diced,135,m
Chicken Thigh Baked Or Broiled Skin Not Eaten From Fast Food / Restaurant,Meats,191,24.02,0,9.89,1 cup/ cooked/ diced,135,m
Chicken Thigh Stewed Skin Eaten,Meats,227,22.39,0,15.31,1 cup/ cooked/ diced,135,m
Chicken Thigh Stewed Skin Not Eaten,Meats,175,24.36,0,8.56,1 cup/ cooked/ diced,135,m
Chicken Thigh Grilled Without Sauce Skin Eaten,Meats,243,22.61,0,16.29,1 cup/ cooked/ diced,135,m
Chicken Thigh Grilled Without Sauce Skin Not Eaten,Meats,192,24.07,0,9.91,1 cup/ cooked/ diced,135,m
Chicken Thigh Grilled With Sauce Skin Eaten,Meats,232,18.61,7.28,13.77,1 cup/ cooked/ diced,165,m
Chicken Thigh Grilled With Sauce Skin Not Eaten,Meats,190,19.8,7.28,8.56,1 cup/ cooked/ diced,165,m
Chicken Thigh Sauteed Skin Eaten,Meats,243,22.61,0,16.29,1 cup/ cooked/ diced,135,m
Chicken Thigh Sauteed Skin Not Eaten,Meats,192,24.07,0,9.91,1 cup/ cooked/ diced,135,m
Chicken Thigh Fried Coated Skin / Coating Eaten From Raw,Meats,271,18.98,5.91,18.57,1 cup/ cooked/ diced,135,m
Chicken Thigh Fried Coated Skin / Coating Not Eaten From Raw,Meats,192,24.12,0,9.93,1 cup/ cooked/ diced,135,m
Chicken Thigh Fried Coated Prepared Skinless Coating Eaten From Raw,Meats,230,20.1,5.9,13.46,1 cup/ cooked/ diced,135,m
Chicken Thigh Fried Coated Skin / Coating Eaten From Pre-Cooked,Meats,276,18.19,7.07,18.96,1 cup/ cooked/ diced,135,m
Chicken Thigh Fried Coated Skin / Coating Not Eaten From Pre-Cooked,Meats,192,24.07,0,9.91,1 cup/ cooked/ diced,135,m
Chicken Thigh Fried Coated Skin / Coating Eaten From Fast Food,Meats,293,16.22,12.94,19.64,1 cup/ cooked/ diced,135,m
Chicken Thigh Fried Coated Skin / Coating Not Eaten From Fast Food,Meats,217,19.38,6.24,12.76,1 cup/ cooked/ diced,135,m
Chicken Thigh Fried Coated Skin / Coating Eaten From Restaurant,Meats,293,16.22,12.94,19.64,1 cup/ cooked/ diced,135,m
Chicken Thigh Fried Coated Skin / Coating Not Eaten From Restaurant,Meats,217,19.38,6.24,12.76,1 cup/ cooked/ diced,135,m
Chicken Thigh Baked Coated Skin / Coating Eaten,Meats,240,20.93,3.93,14.96,1 cup/ cooked/ diced,135,m
Chicken Thigh Baked Coated Skin / Coating Not Eaten,Meats,192,24.07,0,9.91,1 cup/ cooked/ diced,135,m
Chicken Wing Baked Broiled Or Roasted From Raw,Meats,252,23.6,0,16.74,1 wing/ any size,35,m
Chicken Wing Baked Or Broiled From Fast Food / Restaurant,Meats,264,23.08,0,18.35,1 wing,35,m
Chicken Wing Stewed,Meats,247,22.6,0,16.69,1 wing/ any size,45,m
Chicken Wing Grilled Without Sauce,Meats,265,23.13,0,18.39,1 wing/ any size,35,m
Chicken Wing Grilled With Sauce,Meats,250,19.03,7.28,15.49,1 wing/ any size,55,m
Chicken Wing Sauteed,Meats,265,23.13,0,18.39,1 wing/ any size,35,m
Chicken Wing Fried Coated From Raw,Meats,288,19.35,5.9,20.2,1 wing/ any size,55,m
Chicken Wing Fried Coated From Pre-Cooked,Meats,292,18.58,7.07,20.55,1 wing/ any size,55,m
Chicken Wing Fried Coated From Fast Food,Meats,322,17.74,14.93,21.24,1 wing/ any size,55,m
Chicken Wing Fried Coated From Restaurant,Meats,322,17.74,14.93,21.24,1 wing/ any size,55,m
Chicken Wing Baked Coated,Meats,259,21.4,3.93,16.85,1 wing/ any size,55,m
"Chicken ""wings"" With Hot Sauce From Fast Food / Restaurant",Meats,269,16.78,6.19,19.97,1 drummette,35,m
"Chicken ""wings"" With Other Sauces Or Seasoning From Fast Food / Restaurant",Meats,276,16.95,13.13,17.39,1 drummette,35,m
"Chicken ""wings"" Plain From Fast Food / Restaurant",Meats,322,17.74,14.93,21.24,1 drummette,22,m
"Chicken ""wings"" With Hot Sauce From Precooked",Meats,251,17.57,2.5,19.26,1 drummette,35,m
"Chicken ""wings"" With Other Sauces Or Seasoning From Precooked",Meats,257,17.74,9.42,16.67,1 drummette,35,m
"Chicken ""wings"" Plain From Precooked",Meats,292,18.58,7.07,20.55,1 drummette,22,m
"Chicken ""wings"" With Hot Sauce From Other Sources",Meats,264,17.02,5.08,19.76,1 drummette,35,m
"Chicken ""wings"" With Other Sauces Or Seasoning From Other Sources",Meats,270,17.19,12.01,17.17,1 drummette,35,m
"Chicken ""wings"" Plain From Other Sources",Meats,313,17.99,12.57,21.03,1 drummette,22,m
"Chicken ""wings"" Boneless With Hot Sauce From Fast Food / Restaurant",Meats,281,12.35,20.01,16.8,1 boneless wing,35,m
"Chicken ""wings"" Boneless With Hot Sauce From Other Sources",Meats,231,11.38,19.95,11.75,1 boneless wing,35,m
Chicken Back,Meats,298,25.73,0,20.8,1 small back (yield after cooking/ bone removed),110,m
Chicken Neck Or Ribs,Meats,245,19.45,0,17.95,1 neck (yield after cooking/ bone removed),35,m
Chicken Skin,Meats,450,20.19,0,40.34,1 oz/ raw (yield after cooking),20,m
Chicken Chicken Roll Roasted,Meats,189,28.81,0,7.38,1 slice,28,m
Chicken Fillet Grilled,Meats,145,22.24,2.37,5.2,1 fillet,100,m
Chicken Ground,Meats,201,27.14,0,10.31,1 cup/ cooked,130,m
Chicken Nuggets From Frozen,Meats,298,13.36,17.88,19.23,1 nugget,16,m
Chicken Nuggets From Other Sources,Meats,304,15.15,15.81,20.02,1 nugget,16,m
Chicken Tenders Or Strips Breaded From Restaurant,Meats,283,18.82,16.9,15.62,1 tender/ strip/ or finger,50,m
Chicken Tenders Or Strips Breaded From Other Sources,Meats,262,17.84,16.53,13.84,1 tender/ strip/ or finger,50,m
Fried Chicken Chunks Puerto Rican Style,Meats,349,20.98,20.6,19.75,"1 piece (1-1/2"" x 1"" each/ boneless)",25,m
Turkey Nfs,Meats,139,28.81,0,2.06,1 small or thin slice,30,m
Turkey Light Meat Skin Not Eaten,Meats,139,28.81,0,2.06,1 small or thin slice,30,m
Turkey Light Meat Skin Eaten,Meats,169,28.28,0.03,5.55,1 small or thin slice,30,m
Turkey Light Meat Breaded Baked Or Fried Skin Not Eaten,Meats,172,27.33,6.14,3.7,1 small or thin slice,30,m
Turkey Light Meat Breaded Baked Or Fried Skin Eaten,Meats,199,26.85,6.17,6.85,1 small or thin slice,30,m
Turkey Light Meat Roasted Skin Not Eaten,Meats,139,28.81,0,2.06,1 small or thin slice,30,m
Turkey Light Meat Roasted Skin Eaten,Meats,169,28.28,0.03,5.55,1 small or thin slice,30,m
Turkey Dark Meat Roasted Skin Not Eaten,Meats,167,26.94,0,5.98,1 small or thin slice,30,m
Turkey Dark Meat Roasted Skin Eaten,Meats,202,26.46,0.05,10.16,1 small or thin slice,30,m
Turkey Light And Dark Meat Roasted Skin Not Eaten,Meats,151,27.99,0,3.76,1 small or thin slice,30,m
Turkey Light And Dark Meat Roasted Skin Eaten,Meats,183,27.48,0.04,7.54,1 small or thin slice,30,m
Turkey Light Or Dark Meat Fried Coated Skin Not Eaten,Meats,165,27.22,1.4,5.05,1 small or thin slice,30,m
Turkey Light Or Dark Meat Fried Coated Skin Eaten,Meats,192,26.19,1.4,8.5,1 small or thin slice,28,m
Turkey Light Or Dark Meat Stewed Skin Not Eaten,Meats,154,30.88,0.13,2.94,1 small or thin slice,28,m
Turkey Light Or Dark Meat Stewed Skin Eaten,Meats,203,30.25,0.14,8.52,1 small or thin slice,28,m
Turkey Light Or Dark Meat Smoked Skin Not Eaten,Meats,170,29.3,0,5,1 small or thin slice,28,m
Turkey Drumstick Cooked Skin Not Eaten,Meats,144,28.52,0,3.38,1 small drumstick (from hen/ approx 11 to 13 lb bird) (yield after cooking/ bone and skin removed),130,m
Turkey Drumstick Cooked Skin Eaten,Meats,206,27.64,0,9.74,1 small drumstick (from hen/ approx 11 to 13 lb bird) (yield after cooking/ bone removed),145,m
Turkey Drumstick Roasted Skin Not Eaten,Meats,144,28.52,0,3.38,1 small drumstick (from hen/ approx 11 to 13 lb bird) (yield after cooking/ bone and skin removed),115,m
Turkey Drumstick Roasted Skin Eaten,Meats,203,26.86,0,10.07,1 small drumstick (from hen/ approx 11 to 13 lb bird) (yield after cooking/ bone removed),125,m
Turkey Drumstick Smoked Skin Eaten,Meats,208,27.9,0,9.8,1 small drumstick (from hen/ approx 11 to 13 lb bird) (yield after cooking/ bone removed),125,m
Turkey Thigh Cooked Skin Eaten,Meats,182,24.36,0.27,9.26,1 small thigh (from hen/ approx 11 to 13 lb bird) (yield after cooking/ bone removed),225,m
Turkey Thigh Cooked Skin Not Eaten,Meats,161,26.94,0,5.98,1 small thigh (from hen/ approx 11 to 13 lb bird) (yield after cooking/ bone and skin removed),205,m
Turkey Neck,Meats,161,22.29,0,7.3,1 small neck (from 11 to 13 lb turkey),115,m
Turkey Wing Cooked Skin Not Eaten,Meats,139,28.81,0,2.06,1 small wing (yield after cooking/ bone and skin removed),60,m
Turkey Wing Cooked Skin Eaten,Meats,202,26.87,0,9.97,1 small wing (yield after cooking/ bone removed),90,m
Turkey Tail,Meats,294,22.25,0,22.8,1 tail (yield after cooking/ bone removed),60,m
Turkey Back,Meats,203,25.58,0,11.26,1 back (yield after cooking/ bone removed),525,m
Turkey Ground,Meats,201,27.14,0,10.31,1 cup/ cooked,130,m
Turkey Nuggets,Meats,233,22.37,16.31,8.71,1 nugget,20,m
Turkey With Barbecue Sauce Skin Eaten,Meats,195,18.23,12.23,8.16,1 cup/ cooked/ diced,165,m
Turkey With Barbecue Sauce Skin Not Eaten,Meats,150,18.86,12.23,2.82,1 cup/ cooked/ diced,165,m
Duck Cooked Skin Eaten,Meats,336,18.91,0,28.23,1/2 duck (yield after cooking/ bone removed),380,m
Duck Cooked Skin Not Eaten,Meats,200,23.38,0,11.15,1/2 duck (yield after cooking/ bone and skin removed),220,m
Duck Roasted Skin Eaten,Meats,336,18.91,0,28.23,1/2 duck (yield after cooking/ bone removed),380,m
Duck Roasted Skin Not Eaten,Meats,200,23.38,0,11.15,1/2 duck (yield after cooking/ bone and skin removed),220,m
Duck Coated Fried,Meats,225,22.3,7.95,10.92,1 leg (drumstick and thigh) (yield after cooking/ bone removed),115,m
Duck Pressed Chinese,Meats,153,5.34,6.83,11.63,1 oz/ cooked,28,m
Goose Wild Roasted,Meats,304,25.06,0,21.83,1 cup/ cooked/ diced,140,m
Cornish Game Hen Cooked Skin Eaten,Meats,257,22.08,0,18.06,1 hen (1-1/4 lb/ raw) (yield after cooking/ bone removed),305,m
Cornish Game Hen Cooked Skin Not Eaten,Meats,133,23.11,0,3.84,1 hen (1-1/4 lb/ raw) (yield after cooking/ bone and skin removed),250,m
Cornish Game Hen Roasted Skin Eaten,Meats,257,22.08,0,18.06,1 hen (1-1/4 lb/ raw) (yield after cooking/ bone removed),305,m
Cornish Game Hen Roasted Skin Not Eaten,Meats,133,23.11,0,3.84,1 hen (1-1/4 lb/ raw) (yield after cooking/ bone and skin removed),250,m
Dove Cooked Ns As To Cooking Method,Meats,212,23.8,0,12.95,1 dove (yield after cooking/ bone removed),110,m
Dove Fried,Meats,223,23.06,1.44,13.82,1 dove (yield after cooking/ bone removed),110,m
Quail Cooked,Meats,226,25,0,14.04,1 quail (yield after cooking/ bone removed),75,m
Pheasant Cooked,Meats,238,32.26,0,12.05,1/2 pheasant breast (yield after cooking/ bone removed),130,m
Beef Liver Braised,Meats,189,28.84,5.09,5.22,1 oz/ raw (yield after cooking),19,m
Beef Liver Fried,Meats,174,26.3,5.12,4.64,1 oz/ raw (yield after cooking),21,m
Chicken Liver Braised,Meats,166,24.26,0.86,6.46,1 oz/ raw (yield after cooking),18,m
Chicken Liver Fried,Meats,189,19.98,6.41,8.66,1 oz/ raw (yield after cooking),19,m
Heart Cooked,Meats,164,28.24,0.15,4.69,1 oz/ raw (yield after cooking),13,m
Kidney Cooked,Meats,157,27.04,0,4.61,1 oz/ raw (yield after cooking) - beef,12,m
Sweetbreads Cooked,Meats,124,22.48,0,3.08,1 oz/ raw (yield after cooking),16,m
Brains Cooked,Meats,150,11.57,1.47,10.44,1 oz/ raw (yield after cooking),24,m
Tongue Cooked,Meats,282,19.13,0,22.11,1 oz/ raw (yield after cooking),16,m
Tongue Smoked Cured Or Pickled Cooked,Meats,277,18.8,0,21.74,1 oz/ raw (yield after cooking),14,m
Tongue Pot Roast Puerto Rican Style,Meats,317,21.03,0.34,25.02,"1 slice (5"" x 2"" x 1"")",110,m
Tripe Cooked,Meats,89,12.6,0,3.85,1 oz/ raw (yield after cooking),16,m
Chitterlings Cooked,Meats,231,12.39,0,20.15,1 oz/ raw (yield after cooking),11,m
Hog Maws Cooked,Meats,250,26.52,0,15.96,1 oz/ raw (yield after cooking),20,m
Gizzard Cooked,Meats,153,30.14,0,2.66,1 gizzard/ turkey/ cooked,67,m
Frankfurter Wiener Or Hot Dog Nfs,Meats,332,12.3,3.13,29.58,No data available,No data available,m
Frankfurter Or Hot Dog Cheese-Filled,Meats,345,14.84,1.59,30.53,1 frankfurter,57,m
Frankfurter Or Hot Dog Beef,Meats,332,12.3,3.13,29.58,No data available,No data available,m
Frankfurter Or Hot Dog Beef And Pork,Meats,292,10.23,5.28,25.45,1 frankfurter,57,m
Frankfurter Or Hot Dog Beef And Pork Reduced Fat Or Light,Meats,292,10.23,5.28,25.45,1 frankfurter,57,m
Frankfurter Or Hot Dog Meat And Poultry Fat Free,Meats,115,13.16,11.8,1.67,1 frankfurter,57,m
Frankfurter Or Hot Dog Meat And Poultry,Meats,292,10.23,5.28,25.45,1 frankfurter,57,m
Frankfurter Or Hot Dog Meat And Poultry Reduced Fat Or Light,Meats,127,16.32,8.84,2.95,1 frankfurter,57,m
Frankfurter Or Hot Dog Chicken,Meats,235,16.33,2.88,17.04,1 frankfurter,57,m
Frankfurter Or Hot Dog Turkey,Meats,235,12.87,4.01,18.2,1 frankfurter,57,m
Frankfurter Or Hot Dog Beef Reduced Fat Or Light,Meats,127,16.32,8.84,2.95,1 frankfurter,57,m
Frankfurter Or Hot Dog Reduced Fat Or Light Nfs,Meats,127,16.32,8.84,2.95,1 frankfurter,57,m
Beef Sausage,Meats,405,15.5,0.03,37.57,1 patty,35,m
Beef Sausage With Cheese,Meats,402,15.76,0.4,36.99,1 link,76,m
Bratwurst With Cheese,Meats,337,14.16,2.94,29.44,1 bun-size or griller link,75,m
Turkey Or Chicken And Beef Sausage,Meats,268,17.6,5.64,19.14,1 patty,35,m
Italian Sausage,Meats,344,19.12,4.27,27.31,1 patty,35,m
Scrapple Cooked,Meats,227,8.57,14.96,14.76,"1 slice (2-3/4"" x 2-1/8"" x 1/4"") (1/18 of loaf)",25,m
Pickled Sausage,Meats,393,13.69,2.68,35.96,1 sausage,14,m
Ham Luncheon Meat Loaf Type,Meats,180,16.5,4.2,10.3,1 slice/ nfs,28,m
Turkey Ham Prepackaged Or Deli Luncheon Meat,Meats,124,19.6,2.93,3.8,1 slice/ nfs,28,m
Beef With Tomato-Based Sauce,Meats,149,21.72,1.58,6.36,1 cup,249,m
Beef Goulash,Meats,102,13.69,2.79,3.78,1 cup,249,m
Beef Burgundy,Meats,146,18.5,4.06,5.94,1 cup,244,m
Beef Stew No Potatoes Tomato-Based Sauce Mexican Style,Meats,115,14.8,3.33,4.39,1 cup,244,m
Beef Stew No Potatoes Tomato-Based Sauce With Chili Peppers Mexican Style,Meats,97,11.66,5.23,3.34,1 cup,244,m
Chili Con Carne Ns As To Beans,Meats,98,8.05,7.22,4.21,1 cup,254,m
Chili Con Carne With Beans Home Recipe,Meats,98,8.05,7.21,4.21,1 cup,254,m
Chili Con Carne With Beans,Meats,104,6.88,10.71,3.81,1 cup,254,m
Chili Con Carne Ns As To Beans With Cheese,Meats,123,6.69,12.58,5.03,1 cup,254,m
Chili Con Carne With Beans And Cheese,Meats,123,6.69,12.58,5.03,1 cup,254,m
Beef Sloppy Joe No Bun,Meats,138,10.78,8.75,6.77,1 cup,251,m
Beef With Gravy,Meats,156,21.56,1.58,7.05,1 cup,244,m
Beef With Cream Or White Sauce,Meats,186,22.5,2.74,9.44,1 cup,256,m
Beef Stroganoff,Meats,149,9.98,6,9.45,1 cup,256,m
Creamed Chipped Or Dried Beef,Meats,131,7.57,7.55,7.95,1 cup,246,m
Swedish Meatballs With Cream Or White Sauce,Meats,170,12.43,7.22,9.88,1 cup,246,m
Beef With Mushroom Sauce,Meats,163,21.96,1.84,7.53,1 cup,256,m
Beef Curry,Meats,104,6.28,6.83,5.93,1 cup,236,m
Beef With Barbecue Sauce,Meats,187,20.86,11.75,6.23,1 cup,263,m
Stewed Seasoned Ground Beef Mexican Style,Meats,194,13.5,1.31,14.58,1 cup,222,m
Steak Tartare,Meats,197,15.67,1.56,13.84,1 cup,224,m
Meatballs Puerto Rican Style,Meats,239,13.82,6.87,17.19,1 meatball with sauce,50,m
Stewed Seasoned Ground Beef Puerto Rican Style,Meats,296,13.12,3.92,25.29,1 cup,200,m
Stewed Dried Beef Puerto Rican Style,Meats,253,17.74,3.89,18.76,1 cup,200,m
Stuffed Pot Roast Puerto Rican Style Nfs,Meats,253,18.64,1.2,18.84,1 slice with gravy and stuffing,134,m
Beef Stew Meat With Gravy No Potatoes Puerto Rican Style,Meats,232,16.54,1.89,17.34,1 cup,235,m
Ham Or Pork With Gravy,Meats,160,20.15,1.58,7.49,1 cup,244,m
Ham Or Pork With Barbecue Sauce,Meats,205,21.04,12.69,7.19,1 cup,263,m
Ham Stroganoff,Meats,130,7.52,4.97,9.04,1 cup,244,m
Ham Or Pork With Mushroom Sauce,Meats,166,20.54,1.84,7.97,1 cup,244,m
Ham Or Pork With Tomato-Based Sauce,Meats,153,20.3,1.59,6.8,1 cup,249,m
Sausage With Tomato-Based Sauce,Meats,234,13.28,2.58,19.09,1 cup,248,m
Sausage Gravy,Meats,163,6.67,7.31,11.96,1 cup,240,m
Pork Stew No Potatoes Tomato-Based Sauce Mexican Style,Meats,112,14.31,3.33,4.27,1 cup,244,m
Pork Curry,Meats,89,6.17,6.64,4.32,1 cup,236,m
Frankfurter Or Hot Dog With Chili No Bun,Meats,213,8.86,8.4,15.77,1 frankfurter with sauce,125,m
Frankfurters Or Hot Dogs With Tomato-Based Sauce,Meats,238,8.94,3.77,20.71,1 cup,244,m
Pork With Chili And Tomatoes,Meats,97,11.75,3.03,4.02,1 cup,236,m
Stewed Pork Puerto Rican Style,Meats,197,17.94,2.77,12.48,1 cup,200,m
Chili Con Carne With Beans Made With Pork,Meats,106,8.07,7.2,5.12,1 cup,254,m
Lamb Or Mutton With Gravy,Meats,219,17.29,1.58,15.37,1 cup,244,m
Lamb Or Mutton Goulash,Meats,124,13.07,3.1,6.38,1 cup,249,m
Lamb Or Mutton Curry,Meats,94,4.48,7.05,5.58,1 cup,236,m
Stewed Goat Puerto Rican Style,Meats,260,22.39,2,17.71,1 cup,177,m
Veal With Gravy,Meats,161,25.4,1.58,5.19,1 cup,244,m
Veal Scallopini,Meats,240,18.39,1.54,17.57,1 slice with sauce,96,m
Veal With Cream Sauce,Meats,191,26.33,2.74,7.58,1 cup,246,m
Veal With Butter Sauce,Meats,152,15.07,1.49,9.34,1 cup,188,m
Veal Marsala,Meats,172,16.5,6.64,8.56,1 slice with sauce,96,m
Veal Parmigiana,Meats,203,15.14,8.04,12.04,1 patty with sauce and cheese,182,m
Veal Cordon Bleu,Meats,259,20.68,9.61,14.82,1 roll (with ham and sauce),229,m
Venison Or Deer With Tomato-Based Sauce,Meats,140,25.64,1.59,2.84,1 cup,249,m
Venison Or Deer With Gravy,Meats,147,25.48,1.58,3.53,1 cup,244,m
Chili Con Carne With Venison/deer And Beans,Meats,84,8.3,8.06,2.19,1 cup,254,m
Chicken Or Turkey Cacciatore,Meats,184,17.14,4.64,10.52,1 cup,244,m
Stewed Chicken With Tomato-Based Sauce Mexican Style,Meats,120,11.98,2.46,7.06,1 cup,244,m
Chili Con Carne With Chicken Or Turkey And Beans,Meats,84,8.42,7.36,2.67,1 cup,254,m
Chicken With Gravy,Meats,129,18.88,1.58,5.21,1 cup,244,m
Chicken Or Turkey Fricassee,Meats,121,10.65,3.5,7.14,1 cup,244,m
Turkey With Gravy,Meats,125,20.46,1.58,3.46,1 cup,244,m
Chicken Or Turkey With Cream Sauce,Meats,158,19.82,2.74,7.61,1 cup,241,m
Chicken Or Turkey With Mushroom Sauce,Meats,135,19.28,1.84,5.7,1 cup,256,m
Chicken Shredded Or Pulled With Barbecue Sauce,Meats,167,19,12.23,4.64,1 cup,165,m
Chicken Curry,Meats,82,5.73,6.67,3.85,1/2 chicken breast with sauce,200,m
Chicken With Mole Sauce,Meats,157,19.54,3.45,7.51,1 cup,244,m
Chicken Or Turkey With Cheese Sauce,Meats,173,21.77,1.64,8.9,1 cup,241,m
Chicken Or Turkey Cordon Bleu,Meats,216,22.62,9.61,9.57,1 roll (1/2 breast with ham and sauce),229,m
Chicken Or Turkey Parmigiana,Meats,174,16.06,8.01,8.45,1 patty with sauce and cheese,182,m
Chicken Kiev,Meats,253,28,4.25,13.1,1 serving (1 whole breast),258,m
Stuffed Chicken Drumstick Or Breast Puerto Rican Style,Meats,234,28.07,6.53,10.43,"1 breast (4"" x 3"" x 3/4"")",210,m
Meat With Barbecue Sauce Ns As To Type Of Meat,Meats,201,20.88,12.74,6.8,1 cup,263,m
Meatballs Ns As To Type Of Meat With Sauce,Meats,185,18.03,0.13,11.98,1 cup,235,m
Meat Loaf Puerto Rican Style,Meats,323,19.81,10.6,21.79,"1 serving (3"" x 1"" x 2"")",95,m
Meat With Tomato-Based Sauce,Meats,149,21.72,1.58,6.36,1 cup,249,m
Stewed Seasoned Ground Beef And Pork Mexican Style,Meats,139,16.7,1.48,6.98,1 cup,222,m
Meat With Gravy Ns As To Type Of Meat,Meats,156,21.56,1.58,7.05,1 cup,244,m
Beef And Potatoes No Sauce,Meats,133,7.92,14.52,4.93,1 cup,190,m
Beef Stew With Potatoes Tomato-Based Sauce,Meats,103,8.74,9.55,3.29,1 cup,252,m
Beef Stew With Potatoes Tomato-Based Sauce Mexican Style,Meats,110,12.48,6.47,3.59,1 cup,244,m
Beef Goulash With Potatoes,Meats,117,11.46,7.68,4.39,1 cup,244,m
Beef And Potatoes With Cream Sauce White Sauce Or Mushroom Sauce,Meats,101,7.72,8.67,3.81,1 cup,252,m
Beef Stew With Potatoes Gravy,Meats,100,9.19,7.63,3.47,1 cup,252,m
Beef Roast Hash,Meats,158,11.34,11.05,7.43,1 cup,190,m
Beef And Potatoes With Cheese Sauce,Meats,126,8.15,11.1,5.6,1 cup,249,m
Stewed Seasoned Ground Beef With Potatoes Mexican Style,Meats,154,9.9,5.61,10.09,1 cup,222,m
Beef And Noodles No Sauce,Meats,189,11.37,16.23,8.43,1 cup,156,m
Beef And Macaroni With Cheese Sauce,Meats,137,9.1,12.38,5.38,1 cup,246,m
Beef And Noodles With Tomato-Based Sauce,Meats,115,8.74,10.67,3.92,1 cup,249,m
Chili Con Carne With Beans And Macaroni,Meats,118,5.8,16.91,2.92,1 cup,253,m
Beef Goulash With Noodles,Meats,142,12.5,10.88,5.1,1 cup,249,m
Beef And Noodles With Gravy,Meats,138,7.7,15.39,5.07,1 cup,249,m
Beef And Noodles With Cream Or White Sauce,Meats,141,7.86,15.01,5.46,1 cup,249,m
Beef Stroganoff With Noodles,Meats,128,7.69,8.87,6.86,1 cup,256,m
Beef And Noodles With Mushroom Sauce,Meats,136,7.53,14.97,5.13,1 cup,249,m
Beef And Rice No Sauce,Meats,145,7.27,17.23,5,1 cup,196,m
Beef And Rice With Tomato-Based Sauce,Meats,136,6.39,15.88,5.15,1 cup,244,m
Porcupine Balls With Tomato-Based Sauce,Meats,153,10.35,13.39,6.2,1 cup,176,m
Chili Con Carne With Beans And Rice,Meats,112,5.07,16.65,2.72,1 cup,250,m
Beef And Rice With Gravy,Meats,137,6.28,15.98,5.12,1 cup,222,m
Beef And Rice With Cream Sauce,Meats,140,6.7,15.89,5.36,1 cup,248,m
Beef And Rice With Mushroom Sauce,Meats,135,6.24,15.54,5.18,1 cup,248,m
Porcupine Balls With Mushroom Sauce,Meats,157,10.33,10.71,7.76,1 cup,176,m
Beef And Rice With Cheese Sauce,Meats,143,8.06,14.78,5.34,1 cup,248,m
Meat Loaf Made With Beef,Meats,199,17.43,7.22,10.65,1 small or thin slice,86,m
Meat Loaf Made With Beef With Tomato-Based Sauce,Meats,159,13.74,6.79,8.3,1 small or thin slice,109,m
Beef Wellington,Meats,368,19.1,10.1,27.35,1 slice,116,m
Creamed Dried Beef On Toast,Meats,127,10.89,7.74,5.94,1 slice toast with sauce,145,m
Stuffed Pot Roast With Potatoes Puerto Rican Style,Meats,345,24.41,7.77,23.47,"1 serving (1 slice/ 3/4"" x 3"" with 1/4 cup potatoes)",190,m
Beef Stew With Potatoes Puerto Rican Style,Meats,218,14.58,6.57,14.69,1 cup,212,m
Stewed Corned Beef Puerto Rican Style,Meats,195,13.44,10.33,11.03,1 cup,280,m
Meat Loaf Made With Ham,Meats,178,20.67,6.13,7.47,1 small or thin slice,86,m
Ham And Noodles With Cream Or White Sauce,Meats,140,6.81,15.31,5.57,1 cup,244,m
Ham And Rice With Mushroom Sauce,Meats,135,5.36,16.28,5.18,1 cup,248,m
Ham Or Pork With Stuffing,Meats,143,6.26,10.43,8.27,1 cup,200,m
Ham Croquette,Meats,273,17.98,2.58,20.7,"1 croquette (1-1/2"" dia/ 2"" high)",62,m
Pork And Rice With Tomato-Based Sauce,Meats,139,6.42,16.78,5,1 cup,244,m
Sausage And Rice With Tomato-Based Sauce,Meats,134,4.63,16.4,5.49,1 cup,244,m
Sausage And Rice With Mushroom Sauce,Meats,142,4.85,16.8,6.01,1 cup,244,m
Sausage And Rice With Cheese Sauce,Meats,151,6.32,13.94,7.61,1 cup,244,m
Sausage And Noodles With Cream Or White Sauce,Meats,154,5.91,14.82,7.92,1 cup,244,m
Ham And Noodles No Sauce,Meats,143,7.15,15.88,5.54,1 cup,157,m
Ham Or Pork And Rice No Sauce,Meats,142,6.73,16.8,4.99,1 cup,196,m
Ham Or Pork And Potatoes With Gravy,Meats,125,5.4,11.68,6.33,1 cup,252,m
Ham Or Pork And Potatoes With Cheese Sauce,Meats,127,7.86,11.11,5.69,1 cup,249,m
Stewed Pig's Feet Puerto Rican Style,Meats,141,10.23,4.1,9.2,1 cup (yield after bone removed),184,m
Stuffed Pork Roast Puerto Rican Style,Meats,159,18.76,1.93,8.06,"1 slice (3"" x 3/4"") with stuffing",120,m
Pork Stew With Potatoes Tomato-Based Sauce Mexican Style,Meats,109,13.08,5.06,3.84,1 cup,244,m
Lamb Or Mutton Loaf,Meats,183,13.06,7.43,11.04,1 small or thin slice,86,m
Lamb Or Mutton And Potatoes With Gravy,Meats,129,5.13,12.53,6.46,1 cup,252,m
Lamb Or Mutton And Potatoes With Tomato-Based Sauce,Meats,125,5.26,12.48,6.22,1 cup,252,m
Lamb Or Mutton And Noodles With Gravy,Meats,141,6.8,15.63,5.48,1 cup,249,m
Meat Loaf Made With Venison/deer,Meats,166,18.96,6.32,6.67,1 small or thin slice,86,m
Veal And Noodles With Cream Or White Sauce,Meats,145,8.35,14.47,5.83,1 cup,224,m
Venison Or Deer And Noodles With Cream Or White Sauce,Meats,142,8.37,14.47,5.49,1 cup,249,m
Chicken Or Turkey Hash,Meats,110,9.68,8.49,4.1,1 cup,190,m
Chicken Or Turkey And Potatoes With Gravy,Meats,119,7.27,8.91,6.19,1 cup,242,m
Chicken Or Turkey And Noodles No Sauce,Meats,148,7.73,15.47,6.14,1 cup,157,m
Chicken Or Turkey And Noodles With Gravy,Meats,140,6.99,15.23,5.67,1 cup,224,m
Chicken Or Turkey And Noodles With Mushroom Sauce,Meats,136,6.91,14.87,5.45,1 cup,224,m
Chicken Or Turkey And Noodles With Cream Or White Sauce,Meats,141,7.39,15.22,5.64,1 cup,224,m
Chicken Or Turkey And Noodles With Cheese Sauce,Meats,146,8.95,13.56,6.16,1 cup,224,m
Chicken Or Turkey Tetrazzini,Meats,118,11.96,6.96,4.78,1 cup,246,m
Chicken Or Turkey And Noodles With Tomato-Based Sauce,Meats,136,7.12,15.17,5.44,1 cup,224,m
Chicken Or Turkey And Rice No Sauce,Meats,148,6.46,16.97,5.84,1 cup,196,m
Chicken Or Turkey And Rice With Cream Sauce,Meats,136,8.1,12.77,5.87,1 cup,248,m
Chicken Or Turkey And Rice With Mushroom Sauce,Meats,135,5.66,15.44,5.47,1 cup,248,m
Chicken Or Turkey And Rice With Tomato-Based Sauce,Meats,141,5.72,15.66,6.18,1 cup,244,m
Chicken In Cheese Sauce With Spanish Rice,Meats,160,9.72,12.82,7.7,1 meal (10 oz),284,m
Chicken Or Turkey With Dumplings,Meats,144,15.63,7.94,5.49,1 cup,244,m
Chicken Or Turkey With Stuffing,Meats,172,20.04,11.74,4.88,1 cup,200,m
Chicken Or Turkey Cake Patty Or Croquette,Meats,262,20.85,2.56,18.7,1 cake or patty,85,m
Meat Loaf Made With Chicken Or Turkey,Meats,172,18.71,8.11,7.19,1 small or thin slice,86,m
Meat Loaf Made With Chicken Or Turkey With Tomato-Based Sauce,Meats,145,15.41,7.3,6.14,1 small or thin slice,109,m
Meat Loaf Ns As To Type Of Meat,Meats,202,17.42,7.21,10.96,1 small or thin slice,86,m
Meatballs With Breading Ns As To Type Of Meat With Gravy,Meats,144,12.28,6.32,7.53,1 cup,235,m
Meat Loaf Made With Beef And Pork,Meats,196,17.21,7.19,10.42,1 small or thin slice,86,m
Meat Loaf Made With Beef Veal And Pork,Meats,196,17.21,7.19,10.42,1 small or thin slice,86,m
Meat Loaf Made With Beef And Pork With Tomato-Based Sauce,Meats,157,13.58,6.76,8.13,1 small or thin slice,109,m
Vienna Sausages Stewed With Potatoes Puerto Rican Style,Meats,215,5.09,13.1,16.12,1 cup,175,m
Liver Dumpling,Meats,286,23.05,12.8,15.45,1 cup,250,m
Breaded Brains Puerto Rican Style,Meats,246,10.09,17.4,14.73,"1 serving (2 fritters/ 3-1/2"" x 2-1/2"" x 1/2"")",120,m
Stewed Seasoned Ground Beef And Pork With Potatoes Mexican Style,Meats,143,12.84,4.19,8.03,1 cup,222,m
Beef Potatoes And Vegetables Including Carrots Broccoli And/or Dark-Green Leafy; No Sauce,Meats,125,6.93,13.46,5.15,1 cup,162,m
Beef Potatoes And Vegetables Excluding Carrots Broccoli And Dark-Green Leafy; No Sauce,Meats,130,6.97,14.97,5.1,1 cup,162,m
Corned Beef Potatoes And Vegetables Including Carrots Broccoli And/or Dark-Green Leafy; No Sauce,Meats,126,4.76,13.73,6,1 cup,162,m
Corned Beef Potatoes And Vegetables Excluding Carrots Broccoli And Dark-Green Leafy; No Sauce,Meats,127,4.84,15.35,5.38,1 cup,162,m
Beef Stew With Potatoes And Vegetables Including Carrots Broccoli And/or Dark-Green Leafy; Tomato-Based Sauce,Meats,90,5.23,8.25,3.96,1 cup,252,m
Beef Stew With Potatoes And Vegetables Excluding Carrots Broccoli And Dark-Green Leafy; Tomato-Based Sauce,Meats,82,6.63,8.5,2.33,1 cup,252,m
Beef Stew With Potatoes And Vegetables Including Carrots Broccoli And/or Dark-Green Leafy; Gravy,Meats,79,6.22,8.6,2.18,1 cup,252,m
Beef Stew With Potatoes And Vegetables Excluding Carrots Broccoli And Dark-Green Leafy; Gravy,Meats,83,6.76,8.48,2.38,1 cup,252,m
Shepherd's Pie With Beef,Meats,109,6.36,14.16,3.16,1 cup,243,m
Beef Potatoes And Vegetables Including Carrots Broccoli And/or Dark-Green Leafy; Gravy,Meats,128,5.23,11.17,7.16,1 cup,252,m
Beef Potatoes And Vegetables Excluding Carrots Broccoli And Dark-Green Leafy; Gravy,Meats,125,5.3,12.36,6.34,1 cup,252,m
Beef Potatoes And Vegetables Including Carrots Broccoli And/or Dark-Green Leafy; Cream Sauce White Sauce Or Mushroom Sauce,Meats,127,5.27,11.13,7.06,1 cup,252,m
Beef Potatoes And Vegetables Excluding Carrots Broccoli And Dark-Green Leafy; Cream Sauce White Sauce Or Mushroom Sauce,Meats,127,5.32,12.19,6.68,1 cup,252,m
Beef Potatoes And Vegetables Including Carrots Broccoli And/or Dark-Green Leafy; Tomato-Based Sauce,Meats,125,5.33,11.13,6.96,1 cup,252,m
Beef Potatoes And Vegetables Excluding Carrots Broccoli And Dark-Green Leafy; Tomato-Based Sauce,Meats,125,5.39,12.28,6.56,1 cup,252,m
Beef Potatoes And Vegetables Including Carrots Broccoli And/or Dark-Green Leafy; Cheese Sauce,Meats,127,8.14,11.82,5.43,1 cup,252,m
Beef Potatoes And Vegetables Excluding Carrots Broccoli And Dark-Green Leafy; Cheese Sauce,Meats,131,8.17,12.97,5.43,1 cup,252,m
Beef Noodles And Vegetables Including Carrots Broccoli And/or Dark-Green Leafy; No Sauce,Meats,147,8.71,16.71,5.19,1 cup,162,m
Beef Noodles And Vegetables Excluding Carrots Broccoli And Dark-Green Leafy; No Sauce,Meats,150,8.78,18.29,4.91,1 cup,162,m
Beef Noodles And Vegetables Including Carrots Broccoli And/or Dark-Green Leafy; Tomato-Based Sauce,Meats,125,6.74,13.74,5.06,1 cup,249,m
Beef Noodles And Vegetables Excluding Carrots Broccoli And Dark-Green Leafy; Tomato-Based Sauce,Meats,129,6.77,14.86,5.07,1 cup,249,m
Beef Noodles And Vegetables Including Carrots Broccoli And/or Dark-Green Leafy; Mushroom Sauce,Meats,125,6.6,13.58,5.06,1 cup,249,m
Beef Noodles And Vegetables Excluding Carrots Broccoli And Dark-Green Leafy; Mushroom Sauce,Meats,128,6.62,14.63,5.02,1 cup,249,m
Beef Noodles And Vegetables Including Carrots Broccoli And/or Dark-Green Leafy; Gravy,Meats,127,6.65,13.81,5.04,1 cup,249,m
Beef Noodles And Vegetables Excluding Carrots Broccoli And Dark-Green Leafy; Gravy,Meats,130,6.68,14.94,5.05,1 cup,249,m
Beef Rice And Vegetables Including Carrots Broccoli And/or Dark-Green Leafy; No Sauce,Meats,148,7.54,18.38,4.86,1 cup,162,m
Beef Rice And Vegetables Excluding Carrots Broccoli And Dark-Green Leafy; No Sauce,Meats,149,7.62,20,4.29,1 cup,162,m
Beef Rice And Vegetables Including Carrots Broccoli And/or Dark-Green Leafy; Tomato-Based Sauce,Meats,131,5.85,14.9,5.4,1 cup,249,m
Beef Rice And Vegetables Excluding Carrots Broccoli And/or Dark-Green Leafy; Tomato-Based Sauce,Meats,131,5.91,16.08,4.99,1 cup,249,m
Stuffed Cabbage Rolls With Beef And Rice,Meats,112,8.45,8.51,5.03,1 cabbage roll,103,m
Stuffed Grape Leaves With Beef And Rice,Meats,234,7.9,11.18,18.08,1 roll,21,m
Beef Rice And Vegetables Including Carrots Broccoli And/or Dark-Green Leafy; Mushroom Sauce,Meats,129,5.78,14.69,5.22,1 cup,249,m
Beef Rice And Vegetables Excluding Carrots Broccoli And Dark-Green Leafy; Mushroom Sauce,Meats,133,5.8,15.73,5.22,1 cup,249,m
Beef Rice And Vegetables Including Carrots Broccoli And/or Dark-Green Leafy; Cheese Sauce,Meats,147,8.58,15.54,5.51,1 cup,249,m
Beef Rice And Vegetables Excluding Carrots Broccoli And Dark-Green Leafy; Cheese Sauce,Meats,143,8.18,15.85,5.24,1 cup,249,m
Beef Rice And Vegetables Including Carrots Broccoli And/or Dark-Green Leafy; Gravy,Meats,130,5.77,15.01,5.18,1 cup,249,m
Beef Rice And Vegetables Excluding Carrots Broccoli And Dark-Green Leafy; Gravy,Meats,134,5.8,16.13,5.18,1 cup,249,m
Beef Pot Pie,Meats,223,7.99,17.09,13.5,"1 pie (8 oz/ frozen/ 4""-5"" dia)",227,m
Beef Dumplings And Vegetables Including Carrots Broccoli And/or Dark-Green Leafy; Gravy,Meats,127,6.08,11.59,6.3,1 cup,249,m
Beef Dumplings And Vegetables Excluding Carrots Broccoli And Dark-Green Leafy; Gravy,Meats,129,6.12,12.74,6.09,1 cup,249,m
Stuffed Green Pepper Puerto Rican Style,Meats,161,8.63,15.56,7.23,"1 pepper (3-1/2"" x 3-1/2"" x 2"")",250,m
Ham Pot Pie,Meats,233,7.99,18.48,14.16,1 pie,632,m
Ham Or Pork Noodles And Vegetables Excluding Carrots Broccoli And Dark-Green Leafy; No Sauce,Meats,150,8.42,18.31,4.91,1 cup,162,m
Ham Or Pork Noodles And Vegetables Including Carrots Broccoli And/or Dark-Green Leafy; No Sauce,Meats,147,8.35,16.74,5.19,1 cup,162,m
Ham Or Pork Noodles And Vegetables Excluding Carrots Broccoli And Dark-Green Leafy; Cheese Sauce,Meats,155,9.18,15.32,6.42,1 cup,241,m
Pork Potatoes And Vegetables Including Carrots Broccoli And/or Dark-Green Leafy; No Sauce,Meats,128,6.55,13.44,5.43,1 cup,162,m
Ham Or Pork Noodles And Vegetables Including Carrots Broccoli And/or Dark-Green Leafy; Tomato-Based Sauce,Meats,125,6.48,13.75,5.02,1 cup,249,m
Sausage Noodles And Vegetables Excluding Carrots Broccoli And Dark-Green Leafy; Tomato-Based Sauce,Meats,131,5.26,15.34,5.69,1 cup,249,m
Sausage Noodles And Vegetables Including Carrots Broccoli And/or Dark-Green Leafy; Tomato-Based Sauce,Meats,127,5.22,14.19,5.69,1 cup,249,m
Pork Potatoes And Vegetables Including Carrots Broccoli And/or Dark-Green Leafy; Tomato-Based Sauce,Meats,126,5.01,11.29,7.07,1 cup,252,m
Pork Potatoes And Vegetables Excluding Carrots Broccoli And Dark-Green Leafy; Tomato-Based Sauce,Meats,126,5.12,12.28,6.64,1 cup,252,m
Sausage Potatoes And Vegetables Including Carrots Broccoli And/or Dark-Green Leafy; Gravy,Meats,127,3.73,11.61,7.53,1 cup,252,m
Sausage Potatoes And Vegetables Excluding Carrots Broccoli And Dark-Green Leafy; Gravy,Meats,128,3.78,12.78,7.12,1 cup,252,m
Pork Potatoes And Vegetables Including Carrots Broccoli And/or Dark-Green Leafy; Gravy,Meats,125,4.98,11.22,6.84,1 cup,252,m
Pork Potatoes And Vegetables Excluding Carrots Broccoli And Dark-Green Leafy; Gravy,Meats,126,5.03,12.37,6.43,1 cup,252,m
Pork Potatoes And Vegetables Excluding Carrots Broccoli And Dark-Green Leafy; No Sauce,Meats,133,6.59,14.94,5.44,1 cup,162,m
Pork Rice And Vegetables Including Carrots Broccoli And/or Dark-Green Leafy; Tomato-Based Sauce,Meats,128,5.61,14.96,5.07,1 cup,249,m
Pork Rice And Vegetables Excluding Carrots Broccoli And Dark-Green Leafy; Tomato-Based Sauce,Meats,132,5.64,16.08,5.07,1 cup,249,m
Ham Potatoes And Vegetables Excluding Carrots Broccoli And Dark-Green Leafy; No Sauce,Meats,125,5.56,15.02,5.06,1 cup,162,m
Ham Potatoes And Vegetables Including Carrots Broccoli And/or Dark-Green Leafy; No Sauce,Meats,127,5.47,13.4,5.9,1 cup,162,m
Shepherd's Pie With Lamb,Meats,122,6.98,12.47,5.04,1 cup,243,m
Lamb Or Mutton Stew With Potatoes And Vegetables Including Carrots Broccoli And/or Dark-Green Leafy; Gravy,Meats,103,8.82,11.69,2.28,1 cup,252,m
Lamb Or Mutton Rice And Vegetables Excluding Carrots Broccoli And Dark-Green Leafy; Gravy,Meats,136,5.05,16.34,5.51,1 cup,252,m
Lamb Or Mutton Rice And Vegetables Including Carrots Broccoli And/or Dark-Green Leafy; Tomato-Based Sauce,Meats,129,5.13,15.15,5.31,1 cup,252,m
Lamb Or Mutton Rice And Vegetables  Including Carrots Broccoli And/or Dark-Green Leafy; Gravy,Meats,132,5.02,15.2,5.5,1 cup,252,m
Lamb Or Mutton Stew With Potatoes And Vegetables Excluding Carrots Broccoli And Dark-Green Leafy; Gravy,Meats,99,8.78,10.74,2.3,1 cup,252,m
Stuffed Grape Leaves With Lamb And Rice,Meats,266,8.23,11.86,21.21,1 roll,21,m
Lamb Or Mutton Stew With Potatoes And Vegetables Including Carrots Broccoli And/or Dark-Green Leafy; Tomato-Based Sauce,Meats,97,8.25,11.66,1.89,1 cup,252,m
Lamb Or Mutton Stew With Potatoes And Vegetables Excluding Carrots Broccoli And Dark-Green Leafy; Tomato-Based Sauce,Meats,93,8.2,10.72,1.9,1 cup,252,m
Veal Fricassee Puerto Rican Style,Meats,168,16.38,7.24,7.97,1 cup,230,m
Veal Stew With Potatoes And Vegetables Including Carrots Broccoli And/or Dark-Green Leafy; Tomato-Based Sauce,Meats,79,6.34,7.1,2.76,1 cup,252,m
Veal Stew With Potatoes And Vegetables Excluding Carrots Broccoli And/or Dark-Green Leafy; Tomato-Based Sauce,Meats,82,6.18,8.55,2.58,1 cup,252,m
Rabbit Stew With Potatoes And Vegetables,Meats,63,6.97,4.44,1.81,1 cup,252,m
Stewed Rabbit Puerto Rican Style,Meats,210,17.18,6.85,12.44,1 cup/ boneless,219,m
Venison Or Deer Stew With Potatoes And Vegetables Including Carrots Broccoli And/or Dark-Green Leafy; Tomato-Based Sauce,Meats,71,7.52,8.39,0.82,1 cup,252,m
Venison Or Deer Stew With Potatoes And Vegetables Excluding Carrots Broccoli And Dark-Green Leafy; Tomato-Based Sauce,Meats,72,7.79,8.38,0.84,1 cup,252,m
Venison Or Deer Potatoes And Vegetables Including Carrots Broccoli And/or Dark-Green Leafy; Gravy,Meats,126,5.95,11.17,6.5,1 cup,252,m
Venison Or Deer Potatoes And Vegetables Excluding Carrots Broccoli And Dark-Green Leafy; Gravy,Meats,127,6.01,12.31,6.1,1 cup,252,m
Venison Or Deer Noodles And Vegetables Including Carrots Broccoli And/or Dark-Green Leafy; Tomato-Based Sauce,Meats,129,7.43,13.64,5.11,1 cup,249,m
Venison Or Deer Noodles And Vegetables Excluding Carrots Broccoli And Dark-Green Leafy; Tomato-Based Sauce,Meats,133,7.47,14.75,5.11,1 cup,249,m
Chicken Or Turkey Potatoes Corn And Cheese With Gravy,Meats,127,4.72,13.56,6.37,1 kfc bowl,531,m
Chicken Or Turkey Potatoes And Vegetables Including Carrots Broccoli And/or Dark-Green Leafy; No Sauce,Meats,129,6.16,13.29,5.97,1 cup,162,m
Chicken Or Turkey Potatoes And Vegetables Excluding Carrots Broccoli And Dark-Green Leafy; No Sauce,Meats,132,6.21,14.81,5.7,1 cup,162,m
Chicken Or Turkey Potatoes And Vegetables Including Carrots Broccoli And/or Dark-Green Leafy; Gravy,Meats,123,4.72,11.17,6.82,1 cup,252,m
Chicken Or Turkey Potatoes And Vegetables Excluding Carrots Broccoli And Dark-Green Leafy; Gravy,Meats,126,4.75,12.27,6.82,1 cup,252,m
Chicken Or Turkey Potatoes And Vegetables Including Carrots Broccoli And/or Dark-Green Leafy; Cream Sauce White Sauce Or Mushroom Sauce,Meats,125,4.78,11.08,7.11,1 cup,252,m
Chicken Or Turkey Potatoes And Vegetables Excluding Carrots Broccoli And Dark-Green Leafy; Cream Sauce White Sauce Or Mushroom Sauce,Meats,125,4.83,12.15,6.74,1 cup,252,m
Chicken Or Turkey Potatoes And Vegetables Including Carrots Broccoli And/or Dark-Green Leafy; Cheese Sauce,Meats,128,7.54,11.71,5.93,1 cup,252,m
Chicken Or Turkey Potatoes And Vegetables Excluding Carrots Broccoli And Dark-Green Leafy; Cheese Sauce,Meats,132,7.57,12.86,5.93,1 cup,252,m
Chicken Or Turkey Potatoes And Vegetables Including Carrots Broccoli And/or Dark-Green Leafy; Tomato-Based Sauce,Meats,123,4.81,11.09,7.02,1 cup,252,m
Chicken Or Turkey Potatoes And Vegetables Excluding Carrots Broccoli And Dark-Green Leafy; Tomato-Based Sauce,Meats,127,4.84,12.18,7.03,1 cup,252,m
Chicken Or Turkey Stew With Potatoes And Vegetables Including Carrots Broccoli And/or Dark-Green Leafy; Gravy,Meats,75,6.08,7.86,2.3,1 cup,252,m
Chicken Or Turkey Stew With Potatoes And Vegetables Excluding Carrots Broccoli And Dark-Green Leafy; Gravy,Meats,80,6.58,8.58,2.26,1 cup,252,m
Chicken Or Turkey Stew With Potatoes And Vegetables Including Carrots Broccoli And/or Dark-Green Leafy; Tomato-Based Sauce,Meats,80,6.33,9.05,2.38,1 cup,247,m
Chicken Or Turkey Stew With Potatoes And Vegetables Excluding Carrots Broccoli And Dark-Green Leafy; Tomato- Based Sauce,Meats,85,6.83,9.74,2.34,1 cup,247,m
Chicken Or Turkey Noodles And Vegetables Including Carrots Broccoli And/or Dark-Green Leafy; No Sauce,Meats,146,7.95,16.59,5.46,1 cup,162,m
Chicken Or Turkey Noodles And Vegetables Excluding Carrots Broccoli And Dark-Green Leafy; No Sauce,Meats,151,8,18.11,5.41,1 cup,162,m
Chicken Or Turkey Noodles And Vegetables Including Carrots Broccoli And/or Dark-Green Leafy; Gravy,Meats,129,6.08,13.69,5.62,1 cup,224,m
Chicken Or Turkey Noodles And Vegetables Excluding Carrots Broccoli And Dark-Green Leafy; Gravy,Meats,129,6.13,14.86,5.2,1 cup,224,m
Chicken Or Turkey Noodles And Vegetables Including Carrots Broccoli And/or Dark-Green Leafy; Cream Sauce White Sauce Or Mushroom Sauce,Meats,128,6.06,13.46,5.63,1 cup,224,m
Chicken Or Turkey Noodles And Vegetables Excluding Carrots Broccoli And/or Dark-Green Leafy; Cream Sauce White Sauce Or Mushroom Sauce,Meats,131,6.09,14.49,5.63,1 cup,224,m
Chicken Or Turkey Noodles And Vegetables Including Carrots Broccoli And/or Dark-Green Leafy; Tomato-Based Sauce,Meats,129,6.16,13.58,5.84,1 cup,224,m
Chicken Or Turkey Noodles And Vegetables Excluding Carrots Broccoli And Dark-Green Leafy; Tomato-Based Sauce,Meats,133,6.19,14.69,5.84,1 cup,224,m
Chicken Or Turkey Noodles And Vegetables Including Carrots Broccoli And/or Dark-Green Leafy; Cheese Sauce,Meats,145,8.9,14.16,5.97,1 cup,244,m
Chicken Or Turkey Noodles And Vegetables Excluding Carrots Broccoli And Dark-Green Leafy; Cheese Sauce,Meats,149,8.93,15.32,5.97,1 cup,244,m
Chicken Or Turkey Rice And Vegetables Including Carrots Broccoli And/or Dark-Green Leafy; No Sauce,Meats,150,6.78,18.2,5.47,1 cup,162,m
Chicken Or Turkey Rice And Vegetables Excluding Carrots Broccoli And Dark-Green Leafy; No Sauce,Meats,151,6.85,19.78,4.96,1 cup,162,m
Chicken Or Turkey Rice And Vegetables Including Carrots Broccoli And/or Dark-Green Leafy; Gravy,Meats,132,5.21,14.89,5.66,1 cup,252,m
Chicken Or Turkey Rice And Vegetables Excluding Carrots Broccoli And Dark-Green Leafy; Gravy,Meats,134,5.25,16.03,5.46,1 cup,252,m
Chicken Or Turkey Rice Corn And Cheese With Gravy,Meats,153,5.87,14.84,8.1,1 kfc bowl,384,m
Chicken Or Turkey Rice And Vegetables Including Carrots Broccoli And/or Dark-Green Leafy; Cream Sauce White Sauce Or Mushroom Sauce,Meats,130,5.26,14.58,5.67,1 cup,252,m
Chicken Or Turkey Rice And Vegetables Excluding Carrots Broccoli And Dark-Green Leafy; Cream Sauce White Sauce Or Mushroom Sauce,Meats,131,5.31,15.67,5.28,1 cup,252,m
Chicken Or Turkey Rice And Vegetables Including Carrots Broccoli And/or Dark-Green Leafy; Cheese Sauce,Meats,142,8.05,15.54,5.15,1 cup,249,m
Chicken Or Turkey Rice And Vegetables Excluding Carrots Broccoli And Dark-Green Leafy; Cheese Sauce,Meats,146,8.09,16.69,5.16,1 cup,249,m
Chicken Or Turkey Rice And Vegetables Including Carrots Broccoli And/or Dark-Green Leafy; Tomato-Based Sauce,Meats,129,5.32,14.84,5.47,1 cup,249,m
Chicken Or Turkey Rice And Vegetables Excluding Carrots Broccoli And Dark-Green Leafy; Tomato-Based Sauce,Meats,133,5.35,15.94,5.48,1 cup,249,m
Chicken Or Turkey Stuffing And Vegetables Including Carrots Broccoli And/or Dark-Green Leafy; No Sauce,Meats,159,7.12,13.28,8.74,1 cup,162,m
Chicken Or Turkeystuffing And Vegetables Excluding Carrots Broccoli And Dark Green Leafy; No Sauce,Meats,165,7.17,14.85,8.75,1 cup,162,m
Chicken Or Turkey Stuffing And Vegetables Including Carrots Broccoli And/or Dark-Green Leafy; Gravy,Meats,131,5.46,11.27,7.18,1 cup,244,m
Chicken Or Turkey Stuffing And Vegetables Excluding Carrots Broccoli And Dark-Green Leafy; Gravy,Meats,128,5.22,11.81,6.82,1 cup,244,m
Chicken Or Turkey Dumplings And Vegetables Including Carrots Broccoli And/or Dark Green Leafy; Gravy,Meats,126,5.53,11.52,6.57,1 cup,249,m
Chicken Or Turkey Dumplings And Vegetables Excluding Carrots Broccoli And Dark Green Leafy; Gravy,Meats,127,5.58,12.69,6.16,1 cup,249,m
Chicken Fricassee Puerto Rican Style,Meats,170,12.16,7.15,10.49,1 cup/ boneless,223,m
Stew Nfs,Meats,90,5.23,8.25,3.96,1 cup,252,m
Goulash Nfs,Meats,161,15.3,8.7,7.43,1 cup,249,m
Brunswick Stew,Meats,120,11.36,7.48,5.07,1 cup,243,m
Stewed Variety Meats Mostly Liver Puerto Rican Style,Meats,110,15.78,5.7,2.48,1 cup,165,m
Stewed Tripe With Potatoes Puerto Rican Style,Meats,108,8.58,9.46,4.02,1 cup,280,m
Beef And Vegetables Including Carrots Broccoli And/or Dark-Green Leafy; No Potatoes No Sauce,Meats,116,11.41,3,6.73,1 cup,162,m
Beef And Vegetables Excluding Carrots Broccoli And Dark-Green Leafy; No Potatoes No Sauce,Meats,120,10.03,5.16,7.09,1 cup,162,m
Beef Shish Kabob With Vegetables Excluding Potatoes,Meats,120,14.71,5,4.88,1 shishkabob,202,m
Beef With Vegetables Including Carrots Broccoli And/or Dark-Green Leafy; No Potatoes Tomato-Based Sauce,Meats,110,8.24,4.48,6.99,1 cup,249,m
Swiss Steak,Meats,131,10.82,3.55,8.05,1 cup,249,m
Beef Rolls Stuffed With Vegetables Or Meat Mixture Tomato-Based Sauce,Meats,203,20.37,6.22,10.16,1 beef roll,134,m
Beef With Vegetables Excluding Carrots Broccoli And Dark-Green Leafy; No Potatoes Tomato-Based Sauce,Meats,114,7.67,5.96,7.18,1 cup,249,m
Beef With Vegetables Including Carrots Broccoli And/or Dark-Green Leafy; No Potatoes Mushroom Sauce,Meats,114,7.79,5.24,7.14,1 cup,252,m
Beef With Vegetables Excluding Carrots Broccoli And Dark-Green Leafy; No Potatoes Mushroom Sauce,Meats,120,7.84,6.97,7.14,1 cup,252,m
Beef And Vegetables Hawaiian Style,Meats,84,4.47,14.48,1.44,1 cup,252,m
Pepper Steak,Meats,143,11.84,4.36,8.99,1 cup,217,m
Beef Ground With Egg And Onion,Meats,228,21.86,1.05,14.53,1 cup,190,m
Beef Salad,Meats,260,17.9,2.82,19.32,1 cup,182,m
Beef And Vegetables Including Carrots Broccoli And/or Dark-Green Leafy; No Potatoes Gravy,Meats,115,8.06,4.5,7.34,1 cup,252,m
Beef And Vegetables Excluding Carrots Broccoli And Dark-Green Leafy; No Potatoes Gravy,Meats,121,8.11,6.47,7.34,1 cup,252,m
Seasoned Shredded Soup Meat,Meats,205,18.24,3.64,12.68,1 cup,133,m
Beef Stew With Vegetables Excluding Potatoes Puerto Rican Style,Meats,213,15.04,6.85,13.9,1 cup,195,m
Corned Beef With Tomato Sauce And Onion Puerto Rican Style,Meats,199,19.19,2.04,12.31,1 cup,235,m
Beef Steak With Onions Puerto Rican Style,Meats,319,20.96,3.94,23.84,1 cup,179,m
Cabbage With Ham Hocks,Meats,68,7.93,4.14,2.46,1 cup,200,m
Ham Or Pork Salad,Meats,230,13.31,2.75,18.09,1 cup,182,m
Frankfurters Or Hot Dogs And Sauerkraut,Meats,212,7.93,3.57,18.28,1 frankfurter with sauerkraut,120,m
Pork And Vegetables Including Carrots Broccoli And/or Dark-Green Leafy; No Potatoes No Sauce,Meats,123,11.2,3.14,7.27,1 cup,162,m
Pork Hash,Meats,188,13.01,2.82,13.62,1 cup,190,m
Ham And Vegetables Including Carrots Broccoli And/or Dark- Green Leafy; No Potatoes No Sauce,Meats,114,7.45,2.59,8.28,1 cup,162,m
Ham And Vegetables Excluding Carrots Broccoli And Dark-Green Leafy; No Potatoes No Sauce,Meats,119,7.56,5.12,7.83,1 cup,162,m
Pork And Vegetables Excluding Carrots Broccoli And Dark-Green Leafy; No Potatoes No Sauce,Meats,124,10.07,5.52,7.03,1 cup,162,m
Pork And Vegetables Including Carrots Broccoli And/or Dark-Green Leafy; No Potatoes Tomato-Based Sauce,Meats,111,7.76,4.48,7.13,1 cup,249,m
Pork And Vegetables Excluding  Carrots Broccoli And Dark-Green Leafy; No Potatoes Tomato-Based Sauce,Meats,117,7.81,6.44,7.14,1 cup,249,m
Sausage And Vegetables Including  Carrots Broccoli And/or Dark-Green Leafy; No Potatoes Tomato-Based Sauce,Meats,113,5.56,4.94,8.34,1 cup,249,m
Sausage And Vegetables Excluding Carrots Broccoli And Dark-Green Leafy; No Potatoes Tomato-Based Sauce,Meats,120,5.62,6.94,8.34,1 cup,249,m
Sausage And Peppers No Sauce,Meats,267,14.69,4.86,20.71,1 cup,154,m
Pork Shish Kabob With Vegetables Excluding Potatoes,Meats,123,13.78,5,5.16,1 shishkabob,202,m
Stuffed Christophine Puerto Rican Style,Meats,213,12.62,4.44,16.01,"1/2 chayote (4-1/2"" long x 4"" wide x 1"" thick) (without shell)",137,m
Pork Chop Stewed With Vegetables Puerto Rican Style,Meats,94,10.84,6.11,3.04,1 cup,235,m
Lamb Or Mutton Stew With Vegetables Including Carrots Broccoli And/or Dark-Green Leafy; No Potatoes Gravy,Meats,117,13.52,6.37,3.79,1 cup,252,m
Lamb Or Mutton Stew With Vegetables Excluding Carrots Broccoli And Dark-Green Leafy; No Potatoes Gravy,Meats,109,13.4,4.64,3.81,1 cup,252,m
Veal Goulash With Vegetables Excluding Carrots Broccoli And Dark-Green Leafy; No Potatoes Tomato-Based Sauce,Meats,96,12.59,2.79,3.61,1 cup,252,m
Veal Goulash With Vegetables Including Carrots Broccoli And/or Dark-Green Leafy; No Potatoes Tomato-Based Sauce,Meats,98,12.96,2.59,3.74,1 cup,252,m
Veal With Vegetables Including Carrots Broccoli And/or Dark-Green Leafy; No Potatoes Cream Or White Sauce,Meats,123,9.34,5.46,7.02,1 cup,241,m
Veal With Vegetables Excluding Carrots Broccoli And Dark-Green Leafy; And Potatoes Cream Or White Sauce,Meats,125,10.6,6.54,6.42,1 cup,241,m
Lamb Shish Kabob With Vegetables Excluding Potatoes,Meats,120,12.12,5,5.68,1 shishkabob,202,m
Chicken Or Turkey And Vegetables Including Carrots Broccoli And/or Dark-Green Leafy; No Potatoes No Sauce,Meats,117,9.66,2.88,7.78,1 cup,162,m
Chicken Or Turkey And Vegetables Excluding Carrots Broccoli And Dark-Green Leafy; No Potatoes No Sauce,Meats,123,8.72,5.08,7.96,1 cup,162,m
Chicken Or Turkey Shish Kabob With Vegetables Excluding Potatoes,Meats,103,12.95,5,3.69,1 shishkabob,202,m
Chicken Or Turkey Creole Without Rice,Meats,103,13.82,2.96,4.22,1 cup,246,m
Chicken Or Turkey And Vegetables Including Carrots Broccoli And/or Dark-Green Leafy; No Potatoes Gravy,Meats,111,7.1,4.47,7.44,1 cup,252,m
Chicken Or Turkey And Vegetables Excluding Carrots Broccoli And Dark-Green Leafy; No Potatoes Gravy,Meats,118,7.16,6.43,7.45,1 cup,252,m
Chicken Or Turkey A La King With Vegetables Including Carrots Broccoli And/or Dark-Green Leafy; No Potatoes Cream White Or Soup-Based Sauce,Meats,186,9.35,6.61,13.75,1 cup,241,m
Chicken Or Turkey A La King With Vegetables Excluding Carrorts Broccoli And Dark-Green Leafy; No Potatoes Cream White Or Soup-Based Sauce,Meats,180,9.52,6.18,13.3,1 cup,241,m
Chicken Or Turkey Divan,Meats,140,15.44,4.05,7.23,1 cup,236,m
Chicken Or Turkey And Vegetables Including Carrots Broccoli And/or Dark-Green Leafy; No Potatoes Tomato-Based Sauce,Meats,112,7.23,4.42,7.8,1 cup,249,m
Chicken Or Turkey And Vegetables Excluding Carrots Broccoli And Dark-Green Leafy; No Potatoes Tomato-Based Sauce,Meats,119,7.28,6.35,7.81,1 cup,249,m
Chicken Or Turkey Salad Made With Mayonnaise,Meats,235,13.97,2.8,18.76,1 cup,226,m
Chicken Or Turkey Salad With Nuts And/or Fruits,Meats,230,12.49,5.82,17.87,1 cup,226,m
Chicken Or Turkey Salad With Egg,Meats,228,13.85,2.66,18.06,1 cup,226,m
Chicken Or Turkey Salad Made With Light Mayonnaise,Meats,145,13.6,4.68,8.15,1 cup,226,m
Chicken Or Turkey Salad Made With Mayonnaise-Type Salad Dressing,Meats,148,13.72,5.87,7.95,1 cup,226,m
Chicken Or Turkey Salad Made With Light Mayonnaise-Type Salad Dressing,Meats,145,13.6,4.68,8.15,1 cup,226,m
Chicken Or Turkey Salad Made With Creamy Dressing,Meats,188,13.81,3.94,13.09,1 cup,226,m
Chicken Or Turkey Salad Made With Light Creamy Dressing,Meats,128,13.79,4.2,6.36,1 cup,226,m
Chicken Or Turkey Salad Made With Italian Dressing,Meats,145,13.67,5.29,7.84,1 cup,226,m
Chicken Or Turkey Salad Made With Light Italian Dressing,Meats,115,13.6,4.85,4.71,1 cup,226,m
Chicken Or Turkey Salad Made With Any Type Of Fat Free Dressing,Meats,111,13.37,6.21,3.81,1 cup,226,m
Chicken Or Turkey Garden Salad Chicken And/or Turkey Tomato And/or Carrots Other Vegetables No Dressing,Meats,62,10.19,2.94,1.33,1 cup,90,m
Chicken Or Turkey Garden Salad Chicken And/or Turkey Other Vegetables Excluding Tomato And Carrots No Dressing,Meats,64,10.96,2.52,1.42,1 cup,90,m
Chicken Or Turkey Garden Salad With Bacon And Cheese Chicken And/or Turkey Bacon Cheese Lettuce And/or Greens Tomato And/or Carrots Other Vegetables No Dressing,Meats,109,11.71,2.9,5.55,1 cup,90,m
Chicken Or Turkey Breaded Fried Garden Salad With Bacon And Cheese Chicken And/or Turkey Bacon Cheese Lettuce And/or Greens Tomato And/or Carrots Other Vegetables No Dressing,Meats,120,6.86,6.22,7.69,1 cup,90,m
Chicken Or Turkey Garden Salad With Cheese Chicken And/or Turkey Cheese Lettuce And/or Greens Tomato And/or Carrots Other Vegetables No Dressing,Meats,96,11.08,2.92,4.45,1 cup,90,m
Chicken Or Turkey Breaded Fried Garden Salad With Cheese Chicken And/or Turkey Cheese Lettuce And/or Greens Tomato And/or Carrots Other Vegetables No Dressing,Meats,120,6.54,6.38,7.83,1 cup,90,m
Asian Chicken Or Turkey Garden Salad Chicken And/or Turkey Lettuce Fruit Nuts No Dressing,Meats,127,11.31,10.12,5.02,1 cup,90,m
Asian Chicken Or Turkey Garden Salad With Crispy Noodles Chicken And/or Turkey Lettuce Fruit Nuts Crispy Noodles No Dressing,Meats,121,11.11,8.24,5.14,1 cup,90,m
Chicken Or Turkey Caesar Garden Salad Chicken And/or Turkey Lettuce Tomato Cheese No Dressing,Meats,65,9.55,2.56,1.88,1 cup,90,m
Chicken Or Turkey Breaded Fried Caesar Garden Salad Chicken And/or Turkey Lettuce Tomatoes Cheese No Dressing,Meats,112,6.62,6.67,6.79,1 salad,314,m
Chicken Or Turkey And Vegetables Including Carrots Broccoli And/or Dark-Green Leafy; No Potatoes Cheese Sauce,Meats,119,9.83,3.88,7.24,1 cup,249,m
Chicken Or Turkey And Vegetables Excluding Carrots Broccoli And Dark-Green Leafy; No Potatoes Cheese Sauce,Meats,124,9.87,5.54,7.24,1 cup,249,m
Chicken Or Turkey Fricassee With Sauce No Potatoes Potatoes Reported Separately Puerto Rican Style,Meats,179,14.04,2.55,12.83,1 cup,223,m
Chicken Or Turkey Fricassee No Sauce No Potatoes Puerto Rican Style,Meats,198,25.2,0,10.85,1 cup,223,m
Julienne Salad Meat Cheese Eggs Vegetables No Dressing,Meats,111,10.92,2.71,6.24,1 cup,76,m
Antipasto With Ham Fish Cheese Vegetables,Meats,155,11.71,4.29,10.1,1 cup,115,m
Livers Chicken Chopped With Eggs And Onion,Meats,226,12.89,2.87,17.69,1 cup,208,m
Liver Beef Or Calves And Onions,Meats,129,16.67,6.97,3.61,1 slice with onions,143,m
Stewed Chitterlings Puerto Rican Style,Meats,212,8.48,4.01,18.32,1 cup,240,m
Stewed Gizzards Puerto Rican Style,Meats,180,20.24,4.39,8.77,1 cup,260,m
Sausage Balls Made With Biscuit Mix And Cheese,Meats,394,17.16,23.16,25.71,1 ball,14,m
Frozen Dinner Nfs,Meats,147,6.93,11.24,8.42,1 meal (11 oz),312,m
Beef Dinner NFS Frozen Meal,Meats,147,6.93,11.24,8.42,1 meal (11 oz),312,m
Beef With Vegetable Diet Frozen Meal,Meats,125,10.64,4.68,6.95,1 meal (10 oz),284,m
Sirloin Chopped With Gravy Mashed Potatoes Vegetable Frozen Meal,Meats,155,7.92,13.12,7.99,1 meal (10.5 oz),298,m
Sirloin Tips With Gravy Potatoes Vegetable Frozen Meal,Meats,113,8.29,7.03,5.68,1 meal (10 oz),284,m
Sirloin Beef With Gravy Potatoes Vegetable Frozen Meal,Meats,85,8.39,6.46,2.82,1 meal (11 oz),312,m
Salisbury Steak Dinner NFS Frozen Meal,Meats,147,6.93,11.24,8.42,1 meal (11 oz),312,m
Salisbury Steak With Gravy Potatoes Vegetable Frozen Meal,Meats,147,6.93,11.24,8.42,1 armour meal (11 oz),312,m
Salisbury Steak With Gravy Whipped Potatoes Vegetable Dessert Frozen Meal,Meats,140,7.66,12.25,6.74,1 swanson salisbury steak dinner (11 oz),312,m
Salisbury Steak With Gravy Potatoes Vegetable Soup Or Macaroni And Cheese Dessert Frozen Meal,Meats,111,6.67,9.73,4.98,1 meal (15.5 oz),439,m
Salisbury Steak With Gravy Potatoes Vegetable Dessert Frozen Meal,Meats,169,11.27,13.72,7.54,1 meal (16.5 oz),468,m
Salisbury Steak With Gravy Macaroni And Cheese Vegetable Frozen Meal,Meats,146,6.69,11.09,8.45,1 meal (11.5 oz),326,m
Salisbury Steak With Gravy Macaroni And Cheese Frozen Meal,Meats,202,10.35,20.44,8.47,1 meal (10 oz),284,m
Salisbury Steak Potatoes Vegetable Dessert Diet Frozen Meal,Meats,92,4.73,12.64,2.78,No data available,No data available,m
Beef Sliced With Gravy Potatoes Vegetable Frozen Meal,Meats,125,8.12,6.59,7.28,No data available,No data available,m
Beef Short Ribs Boneless With Barbecue Sauce Potatoes Vegetable Frozen Meal,Meats,151,9.12,15.75,5.69,1 meal (10.5 oz),298,m
Meatballs Swedish In Sauce With Noodles Frozen Meal,Meats,192,11.21,12.87,10.22,1 meal (10 oz),284,m
Meatballs Swedish In Gravy With Noodles Diet Frozen Meal,Meats,112,9.67,10.57,3.35,1 meal (9.1 oz),258,m
Salisbury Steak Baked With Tomato Sauce Vegetable Diet Frozen Meal,Meats,106,8.84,4.86,5.64,1 meal (9.5 oz),269,m
Beef With Spaetzle Or Rice Vegetable Frozen Meal,Meats,119,7.01,12.49,4.35,No data available,No data available,m
Veal Dinner NFS Frozen Meal,Meats,129,6.36,11.91,6.26,1 meal (11 oz),312,m
Veal Breaded With Spaghetti In Tomato Sauce Frozen Meal,Meats,129,6.36,11.91,6.26,No data available,No data available,m
Veal Parmigiana With Vegetable Fettuccine Alfredo Dessert Frozen Meal,Meats,140,6.14,13.46,7.01,1 meal (12.75 oz),361,m
Chicken Dinner NFS Frozen Meal,Meats,129,8.9,13.25,4.3,1 meal (11 oz),312,m
Chicken Divan Frozen Meal,Meats,152,9.34,6.53,9.69,1 meal (9.5 oz),269,m
Chicken Boneless With Gravy Dressing Rice Vegetable Dessert Frozen Meal,Meats,174,9.27,20.9,5.7,1 meal (17.75 oz ),503,m
Chicken And Noodles With Vegetable Dessert Frozen Meal,Meats,136,5.67,17.75,4.76,1 meal (10.25 oz),291,m
Chicken Fried With Potatoes Vegetable Frozen Meal,Meats,169,10.51,10.64,9.13,1 meal (11 oz),312,m
Chicken Patty Or Nuggets Boneless Breaded Potatoes Vegetable Frozen Meal,Meats,204,10.71,17.58,10.42,No data available,No data available,m
Chicken Patty Breaded With Tomato Sauce And Cheese Fettuccine Alfredo Vegetable Frozen Meal,Meats,122,9.4,8.45,5.65,No data available,No data available,m
Chicken Patty Or Nuggets Boneless Breaded With Pasta And Tomato Sauce Fruit Dessert Frozen Meal,Meats,178,5.09,23.46,7.4,1 meal (6.80 oz),193,m
Chicken Fried With Potatoes Vegetable Dessert Frozen Meal,Meats,175,9.98,13.46,8.82,1 swanson meal (11 oz),312,m
Chicken Fried With Potatoes Vegetable Dessert Frozen Meal Large Meat Portion,Meats,211,11.35,18.02,10.66,1 banquet meal (16.5 oz),468,m
Chicken Patty Parmigiana Breaded With Vegetable Diet Frozen Meal,Meats,135,9.6,6.81,7.8,1 meal (8 oz),226,m
Chicken With Rice And Vegetable Diet Frozen Meal,Meats,115,10.41,10.43,3.3,1 meal (8.5 oz),241,m
Chicken A La King With Rice Frozen Meal,Meats,160,6.82,14.89,8.14,1 stouffer's meal (9.5 oz),269,m
Chicken And Vegetables In Cream Or White Sauce Diet Frozen Meal,Meats,96,10.58,5.93,3.16,1 meal (9 oz),255,m
Chicken And Vegetables Au Gratin With Rice Diet Frozen Entree,Meats,123,11.29,7.38,5.21,1 entree (9.1 oz),258,m
Chicken And Vegetable Entree With Rice Diet Frozen Meal,Meats,189,12.66,23,5.62,1 meal (9 oz),255,m
Chicken With Noodles And Cheese Sauce Diet Frozen Meal,Meats,119,10.9,11.67,2.86,1 healthy choice meal (8.5 oz),241,m
Chicken Cacciatore With Noodles Diet Frozen Meal,Meats,103,7.5,10.92,3.2,No data available,No data available,m
Chicken And Vegetable Entree With Noodles Frozen Meal,Meats,102,7.23,13.58,2.12,1 meal (10 oz),284,m
Chicken And Vegetable Entree With Noodles Diet Frozen Meal,Meats,84,7.48,9.11,1.99,No data available,No data available,m
Chicken In Cream Sauce With Noodles And Vegetable Frozen Meal,Meats,129,8.9,13.25,4.3,1 meal (12 oz),340,m
Chicken In Butter Sauce With Potatoes And Vegetable Diet Frozen Meal,Meats,119,18.79,4.48,2.46,1 meal (9.25 oz),262,m
Chicken In Mushroom Sauce White And Wild Rice Vegetable Frozen Meal,Meats,126,8.22,10.61,5.67,1 meal (10.75 oz),305,m
Chicken And Vegetable Entree With Noodles And Cream Sauce Frozen Meal,Meats,124,8.6,10.59,5.17,1 meal (10 oz),284,m
Turkey With Gravy Dressing Vegetable And Fruit Diet Frozen Meal,Meats,109,6.85,17.94,1.58,1 meal (10.5 oz),298,m
Turkey With Vegetable Stuffing Diet Frozen Meal,Meats,95,9.29,10.54,1.82,1 weight watchers meal (8.5 oz),241,m
Turkey With Gravy Dressing Potatoes Vegetable Dessert Frozen Meal,Meats,102,6.45,12.07,3.09,1 meal (18.5 oz),524,m
Turkey Tetrazzini Frozen Meal,Meats,139,7.98,12.56,6.16,1 meal (10 oz),284,m
Meat Loaf Dinner NFS Frozen Meal,Meats,131,6.61,9.65,7.4,1 meal (11 oz),312,m
Meat Loaf With Potatoes Vegetable Frozen Meal,Meats,131,6.61,9.65,7.4,No data available,No data available,m
Stuffed Cabbage With Meat And Tomato Sauce Diet Frozen Meal,Meats,78,5.55,6.93,3.13,1 meal (10.75 oz),305,m
Kibby Puerto Rican Style,Meats,168,8.76,17.99,7.2,"1 fritter (3"" x 3"" x 1/2"")",55,m
Hayacas Puerto Rican Style,Meats,155,5.84,9.39,10.62,"1 hallaca (5-3/4"" x 2-1/2"" x 1/2"")",95,m
Chicken Cornbread,Meats,167,13.81,9.34,8.14,"1 piece (2-1/2"" x 2-1/2"" x 1-1/2"")",67,m
Adobo With Noodles,Meats,172,17.48,8.16,7.1,1 cup,224,m
Adobo With Rice,Meats,181,18.3,8.88,7.37,1 cup,244,m
Beef And Noodles With Meat Sauce And Cheese Diet Frozen Meal,Meats,133,9.22,13.25,4.77,1 meal (11.25 oz),319,m
Sausage And French Toast Frozen Meal,Meats,223,11.53,18.83,11.22,1 meal (6.5 oz),184,m
Pancakes And Sausage Frozen Meal,Meats,270,8.86,27.72,13.7,1 meal (6 oz),170,m
Potato Chicken Pie Puerto Rican Style,Meats,352,15.07,23.77,22.18,"1/4 of 9"" dia pie",230,m
Ripe Plantain Meat Pie Puerto Rican Style,Meats,323,12.45,21.9,21.59,"1 piece (4"" x 2"" x 2"")",190,m
Cassava Pasteles Puerto Rican Style,Meats,254,6.68,19.02,16.96,"1 pastel (6"" x 2"" x 1/2"")",145,m
Stuffed Tannier Fritters Puerto Rican Style,Meats,383,11.62,19.67,29.18,"1 small (4"" x 1"" x 1/2"")",24,m
Puerto Rican Pasteles,Meats,210,7.09,17.5,12.99,"1 pastel (5-1/2"" x 2-1/4"" x 1/4"")",149,m
Stuffed Cabbage With Meat Puerto Rican Style,Meats,209,9.51,8.21,15.76,1 cup,234,m
Stuffed Cabbage With Meat And Rice Syrian Dish Puerto Rican Style,Meats,83,3.23,10.82,3.25,1 cabbage roll,110,m
Eggplant And Meat Casserole,Meats,98,7.03,5.48,5.47,"1 moussaka (8"" square)",915,m
Spanish Stew,Meats,87,6.69,8.01,3.21,1 cup,242,m
Puerto Rican Stew,Meats,146,7.75,14.15,6.61,1 cup/ with bone (yield after bone removed),214,m
