Seaweed Canadian Cultivated Emi-Tsunomata Dry,Vegetables,259,15.34,46.24,1.39,1/4 cup,5
Seaweed Canadian Cultivated Emi-Tsunomata Rehydrated,Vegetables,31,1.86,5.62,0.17,1/4 cup,25
Potatoes Hash Brown Refrigerated Unprepared,Vegetables,84,1.75,19.16,0.08,1 cup unprepared,159
Potatoes Hash Brown Refrigerated Prepared Pan-Fried In Canola Oil,Vegetables,242,3.24,33.99,10.3,1 cup prepared,130
Sweet Potatoes French Fried Frozen As Packaged Salt Added In Processing,Vegetables,182,2.16,35.58,8.92,12 fries,51
Tomato And Vegetable Juice Low Sodium,Vegetables,22,0.6,4.59,0.1,1 cup,242
Hearts Of Palm Raw,Vegetables,115,2.7,25.61,0.2,No data available,No data available
Sweet Potatoes French Fried Crosscut Frozen Unprepared,Vegetables,209,1.7,25.52,11.1,3 oz,85
Sweet Potato Puffs Frozen Unprepared,Vegetables,161,1.36,30.72,3.58,3 oz,85
Turnip Greens Canned No Salt Added,Vegetables,19,1.36,2.81,0.3,1 cup,144
Alfalfa Sprouts,Vegetables,23,3.99,2.1,0.69,1 cup,33
Amaranth Leaves Raw,Vegetables,23,2.46,4.02,0.33,1 cup,28
Artichokes (Globe Or French) Cooked Boiled Drained Without Salt,Vegetables,53,2.89,11.95,0.34,1 artichoke/ medium,120
Artichokes (Globe Or French) Frozen Unprepared,Vegetables,38,2.63,7.75,0.43,1/3 package,84
Cooked Artichokes (Globe Or French),Vegetables,45,3.11,9.18,0.5,1 cup,168
Asparagus,Vegetables,20,2.2,3.88,0.12,1 cup,134
Asparagus (Cooked),Vegetables,22,2.4,4.11,0.22,1/2 cup,90
Balsam-Pear (Bitter Gourd) Leafy Tips Raw,Vegetables,30,5.3,3.29,0.69,1 leaf,4
Balsam-Pear (Bitter Gourd) Leafy Tips Cooked Boiled Drained Without Salt,Vegetables,34,3.6,6.68,0.2,1 cup,58
Bitter Melon,Vegetables,17,1,3.7,0.17,1 cup (1/2 inch pieces),93
Bitter Melon (Cooked),Vegetables,19,0.84,4.32,0.18,1 cup (1/2 inch pieces),124
Beans Kidney Mature Seeds Sprouted Cooked Boiled Drained Without Salt,Vegetables,33,4.83,4.72,0.58,No data available,No data available
Lima Beans Immature Seeds Raw,Vegetables,113,6.84,20.17,0.86,1 cup,156
Corn Sweet Yellow Canned Drained Solids Rinsed With Tap Water,Vegetables,64,2.18,13.02,1.43,1 cup drained/ rinsed,150
Corn Sweet Yellow Frozen Kernels Cut Off Cob Unprepared,Vegetables,88,3.02,20.71,0.78,1 cup,136
Corn Sweet Yellow Frozen Kernels Cut Off Cob Boiled Drained Without Salt,Vegetables,81,2.55,19.3,0.67,1 cup,165
Corn Sweet Yellow Frozen Kernels On Cob Unprepared,Vegetables,98,3.28,23.5,0.78,1 cup kernels,165
Corn Sweet Yellow Frozen Kernels On Cob Cooked Boiled Drained Without Salt,Vegetables,94,3.11,22.33,0.74,1 cup kernels,165
Cowpeas (Blackeyes) Immature Seeds Frozen Unprepared,Vegetables,139,8.98,25.13,0.7,1 cup,160
Cowpeas (Blackeyes) Immature Seeds Frozen Cooked Boiled Drained Without Salt,Vegetables,132,8.49,23.76,0.66,1 cup,170
Cowpeas Young Pods With Seeds Raw,Vegetables,44,3.3,9.5,0.3,1 cup,94
Cowpeas Leafy Tips Cooked Boiled Drained Without Salt,Vegetables,22,4.67,2.8,0.1,1 cup/ chopped,53
Garden Cress,Vegetables,32,2.6,5.5,0.7,1 cup,50
Cooked Garden Cress,Vegetables,23,1.9,3.8,0.6,1 cup,135
Cucumber,Vegetables,15,0.65,3.63,0.11,1/2 cup slices,52
Edamame Frozen Unprepared,Vegetables,109,11.22,7.61,4.73,1 cup,118
Endive,Vegetables,17,1.25,3.35,0.2,1/2 cup/ chopped,25
Cooked Escarole,Vegetables,15,1.15,3.07,0.18,1 cup,150
Gourd Dishcloth (Towelgourd) Raw,Vegetables,20,1.2,4.35,0.2,1 cup (1 inch pieces),95
Gourd Dishcloth (Towelgourd) Cooked Boiled Drained Without Salt,Vegetables,56,0.66,14.34,0.34,1 cup (1 inch pieces),178
Drumstick Leaves Raw,Vegetables,64,9.4,8.28,1.4,1 cup/ chopped,21
Drumstick Leaves Cooked Boiled Drained Without Salt,Vegetables,60,5.27,11.15,0.93,1 cup/ chopped,42
Pepeao Dried,Vegetables,298,4.82,81.03,0.44,1 cup,24
Jute Potherb Raw,Vegetables,34,4.65,5.8,0.25,1 cup,28
Jute Potherb (Molokhiya) (Cooked),Vegetables,37,3.68,7.29,0.2,1 cup,87
Kale,Vegetables,35,2.92,4.42,1.49,1 cup 1 inch pieces/ loosely packed,16
Chantarelle Mushrooms,Vegetables,32,1.49,6.86,0.53,1 cup,54
Morel Mushrooms,Vegetables,31,3.12,5.1,0.57,1 cup,66
Kohlrabi,Vegetables,27,1.7,6.2,0.1,1 cup,135
Cooked Kohlrabi,Vegetables,29,1.8,6.69,0.11,1 cup slices,165
Cooked Leeks,Vegetables,31,0.81,7.62,0.2,1 leek,124
Lentil Sprouts,Vegetables,106,8.96,22.14,0.55,1 cup,77
Cooked Lentil Sprouts,Vegetables,101,8.8,21.25,0.45,No data available,No data available
Butterhead Lettuce,Vegetables,13,1.35,2.23,0.22,1 cup/ shredded or chopped,55
Cooked Lotus Root,Vegetables,66,1.58,16.02,0.07,1/2 cup,60
Red Leaf Lettuce,Vegetables,13,1.33,2.26,0.22,1 cup shredded,28
Mountain Yam Hawaii Raw,Vegetables,67,1.34,16.3,0.1,1/2 cup/ cubes,68
Cooked Hawaiin Mountain Yam,Vegetables,82,1.73,20,0.08,1 cup/ cubes,145
Cremini Mushrooms,Vegetables,22,2.5,4.3,0.1,1 cup whole,87
Mushrooms Shiitake Stir-Fried,Vegetables,39,3.45,7.68,0.35,1 cup whole,89
Dried Shiitake Mushrooms,Vegetables,296,9.58,75.37,0.99,1 mushroom,3.6
Cooked Shiitake Mushrooms,Vegetables,56,1.56,14.39,0.22,1 cup pieces,145
Mustard Spinach,Vegetables,22,2.2,3.9,0.3,1 cup/ chopped,150
Cooked Mustard Spinach,Vegetables,16,1.7,2.8,0.2,1 cup/ chopped,180
New Zealand Spinach,Vegetables,14,1.5,2.5,0.2,1 cup/ chopped,56
Cooked New Zealand Spinach,Vegetables,12,1.3,2.13,0.17,1 cup/ chopped,180
Potatoes French Fried All Types Salt Added In Processing Frozen Unprepared,Vegetables,147,2.24,24.81,4.66,10 strip,89
USDA Commodity Potato Wedges Frozen,Vegetables,129,2.7,25.46,2.2,No data available,No data available
Potatoes French Fried Steak Fries Salt Added In Processing Frozen As Purchased,Vegetables,130,2.19,23.51,3.39,10 strip,153
Potatoes French Fried Steak Fries Salt Added In Processing Frozen Oven-Heated,Vegetables,148,2.57,26.98,3.76,10 strip,133
Potato Flour,Vegetables,357,6.9,83.1,0.34,1 cup,160
Pumpkin Leaves (Cooked),Vegetables,21,2.72,3.39,0.22,1 cup,71
Pumpkin Raw,Vegetables,26,1,6.5,0.1,1 cup (1 inch cubes),116
Cooked Pumpkin,Vegetables,20,0.72,4.9,0.07,1 cup/ mashed,245
Canned Pumpkin,Vegetables,34,1.1,8.09,0.28,1 cup,245
Oriental Radishes,Vegetables,18,0.6,4.1,0.1,1 cup slices,116
Cooked Oriental Radishes,Vegetables,17,0.67,3.43,0.24,1 cup/ sliced,147
Radishes Oriental Dried,Vegetables,271,7.9,63.37,0.72,1 cup,116
Rutabagas (Neeps Swedes),Vegetables,37,1.08,8.62,0.16,1 cup/ cubes,140
Cooked Rutabagas (Neeps Swedes),Vegetables,30,0.93,6.84,0.18,1 cup/ cubes,170
Irishmoss Seaweed,Vegetables,49,1.51,12.29,0.16,2 tbsp (1/8 cup),10
Kelp Seaweed,Vegetables,43,1.68,9.57,0.56,2 tbsp (1/8 cup),10
Laver Seaweed,Vegetables,35,5.81,5.11,0.28,10 sheets,26
Sesbania Flower Raw,Vegetables,27,1.28,6.73,0.04,1 flower,3
Cooked Soybean Sprouts,Vegetables,81,8.47,6.53,4.45,1 cup,94
Stirfried Soybean Sprouts,Vegetables,125,13.1,9.4,7.1,No data available,No data available
Spinach,Vegetables,23,2.86,3.63,0.39,1 cup,30
Cooked Spinach,Vegetables,23,2.97,3.75,0.26,1 cup,180
Crookneck Summer Squash,Vegetables,19,1.01,3.88,0.27,1 cup sliced,127
Cooked Crookneck Summer Squash,Vegetables,19,1.04,3.79,0.39,1 cup/ sliced,180
Squash Summer Crookneck And Straightneck Canned Drained Solid Without Salt,Vegetables,13,0.61,2.96,0.07,1 cup/ diced,210
Squash Summer Crookneck And Straightneck Frozen Unprepared,Vegetables,20,0.83,4.8,0.14,1 cup slices,130
Squash Summer Crookneck And Straightneck Frozen Cooked Boiled Drained Without Salt,Vegetables,25,1.28,5.54,0.2,1 cup slices,192
Squash Summer Zucchini Includes Skin Frozen Unprepared,Vegetables,17,1.16,3.58,0.13,1/3 package (10 oz),95
Squash Summer Zucchini Includes Skin Frozen Cooked Boiled Drained Without Salt,Vegetables,17,1.15,3.56,0.13,1 cup,223
Squash Summer Zucchini Italian Style Canned,Vegetables,29,1.03,6.85,0.11,1 cup,227
Acorn Squash,Vegetables,40,0.8,10.42,0.1,1 cup/ cubes,140
Squash Winter Butternut Frozen Unprepared,Vegetables,57,1.76,14.41,0.1,1/3 package (12 oz),113
Squash Winter Butternut Frozen Cooked Boiled Without Salt,Vegetables,39,1.23,10.05,0.07,1 cup/ mashed,240
Hubbard Squash,Vegetables,40,2,8.7,0.5,1 cup/ cubes,116
Cooked Hubbard Squash,Vegetables,50,2.48,10.81,0.62,1 cup/ cubes,205
Succotash,Vegetables,115,5.07,24.38,0.8,1 cup,192
Succotash (Corn And Limas) Canned With Cream Style Corn,Vegetables,77,2.64,17.61,0.54,1 cup,266
Succotash (Corn And Limas) Canned With Whole Kernel Corn Solids And Liquids,Vegetables,63,2.6,13.98,0.49,1 cup,255
Succotash (Corn And Limas) Frozen Unprepared,Vegetables,93,4.31,19.94,0.89,1 cup,156
Succotash (Corn And Limas) Frozen Cooked Boiled Drained Without Salt,Vegetables,93,4.31,19.95,0.89,1 cup,170
Sweet Potatoes,Vegetables,86,1.57,20.12,0.05,1 cup/ cubes,133
Cooked Sweet Potatoes,Vegetables,90,2.01,20.71,0.15,1 cup,200
Boiled Sweet Potatoes,Vegetables,76,1.37,17.72,0.14,1 cup/ mashed,328
Sweet Potato Canned Vacuum Pack,Vegetables,91,1.65,21.12,0.2,1 cup/ mashed,255
Cooked Taro,Vegetables,142,0.52,34.6,0.11,1 cup/ sliced,132
Taro Leaves Raw,Vegetables,42,4.98,6.7,0.74,1 cup,28
Taro Leaves Cooked Steamed Without Salt,Vegetables,24,2.72,4.02,0.41,1 cup,145
Taro Shoots Raw,Vegetables,11,0.92,2.32,0.09,1/2 cup slices,43
Arrowroot,Vegetables,65,4.24,13.39,0.2,1 cup/ sliced,120
Chrysanthemum Leaves,Vegetables,24,3.36,3.01,0.56,1 cup/ chopped,51
Amaranth Leaves Cooked Boiled Drained With Salt,Vegetables,21,2.11,4.11,0.18,1 cup,132
Arrowhead Cooked Boiled Drained With Salt,Vegetables,78,4.49,16.14,0.1,1 corm/ medium,12
Asparagus Frozen Cooked Boiled Drained With Salt,Vegetables,18,2.95,1.92,0.42,1 cup,180
Balsam-Pear (Bitter Gourd) Leafy Tips Cooked Boiled Drained With Salt,Vegetables,32,3.6,6.16,0.2,1 cup,58
Balsam-Pear (Bitter Gourd) Pods Cooked Boiled Drained With Salt,Vegetables,19,0.84,4.32,0.18,1 cup (1/2 inch pieces),124
Bamboo Shoots Cooked Boiled Drained With Salt,Vegetables,11,1.53,1.52,0.22,1 cup (1/2 inch slices),120
Lima Beans Immature Seeds Frozen Fordhook Cooked Boiled Drained With Salt,Vegetables,103,6.07,19.32,0.34,1 cup,170
Mung Beans Mature Seeds Sprouted Cooked Boiled Drained With Salt,Vegetables,19,2.03,3.6,0.09,1 cup,124
Beans Navy Mature Seeds Sprouted Cooked Boiled Drained With Salt,Vegetables,78,7.07,15.01,0.81,No data available,No data available
Beans Pinto Immature Seeds Frozen Cooked Boiled Drained With Salt,Vegetables,162,9.31,30.87,0.48,1/ 3 package (10 oz) yields,94
Beans Snap Green Canned No Salt Added Solids And Liquids,Vegetables,15,0.8,3.5,0.1,1/2 cup,120
Beans Snap Yellow Canned Regular Pack Solids And Liquids,Vegetables,15,0.8,3.5,0.1,1/2 cup,120
Beans Snap Yellow Canned No Salt Added Solids And Liquids,Vegetables,15,0.8,3.5,0.1,1/2 cup,120
Beans Snap Green Canned No Salt Added Drained Solids,Vegetables,22,1.12,4.32,0.46,1 cup,153
Beets Cooked Boiled. Drained With Salt,Vegetables,44,1.68,9.96,0.18,1/2 cup slices,85
Beets Canned No Salt Added Solids And Liquids,Vegetables,28,0.8,6.57,0.07,1 cup,246
Beet Greens Cooked Boiled Drained With Salt,Vegetables,27,2.57,5.46,0.2,1 cup (1 inch pieces),144
Borage Cooked Boiled Drained With Salt,Vegetables,25,2.09,3.55,0.81,No data available,No data available
Broccoli Cooked Boiled Drained With Salt,Vegetables,35,2.38,7.18,0.41,1/2 cup/ chopped,78
Broccoli Frozen Chopped Cooked Boiled Drained With Salt,Vegetables,28,3.1,5.35,0.12,1 cup,184
Broccoli Frozen Spears Cooked Boiled Drained With Salt,Vegetables,28,3.1,5.35,0.11,1/2 cup,92
Brussels Sprouts Cooked Boiled Drained With Salt,Vegetables,36,2.55,7.1,0.5,1 sprout,21
Cabbage Common Cooked Boiled Drained With Salt,Vegetables,23,1.27,5.51,0.06,1/2 cup/ shredded,75
Cabbage Red Cooked Boiled Drained With Salt,Vegetables,29,1.51,6.94,0.09,1 leaf,22
Cabbage Savoy Cooked Boiled Drained With Salt,Vegetables,24,1.8,5.41,0.09,1 cup/ shredded,145
Cabbage Chinese (Pak-Choi) Cooked Boiled Drained With Salt,Vegetables,12,1.56,1.78,0.16,1 cup/ shredded,170
Carrots Canned No Salt Added Drained Solids,Vegetables,25,0.64,5.54,0.19,1 cup/ sliced,146
Carrots Frozen Cooked Boiled Drained With Salt,Vegetables,37,0.58,7.73,0.68,1 cup slices,146
Cauliflower Cooked Boiled Drained With Salt,Vegetables,23,1.84,4.11,0.45,1/2 cup (1 inch pieces),62
Cauliflower Frozen Cooked Boiled Drained With Salt,Vegetables,17,1.61,3.16,0.22,1 cup (1 inch pieces),180
Chrysanthemum Garland Cooked Boiled Drained With Salt,Vegetables,20,1.64,4.31,0.09,1 cup (1 inch pieces),100
Collards Cooked Boiled Drained With Salt,Vegetables,33,2.71,5.65,0.72,1 cup/ chopped,190
Collards Frozen Chopped Cooked Boiled Drained With Salt,Vegetables,36,2.97,7.1,0.41,1 cup/ chopped,170
Corn Sweet Yellow Cooked Boiled Drained With Salt,Vegetables,96,3.41,20.98,1.5,1 ear small (5-1/2 inch to 6-1/2 inch long),89
Cowpeas (Blackeyes) Immature Seeds Cooked Boiled Drained With Salt,Vegetables,94,3.17,19.73,0.38,1 cup,165
Cowpeas (Blackeyes) Immature Seeds Frozen Cooked Boiled Drained With Salt,Vegetables,131,8.49,23.5,0.66,1 cup,170
Cowpeas Young Pods With Seeds Cooked Boiled Drained With Salt,Vegetables,34,2.6,7,0.3,1 cup,95
Cowpeas Leafy Tips Cooked Boiled Drained With Salt,Vegetables,22,4.67,2.8,0.1,1 cup/ chopped,53
Gourd Dishcloth (Towelgourd) Cooked Boiled Drained With Salt,Vegetables,54,0.66,13.75,0.34,1 cup (1 inch pieces),178
Drumstick Leaves Cooked Boiled Drained With Salt,Vegetables,60,5.27,11.15,0.93,1 cup/ chopped,42
Drumstick Pods Cooked Boiled Drained With Salt,Vegetables,36,2.09,8.18,0.19,1 cup slices,118
Hyacinth-Beans Immature Seeds Cooked Boiled Drained With Salt,Vegetables,50,2.95,9.2,0.27,1 cup,87
Lambsquarters Cooked Boiled Drained With Salt,Vegetables,32,3.2,5,0.7,1 cup/ chopped,180
Leeks (Bulb And Lower Leaf-Portion) Cooked Boiled Drained With Salt,Vegetables,31,0.81,7.62,0.2,1 leek,124
Lotus Root Cooked Boiled Drained With Salt,Vegetables,66,1.58,16.02,0.07,1/2 cup,60
Mushrooms White Cooked Boiled Drained With Salt,Vegetables,28,2.17,5.29,0.47,1 cup pieces,156
Sweet White Corn,Vegetables,86,3.22,19.02,1.18,1 ear/ small (5-1/2 inch to 6-1/2 inch long),73
Cooked Sweet White Corn,Vegetables,97,3.34,21.71,1.41,1 ear/ small (5-1/2 inch to 6-1/2 inch long),89
Corn Sweet White Cooked Boiled Drained With Salt,Vegetables,97,3.34,21.71,1.41,1 ear/ small (5-1/2 inch to 6-1/2 inch long),89
Corn Sweet White Canned Whole Kernel Regular Pack Solids And Liquids,Vegetables,64,1.95,15.41,0.5,1 cup,256
Corn Sweet White Canned Vacuum Pack Regular Pack,Vegetables,79,2.41,19.44,0.5,1 cup,210
Corn Sweet White Canned Vacuum Pack No Salt Added,Vegetables,79,2.41,19.44,0.5,1 cup,210
Corn Sweet White Frozen Kernels Cut Off Cob Unprepared,Vegetables,88,3.02,20.73,0.77,1 cup,165
Corn Sweet White Frozen Kernels Cut Off Cob Boiled Drained Without Salt,Vegetables,80,2.75,19.56,0.43,1 cup,165
Peppers Sweet Red Canned Solids And Liquids,Vegetables,18,0.8,3.9,0.3,1 cup/ halves,140
Peppers Sweet Red Frozen Chopped Unprepared,Vegetables,20,1.08,4.45,0.21,1/3 package (10 oz),95
Peppers Sweet Red Frozen Chopped Boiled Drained Without Salt,Vegetables,16,0.95,3.31,0.18,1 cup/ chopped or strips,135
Peppers Sweet Red Frozen Chopped Boiled Drained With Salt,Vegetables,16,0.95,3.31,0.18,1 cup/ chopped or strips,135
Red Bell Peppers (Cooked),Vegetables,133,1.04,6.57,12.75,1 cup chopped,106
Lentils Sprouted Cooked Stir-Fried With Salt,Vegetables,101,8.8,21.25,0.45,No data available,No data available
Mountain Yam Hawaii Cooked Steamed With Salt,Vegetables,82,1.73,19.99,0.08,1 cup/ cubes,145
Tree Fern Cooked With Salt,Vegetables,40,0.29,10.78,0.07,1 frond (6-1/2 inch long),31
Potatoes Mashed Prepared From Granules Without Milk Whole Milk And Margarine,Vegetables,108,2.05,14.4,4.93,1 cup,210
Homemade Mashed Potatoes With Milk And Butter,Vegetables,113,1.86,16.81,4.22,1 cup,210
Ketchup,Vegetables,101,1.04,27.4,0.1,1 tbsp,17
Raw Cremini Mushrooms (Exposed To Sunlight Or Uv),Vegetables,22,2.5,4.3,0.1,1 cup whole,87
Dill Pickles,Vegetables,12,0.5,2.41,0.3,1 spear/ small,35
Canned Pimentos,Vegetables,23,1.1,5.1,0.3,1 tbsp,12
Hot Dog Relish,Vegetables,91,1.5,23.35,0.46,1 tbsp,15
Sweet Pickled Relish,Vegetables,130,0.37,35.06,0.47,1 tbsp,15
Low Sodium Sour Pickles,Vegetables,11,0.33,2.26,0.2,1 cup/ chopped or diced,143
Reduced Sodium Dill Pickles,Vegetables,12,0.5,2.41,0.3,1 spear/ small,35
Radicchio,Vegetables,23,1.43,4.48,0.25,1 cup/ shredded,40
Squash Zucchini Baby Raw,Vegetables,21,2.71,3.11,0.4,1 large,16
Tomatillos,Vegetables,32,0.96,5.84,1.02,1 medium,34
Sun-Dried Tomatoes,Vegetables,258,14.11,55.76,2.97,1 cup,54
Baby Carrots,Vegetables,35,0.64,8.24,0.13,1 large,15
Palm Hearts (Canned),Vegetables,28,2.52,4.62,0.62,1 cup,146
Sun-Dried Hot Chile Peppers,Vegetables,324,10.58,69.86,5.81,1 cup,37
Nopales,Vegetables,16,1.32,3.33,0.09,1 cup/ sliced,86
Cooked Napa Cabbage,Vegetables,12,1.1,2.23,0.17,1 cup,109
Citronella (Lemon Grass),Vegetables,99,1.82,25.31,0.49,1 cup,67
Grape Leaves Raw,Vegetables,93,5.6,17.31,2.12,1 cup,14
Jalapeno Peppers,Vegetables,29,0.91,6.5,0.37,1 cup/ sliced,90
Green Chili Peppers,Vegetables,21,0.72,4.6,0.27,1 cup,139
Hungarian Peppers,Vegetables,29,0.8,6.7,0.41,1 pepper,27
Dried Pasilla Peppers,Vegetables,345,12.35,51.13,15.85,1 pepper,7
Oyster Mushrooms,Vegetables,33,3.31,6.09,0.41,1 large,148
Dried Fungi Cloud Ears,Vegetables,284,9.25,73.01,0.73,1 cup,28
Canned Straw Mushrooms,Vegetables,32,3.83,4.64,0.68,1 cup,182
Wasabi Root,Vegetables,109,4.8,23.54,0.63,1 cup/ sliced,130
Fiddlehead Ferns Frozen Unprepared,Vegetables,34,4.31,5.74,0.35,No data available,No data available
Potatoes Yellow Fleshed Hash Brown Shredded Salt Added In Processing Frozen Unprepared,Vegetables,81,2.04,17.98,0.07,3 oz,85
Potatoes French Fried Wedge Cut Frozen Unprepared,Vegetables,162,2.56,22.22,7.47,3 oz,85
Potatoes French Fried Steak Cut Salt Not Added In Processing Frozen Unprepared,Vegetables,134,2.4,24.31,3.42,3 oz,85
Potatoes French Fried Cross Cut Frozen Unprepared,Vegetables,187,2.7,22.95,10,3 oz,85
Tomato Sauce Canned No Salt Added,Vegetables,24,1.2,5.31,0.3,1 cup,245
Potatoes Canned Drained Solids No Salt Added,Vegetables,60,1.4,13.6,0.2,1 cup,180
Vegetables Mixed (Corn Lima Beans Peas Green Beans Carrots) Canned No Salt Added,Vegetables,37,1.4,7.31,0.2,1 cup,182
Cooked Lima Beans,Vegetables,123,6.81,23.64,0.32,1 cup,170
Lima Beans Immature Seeds Canned Regular Pack Solids And Liquids,Vegetables,71,4.07,13.33,0.29,1/2 cup,124
Mung Beans Mature Seeds Sprouted Cooked Boiled Drained Without Salt,Vegetables,21,2.03,4.19,0.09,1 cup,124
Mung Beans Mature Seeds Sprouted Cooked Stir-Fried,Vegetables,50,4.3,10.59,0.21,1 cup,124
Beans Navy Mature Seeds Sprouted Raw,Vegetables,67,6.15,13.05,0.7,1 cup,104
Beans Navy Mature Seeds Sprouted Cooked Boiled Drained Without Salt,Vegetables,78,7.07,15.01,0.81,No data available,No data available
Cooked Green Snap Beans,Vegetables,35,1.89,7.88,0.28,1 cup,125
Canned Green Beans,Vegetables,15,0.72,3.27,0.17,1 cup,240
Beans Snap Green Canned Regular Pack Drained Solids,Vegetables,21,1.05,4.19,0.41,1 cup,135
Beans Snap Canned All Styles Seasoned Solids And Liquids,Vegetables,16,0.83,3.49,0.2,1/2 cup,114
Beets (Raw),Vegetables,43,1.61,9.56,0.17,1 cup,136
Cooked Beets,Vegetables,44,1.68,9.96,0.18,1/2 cup slices,85
Beets Canned Regular Pack Solids And Liquids,Vegetables,30,0.73,7.14,0.09,1 cup,246
Amaranth Leaves Cooked Boiled Drained Without Salt,Vegetables,21,2.11,4.11,0.18,1 cup,132
Arrowhead Raw,Vegetables,99,5.33,20.23,0.29,1 large,25
Arrowhead Cooked Boiled Drained Without Salt,Vegetables,78,4.49,16.14,0.1,1 medium,12
Artichokes (Globe Or French),Vegetables,47,3.27,10.51,0.15,1 artichoke/ medium,128
Asparagus Canned Regular Pack Solids And Liquids,Vegetables,15,1.8,2.48,0.18,1/2 cup,122
Canned Asparagus,Vegetables,19,2.14,2.46,0.65,1 cup,242
Asparagus Frozen Unprepared,Vegetables,24,3.23,4.1,0.23,4 spears,58
Asparagus Frozen Cooked Boiled Drained Without Salt,Vegetables,18,2.95,1.92,0.42,1 cup,180
Bamboo Shoots,Vegetables,27,2.6,5.2,0.3,1 cup (1/2 inch slices),151
Bamboo Shoots (Cooked),Vegetables,12,1.53,1.92,0.22,1 cup (1/2 inch slices),120
Bamboo Shoots (Canned),Vegetables,19,1.72,3.22,0.4,1 cup (1/8 inch slices),131
Kidney Bean Sprouts,Vegetables,29,4.2,4.1,0.5,1 cup,184
Corn Sweet Yellow Canned Whole Kernel Drained Solids,Vegetables,67,2.29,14.34,1.22,1 cup,164
Corn Sweet Yellow Canned Cream Style Regular Pack,Vegetables,72,1.74,18.13,0.42,1 cup,256
Corn Sweet Yellow Canned Vacuum Pack Regular Pack,Vegetables,79,2.41,19.44,0.5,1 cup,210
Corn Yellow Whole Kernel Frozen Microwaved,Vegetables,113,3.62,25.87,1.42,1 cup,141
Corn With Red And Green Peppers Canned Solids And Liquids,Vegetables,75,2.33,18.17,0.55,1 cup,227
Cornsalad Raw,Vegetables,21,2,3.6,0.4,1 cup,56
Cowpeas (Blackeyes) Immature Seeds Raw,Vegetables,90,2.95,18.83,0.35,1 cup,145
Cowpeas Young Pods With Seeds Cooked Boiled Drained Without Salt,Vegetables,34,2.6,7,0.3,1 cup,95
Yardlong Bean Raw,Vegetables,47,2.8,8.35,0.4,1 cup slices,91
Yardlong Bean Cooked Boiled Drained Without Salt,Vegetables,47,2.53,9.18,0.1,1 cup slices,104
Cowpeas Leafy Tips Raw,Vegetables,29,4.1,4.82,0.25,1 cup/ chopped,36
Cucumber Peeled Raw,Vegetables,10,0.59,2.16,0.16,1 cup/ pared/ chopped,133
Dandelion Greens,Vegetables,45,2.7,9.2,0.7,1 cup/ chopped,55
Cooked Dandelion Greens,Vegetables,33,2,6.4,0.6,1 cup/ chopped,105
Eggplant,Vegetables,25,0.98,5.88,0.18,1 cup/ cubes,82
Cooked Eggplant,Vegetables,35,0.83,8.73,0.23,1 cup (1 inch cubes),99
Garlic,Vegetables,149,6.36,33.06,0.5,1 cup,136
Ginger,Vegetables,80,1.82,17.77,0.75,1 tsp,2
Gourd White-Flowered (Calabash) Raw,Vegetables,14,0.62,3.39,0.02,1/2 cup (1 inch pieces),58
Gourd White-Flowered (Calabash) Cooked Boiled Drained Without Salt,Vegetables,15,0.6,3.69,0.02,1 cup (1 inch cubes),146
Hyacinth-Beans Immature Seeds Raw,Vegetables,46,2.1,9.19,0.2,1 cup,80
Hyacinth-Beans Immature Seeds Cooked Boiled Drained Without Salt,Vegetables,50,2.95,9.2,0.27,1 cup,87
Jerusalem-Artichokes Raw,Vegetables,73,2,17.44,0.01,1 cup slices,150
Jews Ear,Vegetables,25,0.48,6.75,0.04,1 cup slices,99
Cooked Kale,Vegetables,36,2.94,5.3,1.21,1 cup/ chopped,130
Kale Frozen Unprepared,Vegetables,28,2.66,4.88,0.46,1/ 3 package (10 oz),94
Kale Frozen Cooked Boiled Drained Without Salt,Vegetables,36,2.94,5.3,1.21,1 cup/ chopped,130
Kanpyo,Vegetables,258,8.58,65.03,0.56,1 strip,6.3
Shiitake Mushrooms,Vegetables,34,2.24,6.79,0.49,1 piece whole,19
Mushrooms Portobellos Grilled,Vegetables,29,3.28,4.44,0.58,1 cup sliced,121
Lambsquarters Raw,Vegetables,43,4.2,7.3,0.8,No data available,No data available
Lambsquarters Cooked Boiled Drained Without Salt,Vegetables,32,3.2,5,0.7,1 cup/ chopped,180
Leeks,Vegetables,61,1.5,14.15,0.3,1 cup,89
Romaine Lettuce,Vegetables,17,1.23,3.29,0.3,1 cup shredded,47
Iceberg Lettuce,Vegetables,14,0.9,2.97,0.14,1 cup shredded,72
Green Leaf Lettuce,Vegetables,15,1.36,2.87,0.15,1 cup shredded,36
Lotus Root,Vegetables,74,2.6,17.23,0.1,10 slices (2-1/2 inch dia),81
White Button Mushrooms,Vegetables,22,3.09,3.26,0.34,1 cup/ pieces or slices,70
Cooked White Button Mushrooms,Vegetables,28,2.17,5.29,0.47,1 cup pieces,156
White Button Mushrooms (Stir-Fried),Vegetables,26,3.58,4.04,0.33,1 cup sliced,108
Canned Mushrooms,Vegetables,25,1.87,5.09,0.29,1 cup,156
Portobellos Mushrooms,Vegetables,22,2.11,3.87,0.35,1 cup diced,86
Mustard Greens,Vegetables,27,2.86,4.67,0.42,1 cup/ chopped,56
Cooked Mustard Greens,Vegetables,26,2.56,4.51,0.47,1 cup/ chopped,140
Mustard Greens Frozen Unprepared,Vegetables,20,2.49,3.41,0.27,1 cup/ chopped,146
Mustard Greens Frozen Cooked Boiled Drained Without Salt,Vegetables,19,2.27,3.11,0.25,1 cup/ chopped,150
Okra,Vegetables,33,1.93,7.45,0.19,1 cup,100
Cooked Okra,Vegetables,22,1.87,4.51,0.21,1/2 cup slices,80
Okra Frozen Unprepared,Vegetables,30,1.69,6.63,0.25,1/3 package (10 oz),95
Cooked Okra (Previously Frozen),Vegetables,29,1.63,6.41,0.24,1/2 cup slices,92
Potatoes French Fried All Types Salt Added In Processing Frozen Home-Prepared Oven Heated,Vegetables,158,2.75,25.55,5.48,10 fries,76
Potatoes French Fried Cottage-Cut Salt Not Added In Processing Frozen As Purchased,Vegetables,153,2.42,23.98,5.78,10 strips,65
Potatoes French Fried Cottage-Cut Salt Not Added In Processing Frozen Oven-Heated,Vegetables,218,3.44,34.03,8.2,10 strips,50
Potatoes Frozen French Fried Par Fried Extruded Unprepared,Vegetables,260,2.83,30.15,14.95,10 strips,65
Potatoes Frozen French Fried Par Fried Extruded Prepared Heated In Oven Without Salt,Vegetables,333,3.55,39.68,18.71,10 strips,50
Potato Salad Home-Prepared,Vegetables,143,2.68,11.17,8.2,1 cup,250
Pumpkin Flowers,Vegetables,15,1.03,3.28,0.07,1 cup,33
Cooked Pumpkin Flowers,Vegetables,15,1.09,3.3,0.08,1 cup,134
Pumpkin Leaves,Vegetables,19,3.15,2.33,0.4,1 cup,39
Pumpkin Pie Mix Canned,Vegetables,104,1.09,26.39,0.13,1 cup,270
Purslane,Vegetables,20,2.03,3.39,0.36,1 cup,43
Cooked Purslane,Vegetables,18,1.49,3.55,0.19,1 cup,115
Radishes,Vegetables,16,0.68,3.4,0.1,1 cup slices,116
Salsify (Vegetable Oyster) Raw,Vegetables,82,3.3,18.6,0.2,1 cup slices,133
Salsify Cooked Boiled Drained Without Salt,Vegetables,68,2.73,15.36,0.17,1 cup/ sliced,135
Sauerkraut,Vegetables,19,0.91,4.28,0.14,1 cup,142
Seaweed Agar Raw,Vegetables,26,0.54,6.75,0.03,2 tbsp (1/8 cup),10
Sesbania Flower Cooked Steamed Without Salt,Vegetables,22,1.14,5.23,0.05,1 cup,104
Soybean Sprouts,Vegetables,122,13.09,9.57,6.7,1/2 cup,35
Spinach Canned Regular Pack Solids And Liquids,Vegetables,19,2.11,2.92,0.37,1 cup,234
Spinach Canned Regular Pack Drained Solids,Vegetables,23,2.81,3.4,0.5,1 cup,214
Spinach Frozen Chopped Or Leaf Unprepared,Vegetables,29,3.63,4.21,0.57,1 cup,156
Spinach Frozen Chopped Or Leaf Cooked Boiled Drained Without Salt,Vegetables,34,4.01,4.8,0.87,1/2 cup,95
Scallop Squash,Vegetables,18,1.2,3.84,0.2,1 cup slices,130
Cooked Scallop Squash,Vegetables,16,1.03,3.3,0.17,1 cup/ mashed,240
Zucchini,Vegetables,17,1.21,3.11,0.32,1 cup/ chopped,124
Cooked Zucchini,Vegetables,15,1.14,2.69,0.36,1 cup/ sliced,180
Baked Acorn Squash,Vegetables,56,1.12,14.58,0.14,1 cup/ cubes,205
Cooked Acorn Squash,Vegetables,34,0.67,8.79,0.08,1 cup/ mashed,245
Butternut Squash,Vegetables,45,1,11.69,0.1,1 cup/ cubes,140
Cooked Butternut Squash,Vegetables,40,0.9,10.49,0.09,1 cup/ cubes,205
Squash Winter Hubbard Cooked Boiled Mashed Without Salt,Vegetables,30,1.48,6.46,0.37,1 cup/ mashed,236
Spaghetti Squash,Vegetables,31,0.64,6.91,0.57,1 cup/ cubes,101
Cooked Spaghetti Squash,Vegetables,27,0.66,6.46,0.26,1 cup,155
Succotash (Corn And Limas) Raw,Vegetables,99,5.03,19.59,1.02,No data available,No data available
Swamp Cabbage,Vegetables,19,2.6,3.13,0.2,1 cup/ chopped,56
Cooked Swamp Cabbage,Vegetables,20,2.08,3.7,0.24,1 cup/ chopped,98
Sweet Potato Leaves Raw,Vegetables,42,2.49,8.82,0.51,1 cup/ chopped,35
Sweet Potato Leaves Cooked Steamed Without Salt,Vegetables,35,2.18,7.38,0.34,1 cup,64
Mashed Sweet Potatoes,Vegetables,101,1.98,23.19,0.2,1 cup,255
Sweet Potato Frozen Unprepared,Vegetables,96,1.71,22.22,0.18,1 cup/ cubes,176
Sweet Potato Frozen Cooked Baked Without Salt,Vegetables,100,1.71,23.4,0.12,1 cup/ cubes,176
Taro,Vegetables,112,1.5,26.46,0.2,1 cup/ sliced,104
Taro Shoots Cooked Without Salt,Vegetables,14,0.73,3.2,0.08,1 cup slices,140
Tahitian Taro,Vegetables,44,2.79,6.91,0.97,1 cup slices,125
Artichokes (Globe Or French) Cooked Boiled Drained With Salt,Vegetables,51,2.89,11.39,0.34,1 artichoke/ medium,120
Artichokes (Globe Or French) Frozen Cooked Boiled Drained With Salt,Vegetables,45,3.11,9.18,0.5,1 cup,168
Asparagus Cooked Boiled Drained With Salt,Vegetables,22,2.4,4.11,0.22,1/2 cup,90
Asparagus Canned No Salt Added Solids And Liquids,Vegetables,15,1.8,2.48,0.18,1/2 cup,122
Beans Kidney Mature Seeds Sprouted Cooked Boiled Drained With Salt,Vegetables,33,4.83,4.72,0.58,No data available,No data available
Lima Beans Immature Seeds Cooked Boiled Drained With Salt,Vegetables,123,6.81,23.64,0.32,1 cup,170
Canned Lima Beans,Vegetables,71,4.07,13.33,0.29,1 cup,248
Lima Beans Immature Seeds Frozen Baby Cooked Boiled Drained With Salt,Vegetables,105,6.65,19.45,0.3,1 cup,180
Beans Pinto Mature Seeds Sprouted Cooked Boiled Drained With Salt,Vegetables,20,1.86,3.5,0.32,No data available,No data available
Yellow Snap Beans,Vegetables,31,1.82,7.13,0.12,1 cup 1/2 inch pieces,100
Beans Snap Green Cooked Boiled Drained With Salt,Vegetables,35,1.89,7.88,0.28,1 cup,125
Cooked Yellow Snap Beans,Vegetables,35,1.89,7.88,0.28,1 cup,125
Beans Snap Yellow Cooked Boiled Drained With Salt,Vegetables,35,1.89,7.88,0.28,1 cup,125
Beans Snap Yellow Frozen All Styles Unprepared,Vegetables,33,1.8,7.58,0.21,1 cup,121
Beans Snap Green Frozen Cooked Boiled Drained With Salt,Vegetables,28,1.49,6.45,0.17,1 cup,135
Beans Snap Yellow Frozen Cooked Boiled Drained Without Salt,Vegetables,28,1.49,6.45,0.17,1 cup,135
Beans Snap Yellow Frozen Cooked Boiled Drained With Salt,Vegetables,28,1.49,6.45,0.17,1 cup,135
Broadbeans Immature Seeds Cooked Boiled Drained With Salt,Vegetables,62,4.8,10.1,0.5,No data available,No data available
Broccoli Leaves Raw,Vegetables,28,2.98,5.06,0.35,No data available,No data available
Broccoli Flower Clusters Raw,Vegetables,28,2.98,5.06,0.35,1 cup flowerets,71
Broccoli Stalks Raw,Vegetables,28,2.98,5.24,0.35,1 stalk,114
Brussels Sprouts Frozen Cooked Boiled Drained With Salt,Vegetables,42,3.64,8.32,0.39,1 cup,155
Burdock Root Cooked Boiled Drained With Salt,Vegetables,88,2.09,21.15,0.14,1 cup (1 inch pieces),125
Butterbur Cooked Boiled Drained With Salt,Vegetables,8,0.23,2.16,0.02,No data available,No data available
Cabbage Common (Danish Domestic And Pointed Types) Freshly Harvest Raw,Vegetables,24,1.21,5.37,0.18,1/2 cup/ shredded,35
Cabbage Common (Danish Domestic And Pointed Types) Stored Raw,Vegetables,24,1.21,5.37,0.18,1/2 cup/ shredded,35
Cabbage Chinese (Pe-Tsai) Cooked Boiled Drained With Salt,Vegetables,14,1.5,2.41,0.17,1 cup/ shredded,119
Cardoon Cooked Boiled Drained With Salt,Vegetables,20,0.76,4.74,0.11,No data available,No data available
Carrots Cooked Boiled Drained With Salt,Vegetables,35,0.76,8.22,0.18,1 tbsp,9.7
Carrots Canned No Salt Added Solids And Liquids,Vegetables,23,0.59,5.36,0.14,1/2 cup slices,123
Celeriac Cooked Boiled Drained With Salt,Vegetables,27,0.96,5.9,0.19,1 cup pieces,155
Celery Cooked Boiled Drained With Salt,Vegetables,18,0.83,4,0.16,1 cup/ diced,150
Chard Swiss Cooked Boiled Drained With Salt,Vegetables,20,1.88,4.13,0.08,1 cup/ chopped,175
Chayote Fruit Cooked Boiled Drained With Salt,Vegetables,22,0.62,4.5,0.48,1 cup (1 inch pieces),160
Corn Sweet Yellow Canned No Salt Added Solids And Liquids,Vegetables,61,1.95,13.86,0.77,1 cup,256
Corn Sweet Yellow Canned Cream Style No Salt Added,Vegetables,72,1.74,18.13,0.42,1 cup,256
Corn Sweet Yellow Canned Vacuum Pack No Salt Added,Vegetables,79,2.41,19.44,0.5,1 cup,210
Corn Sweet Yellow Frozen Kernels Cut Off Cob Boiled Drained With Salt,Vegetables,79,2.55,18.71,0.67,1 cup,165
Corn Sweet Yellow Frozen Kernels On Cob Cooked Boiled Drained With Salt,Vegetables,94,3.11,22.33,0.74,1 cup kernels,165
Cress Garden Cooked Boiled Drained With Salt,Vegetables,23,1.9,3.8,0.6,1 cup,135
Dandelion Greens Cooked Boiled Drained With Salt,Vegetables,33,2,6.4,0.6,1 cup/ chopped,105
Eggplant Cooked Boiled Drained With Salt,Vegetables,33,0.83,8.14,0.23,1 cup (1 inch cubes),99
Gourd White-Flowered (Calabash) Cooked Boiled Drained With Salt,Vegetables,13,0.6,3.1,0.02,1 cup (1 inch cubes),146
Jute Potherb Cooked Boiled Drained With Salt,Vegetables,37,3.68,7.29,0.2,1 cup,87
Kale Cooked Boiled Drained With Salt,Vegetables,44,2.94,5.3,1.21,1 cup/ chopped,130
Kale Frozen Cooked Boiled Drained With Salt,Vegetables,36,2.94,5.3,1.21,1 cup/ chopped,130
Kohlrabi Cooked Boiled Drained With Salt,Vegetables,29,1.8,6.69,0.11,1 cup slices,165
Yambean (Jicama) Cooked Boiled Drained With Salt,Vegetables,36,0.72,8.23,0.09,No data available,No data available
Yardlong Bean Cooked Boiled Drained With Salt,Vegetables,47,2.53,9.17,0.1,1 cup slices,104
Corn Sweet White Canned Whole Kernel No Salt Added Solids And Liquids,Vegetables,64,1.95,15.41,0.5,1 cup,256
Corn Sweet White Canned Whole Kernel Drained Solids,Vegetables,67,2.29,14.34,1.22,1 cup,164
Corn Sweet White Canned Cream Style Regular Pack,Vegetables,74,1.74,18.62,0.42,1 cup,256
Corn Sweet White Canned Cream Style No Salt Added,Vegetables,72,1.74,18.13,0.42,1 cup,256
Corn Sweet White Frozen Kernels Cut Off Cob Boiled Drained With Salt,Vegetables,80,2.75,19.56,0.43,1 cup,165
Corn Sweet White Frozen Kernels On Cob Unprepared,Vegetables,98,3.28,23.5,0.78,1 cup kernels,165
Corn Sweet White Frozen Kernels On Cob Cooked Boiled Drained Without Salt,Vegetables,94,3.11,22.33,0.74,1 cup kernels,165
Corn Sweet White Frozen Kernels On Cob Cooked Boiled Drained With Salt,Vegetables,94,3.11,22.33,0.74,1 cup kernels,165
Sesbania Flower Cooked Steamed With Salt,Vegetables,21,1.14,5.1,0.05,1 cup,104
Soybeans Mature Seeds Sprouted Cooked Steamed With Salt,Vegetables,81,8.47,6.53,4.45,1 cup,94
Soybeans Mature Seeds Sprouted Cooked Stir-Fried With Salt,Vegetables,125,13.1,9.4,7.1,No data available,No data available
Dock Cooked Boiled Drained With Salt,Vegetables,20,1.83,2.93,0.64,No data available,No data available
Potatoes Mashed Dehydrated Prepared From Flakes Without Milk Whole Milk And Margarine Added,Vegetables,113,1.9,15.02,5.6,1 cup,210
Peppers Sweet Red Freeze-Dried,Vegetables,314,17.9,68.7,3,1 tbsp,0.4
Beans Snap Yellow Canned Regular Pack Drained Solids,Vegetables,20,1.15,4.5,0.1,1 cup,153
Beans Snap Yellow Canned No Salt Added Drained Solids,Vegetables,20,1.15,4.5,0.1,1 cup,153
Raw White Button Mushrooms (Exposed To Sunlight Or Uv),Vegetables,22,3.09,3.26,0.34,1 cup pieces or slices,70
Portobellos (Exposed To Sunlight Or Uv),Vegetables,29,3.28,4.44,0.58,1 cup sliced,121
Sweet Pickled Cucumbers,Vegetables,91,0.58,21.15,0.41,1 cup/ chopped,160
Sour Pickled Cucumber,Vegetables,11,0.33,2.26,0.2,1 cup,155
Low Sodium Sweet Pickles,Vegetables,122,0.37,33.73,0.26,1 slice,6
Low Sodium Ketchup,Vegetables,101,1.04,27.4,0.1,1 tbsp,17
Enoki Mushrooms,Vegetables,37,2.66,7.81,0.29,1 large,5
Sweet Yellow Peppers,Vegetables,27,1,6.32,0.21,1 pepper/ large (3-3/4 inch long/ 3 inch dia),186
Tomatoes Sun-Dried Packed In Oil Drained,Vegetables,213,5.06,23.33,14.08,1 cup,110
Fennel,Vegetables,31,1.24,7.3,0.2,1 cup/ sliced,87
Pickle Relish Hamburger,Vegetables,129,0.63,34.48,0.54,1 tbsp,15
Arugula,Vegetables,25,2.58,3.65,0.66,1 leaf,2
Cooked Nopales,Vegetables,15,1.35,3.28,0.05,1 cup,149
Green Cauliflower,Vegetables,31,2.95,6.09,0.3,1 cup,64
Cooked Green Cauliflower,Vegetables,32,3.04,6.28,0.31,1/5 head,90
Cauliflower Green Cooked With Salt,Vegetables,32,3.04,6.28,0.31,1/2 cup (1 inch pieces),62
Cooked Chinese Broccoli,Vegetables,22,1.14,3.81,0.72,1 cup,88
Grape Leaves Canned,Vegetables,69,4.27,11.71,1.97,1 leaf,4
Banana Peppers,Vegetables,27,1.66,5.35,0.45,1 cup,124
Serrano Peppers,Vegetables,32,1.74,6.7,0.44,1 cup/ chopped,105
Dried Ancho Peppers,Vegetables,281,11.86,51.42,8.2,1 pepper,17
Pickles Chowchow With Cauliflower Onion Mustard Sweet,Vegetables,121,1.5,26.64,0.9,1 cup,245
Epazote Raw,Vegetables,32,0.33,7.44,0.52,1 tbsp,0.8
Fireweed Leaves Raw,Vegetables,103,4.71,19.22,2.75,1 cup/ chopped,23
Cooked Malabar Spinach,Vegetables,23,2.98,2.71,0.78,1 cup,44
Yautia,Vegetables,98,1.46,23.63,0.4,1 cup/ sliced,135
Mushrooms White Microwaved,Vegetables,35,3.91,6.04,0.46,No data available,No data available
Maitake Mushrooms,Vegetables,31,1.94,6.97,0.19,1 cup diced,70
Chinese Broccoli,Vegetables,26,1.2,4.67,0.76,No data available,No data available
Fiddlehead Ferns,Vegetables,34,4.55,5.54,0.4,No data available,No data available
Potatoes Yellow Fleshed Roasted Salt Added In Processing Frozen Unprepared,Vegetables,119,1.99,23.44,1.85,3 oz,85
Potatoes Yellow Fleshed French Fried Frozen Unprepared,Vegetables,162,2.47,25.01,5.84,3 oz,85
Ginger Root Pickled Canned With Artificial Sweetener,Vegetables,20,0.33,4.83,0.1,2 tablespoon,25
Peppers Hot Pickled Canned,Vegetables,22,0.8,4.56,0.4,1/4 cup drained,34
Vegetable Juice Bolthouse Farms Daily Greens,Vegetables,31,0.49,8.13,0.04,1 cup,269
Potatoes Mashed Ready-To-Eat,Vegetables,106,1.97,13.29,5.01,1 cup,229
Radishes Hawaiian Style Pickled,Vegetables,28,1.1,5.2,0.3,1 cup,150
Cabbage Japanese Style Fresh Pickled,Vegetables,30,1.6,5.67,0.1,1 cup,150
Cabbage Mustard Salted,Vegetables,28,1.1,5.63,0.1,1 cup,128
Eggplant Pickled,Vegetables,49,0.9,9.77,0.7,1 cup,136
Lima Beans Immature Seeds Frozen Fordhook Unprepared,Vegetables,106,6.4,19.83,0.35,1 cup,160
Lima Beans Immature Seeds Frozen Fordhook Cooked Boiled Drained Without Salt,Vegetables,103,6.07,19.32,0.34,1 cup,170
Lima Beans Immature Seeds Frozen Baby Unprepared,Vegetables,132,7.59,25.14,0.44,1 cup,164
Lima Beans Immature Seeds Frozen Baby Cooked Boiled Drained Without Salt,Vegetables,105,6.65,19.45,0.3,1 cup,180
Mung Bean Sprouts,Vegetables,30,3.04,5.94,0.18,1 cup,104
Beans Pinto Immature Seeds Frozen Unprepared,Vegetables,170,9.8,32.5,0.5,1/ 3 package (10 oz),94
Beans Pinto Immature Seeds Frozen Cooked Boiled Drained Without Salt,Vegetables,162,9.31,30.87,0.48,1/ 3 package (10 oz) yields,94
Beans Shellie Canned Solids And Liquids,Vegetables,30,1.76,6.19,0.19,1 cup,245
Green Snap Beans (Raw),Vegetables,31,1.83,6.97,0.22,1 cup 1/2 inch pieces,100
Beans Snap Green Frozen All Styles Unprepared,Vegetables,33,1.79,7.54,0.21,1 cup,121
Cooked Green Beans (Previously Frozen),Vegetables,28,1.49,6.45,0.17,1 cup,135
Beans Snap Green Frozen All Styles Microwaved,Vegetables,33,1.98,6.98,0.41,1 cup,111
Beans Snap Green Microwaved,Vegetables,33,2.31,6.41,0.5,1 cup 1/2 inch pieces,116
Beets Canned Drained Solids,Vegetables,31,0.91,7.21,0.14,1 cup/ diced,157
Broccoli (Cooked),Vegetables,35,2.38,7.18,0.41,1/2 cup/ chopped,78
Broccoli Frozen Chopped Unprepared,Vegetables,26,2.81,4.78,0.29,1 cup,156
Broccoli Frozen Chopped Cooked Boiled Drained Without Salt,Vegetables,28,3.1,5.35,0.12,1 cup,184
Broccoli Frozen Spears Unprepared,Vegetables,29,3.06,5.35,0.34,1/3 package (10 oz),95
Brussels Sprouts (Cooked),Vegetables,36,2.55,7.1,0.5,1 sprout,21
Brussels Sprouts Frozen Unprepared,Vegetables,41,3.78,7.86,0.41,1/3 package (10 oz),95
Brussels Sprouts Frozen Cooked Boiled Drained Without Salt,Vegetables,42,3.64,8.32,0.39,1 cup,155
Burdock Root Raw,Vegetables,72,1.53,17.34,0.15,1 cup (1 inch pieces),118
Cabbage,Vegetables,25,1.28,5.8,0.1,1 cup/ chopped,89
Cooked Cabbage,Vegetables,23,1.27,5.51,0.06,1/2 cup/ shredded,75
Red Cabbage,Vegetables,31,1.43,7.37,0.16,1 cup/ chopped,89
Cooked Red Cabbage,Vegetables,29,1.51,6.94,0.09,1 leaf,22
Cabbage Chinese (Pe-Tsai) Raw,Vegetables,16,1.2,3.23,0.2,1 cup/ shredded,76
Cabbage Chinese (Pe-Tsai) Cooked Boiled Drained Without Salt,Vegetables,14,1.5,2.41,0.17,1 cup/ shredded,119
Cardoon Raw,Vegetables,17,0.7,4.07,0.1,1 cup/ shredded,178
Cardoon Cooked Boiled Drained Without Salt,Vegetables,22,0.76,5.33,0.11,No data available,No data available
Carrots Frozen Unprepared,Vegetables,36,0.78,7.9,0.46,1/2 cup slices,64
Carrots Frozen Cooked Boiled Drained Without Salt,Vegetables,37,0.58,7.73,0.68,1 cup/ sliced,146
Cassava,Vegetables,160,1.36,38.06,0.28,1 cup,206
Cauliflower,Vegetables,25,1.92,4.97,0.28,1 cup chopped (1/2 inch pieces),107
Cooked Celeriac,Vegetables,27,0.96,5.9,0.19,1 cup pieces,155
Celery,Vegetables,14,0.69,2.97,0.17,1 cup chopped,101
Cooked Celery,Vegetables,18,0.83,4,0.16,1 cup/ diced,150
Celtuce,Vegetables,18,0.85,3.65,0.3,1 leaf,8
Swiss Chard,Vegetables,19,1.8,3.74,0.2,1 cup,36
Chicory Greens,Vegetables,23,1.7,4.7,0.3,1 cup/ chopped,29
Chicory Roots,Vegetables,72,1.4,17.51,0.2,1 root,60
Chives,Vegetables,30,3.27,4.35,0.73,1 tbsp chopped,3
Chrysanthemum,Vegetables,24,3.36,3.02,0.56,1 cup (1 inch pieces),25
Collards Frozen Chopped Cooked Boiled Drained Without Salt,Vegetables,36,2.97,7.1,0.41,1 cup/ chopped,170
Cilantro,Vegetables,23,2.13,3.67,0.52,1/4 cup,4
Yellow Sweet Corn,Vegetables,86,3.27,18.7,1.35,1 cup,145
Cooked Yellow Sweet Corn,Vegetables,96,3.41,20.98,1.5,1 ear small (5-1/2 inch to 6-1/2 inch long),89
Onions,Vegetables,40,1.1,9.34,0.1,1 cup/ chopped,160
Cooked Onions,Vegetables,44,1.36,10.15,0.19,1 cup,210
Onions Dehydrated Flakes,Vegetables,349,8.95,83.28,0.46,1 tbsp,5
Onions Canned Solids And Liquids,Vegetables,19,0.85,4.02,0.09,1 onion,63
Yellow Onions,Vegetables,123,0.95,7.86,10.8,1 cup chopped,87
Spring Onions,Vegetables,32,1.83,7.34,0.19,1 cup/ chopped,100
Onions Young Green Tops Only,Vegetables,27,0.97,5.74,0.47,1 tbsp,6
Onions Welsh Raw,Vegetables,34,1.9,6.5,0.4,No data available,No data available
Sweet Onions,Vegetables,32,0.8,7.55,0.08,1 nlea serving,148
Cooked Parsnips,Vegetables,71,1.32,17.01,0.3,1/2 cup slices,78
Snow Peas,Vegetables,42,2.8,7.55,0.2,1 cup/ chopped,98
Cooked Snow Peas,Vegetables,42,3.27,7.05,0.23,1 cup,160
Peas Edible-Podded Frozen Unprepared,Vegetables,42,2.8,7.2,0.3,1 cup,144
Peas Green (Includes Baby And Lesuer Types) Canned Drained Solids Unprepared,Vegetables,68,4.47,11.36,0.8,1 cup,175
Peas Green Canned Seasoned Solids And Liquids,Vegetables,50,3.09,9.25,0.27,1 cup,227
Peas Green Canned Drained Solids Rinsed In Tap Water,Vegetables,71,4.33,11.82,0.95,1 can,257
Peas Green Frozen Unprepared,Vegetables,77,5.22,13.62,0.4,1 cup,134
Peas Green Frozen Cooked Boiled Drained Without Salt,Vegetables,78,5.15,14.26,0.27,1/2 cup,80
Peas And Carrots Frozen Cooked Boiled Drained Without Salt,Vegetables,48,3.09,10.12,0.42,1 package (10 oz) yields,278
Peas And Onions Canned Solids And Liquids,Vegetables,51,3.28,8.57,0.38,1 cup,120
Peas And Onions Frozen Unprepared,Vegetables,70,3.98,13.51,0.32,1/2 cup,69
Peas And Onions Frozen Cooked Boiled Drained Without Salt,Vegetables,45,2.54,8.63,0.2,1 cup,180
Peppers Sweet Green Frozen Chopped Unprepared,Vegetables,20,1.08,4.45,0.21,1/3 package (10 oz),95
Peppers Sweet Green Frozen Chopped Boiled Drained Without Salt,Vegetables,18,0.95,3.9,0.18,No data available,No data available
Sauteed Green Bell Peppers,Vegetables,116,0.78,4.22,11.85,1 cup chopped,115
Pigeonpeas Immature Seeds Raw,Vegetables,136,7.2,23.88,1.64,1 cup,154
Potatoes Flesh And Skin Raw,Vegetables,77,2.05,17.49,0.09,1/2 cup/ diced,75
Potatoes Russet Flesh And Skin Raw,Vegetables,79,2.14,18.07,0.08,1/2 cup/ diced,75
Potatoes White Flesh And Skin Raw,Vegetables,69,1.68,15.71,0.1,1/2 cup/ diced,75
Potatoes Red Flesh And Skin Raw,Vegetables,70,1.89,15.9,0.14,1/2 cup/ diced,75
Baked Russet Potatoes,Vegetables,95,2.63,21.44,0.13,1 potato large (3 inch to 4-1/4 inch dia.,299
Potatoes Roasted Salt Added In Processing Frozen Unprepared,Vegetables,127,2.22,26.15,1.81,3 oz,85
Potatoes Raw Skin,Vegetables,58,2.57,12.44,0.1,1 skin,38
Baked Potato (No Skin),Vegetables,93,1.96,21.55,0.1,1/2 cup,61
Potatoes Baked Skin Without Salt,Vegetables,198,4.29,46.06,0.1,1 skin,58
Potatoes Microwaved Cooked In Skin Skin Without Salt,Vegetables,132,4.39,29.63,0.1,1 skin,58
Potatoes Mashed Home-Prepared Whole Milk And Margarine Added,Vegetables,113,1.96,16.94,4.2,1 cup,210
Potatoes Scalloped Home-Prepared With Butter,Vegetables,88,2.87,10.78,3.68,1 cup,245
Potatoes Mashed Dehydrated Granules Without Milk Dry Form,Vegetables,372,8.22,85.51,0.54,1 cup,200
Potatoes Mashed Dehydrated Prepared From Granules Without Milk Whole Milk And Butter Added,Vegetables,108,2.05,14.36,4.96,1 cup,210
Potatoes Mashed Dehydrated Granules With Milk Dry Form,Vegetables,357,10.9,77.7,1.1,1 cup,200
Potatoes Mashed Dehydrated Prepared From Granules With Milk Water And Margarine Added,Vegetables,116,2.13,16.13,4.8,1 cup,210
Potatoes Hash Brown Frozen Plain Unprepared,Vegetables,82,2.06,17.72,0.62,1/2 cup,105
Potatoes Hash Brown Frozen Plain Prepared Pan Fried In Canola Oil,Vegetables,219,2.65,28.51,11.59,1 cup prepared,150
Potatoes Hash Brown Frozen With Butter Sauce Unprepared,Vegetables,135,1.87,18.28,6.66,1 package (6 oz),170
Potatoes Hash Brown Frozen With Butter Sauce Prepared,Vegetables,178,2.46,24.13,8.79,No data available,No data available
Potato Puffs Frozen Unprepared,Vegetables,178,1.93,24.8,8.71,1 cup,120
Potato Puffs Frozen Oven-Heated,Vegetables,192,2.13,27.29,9.05,10 puffs,79
Potatoes Frozen Whole Cooked Boiled Drained Without Salt,Vegetables,65,1.98,14.52,0.13,No data available,No data available
Cooked Tomatoes,Vegetables,18,0.95,4.01,0.11,1 cup,240
Tomatoes Red Ripe Canned Packed In Tomato Juice,Vegetables,16,0.79,3.47,0.25,1 cup,240
Tomatoes Red Ripe Canned Stewed,Vegetables,26,0.91,6.19,0.19,1 cup,255
Tomatoes Red Ripe Canned With Green Chilies,Vegetables,15,0.69,3.62,0.08,1 cup,241
Tomato Products Canned Sauce,Vegetables,24,1.2,5.31,0.3,1 cup,245
Tomato Products Canned Sauce With Mushrooms,Vegetables,35,1.45,8.43,0.13,1 cup,245
Tomato Products Canned Sauce With Onions,Vegetables,42,1.56,9.94,0.19,1 cup,245
Tomato Products Canned Sauce With Herbs And Cheese,Vegetables,59,2.13,10.24,1.93,1/2 cup,122
Cooked Turnips,Vegetables,22,0.71,5.06,0.08,1 cup/ cubes,156
Turnips Frozen Unprepared,Vegetables,16,1.04,2.94,0.16,1/ 3 package/ mashed (10 oz),94
Turnips Frozen Cooked Boiled Drained Without Salt,Vegetables,23,1.53,4.35,0.24,1 cup,156
Turnip Greens,Vegetables,32,1.5,7.13,0.3,1 cup/ chopped,55
Turnip Greens And Turnips Frozen Cooked Boiled Drained Without Salt,Vegetables,35,2.99,4.85,0.38,1 cup,163
Vegetable Juice Cocktail Canned,Vegetables,22,0.93,3.87,0.31,1 cup,253
Vegetables Mixed Canned Solids And Liquids,Vegetables,36,1.42,7.13,0.25,1 cup,245
Vegetables Mixed Canned Drained Solids,Vegetables,49,2.59,9.26,0.25,1 cup,163
Waterchestnuts Chinese (Matai) Raw,Vegetables,97,1.4,23.94,0.1,1/2 cup slices,62
Waterchestnuts Chinese Canned Solids And Liquids,Vegetables,50,0.88,12.3,0.06,1/2 cup slices,70
Watercress,Vegetables,11,2.3,1.29,0.1,1 cup/ chopped,34
Waxgourd (Chinese Preserving Melon) Raw,Vegetables,13,0.4,3,0.2,1 cup/ cubes,132
Winged Bean Tuber Raw,Vegetables,148,11.6,28.1,0.9,No data available,No data available
Yam,Vegetables,118,1.53,27.88,0.17,1 cup/ cubes,150
Cooked Yam,Vegetables,116,1.49,27.48,0.14,1 cup/ cubes,136
Yambean (Jicama) Raw,Vegetables,38,0.72,8.82,0.09,1 cup slices,120
Yambean (Jicama) Cooked Boiled Drained Without Salt,Vegetables,38,0.72,8.82,0.09,No data available,No data available
Dried Chives,Vegetables,311,21.2,64.29,3.5,1 tbsp,0.2
Dock Raw,Vegetables,22,2,3.2,0.7,1 cup/ chopped,133
Dock Cooked Boiled Drained Without Salt,Vegetables,20,1.83,2.93,0.64,No data available,No data available
Eppaw Raw,Vegetables,150,4.6,31.68,1.8,1 cup,100
Canned Mung Bean Sprouts,Vegetables,12,1.4,2.14,0.06,1 cup,125
Peppers Jalapeno Canned Solids And Liquids,Vegetables,27,0.92,4.74,0.94,1 cup/ chopped,136
White Icicle Radishes (Daikon),Vegetables,14,1.1,2.63,0.1,1/2 cup slices,50
Shallots Freeze-Dried,Vegetables,348,12.3,80.7,0.5,1 tbsp,0.9
Sweet Potato Canned Syrup Pack Solids And Liquids,Vegetables,89,0.98,20.93,0.2,1 cup,228
Sweet Potato Canned Syrup Pack Drained Solids,Vegetables,108,1.28,25.36,0.32,1 cup,196
Tomato Products Canned Sauce Spanish Style,Vegetables,33,1.44,7.24,0.27,1 cup,244
Beans Pinto Mature Seeds Sprouted Raw,Vegetables,62,5.25,11.6,0.9,No data available,No data available
Beans Pinto Mature Seeds Sprouted Cooked Boiled Drained Without Salt,Vegetables,22,1.86,4.1,0.32,No data available,No data available
Sweet Potato Cooked Candied Home-Prepared,Vegetables,164,0.89,32.12,3.54,1 piece (2-1/2 inch x 2 inch dia),105
Stewed Tomatoes,Vegetables,79,1.96,13.05,2.68,1 cup,101
Dried Agar Seaweed,Vegetables,306,6.21,80.88,0.3,No data available,No data available
Spirulina,Vegetables,26,5.92,2.42,0.39,No data available,No data available
Potato Pancakes,Vegetables,268,6.08,27.81,14.76,1 small 2-3/4 in. dia./ 5/8 in. thick.,22
Baked Potatoes (With Skin),Vegetables,93,2.5,21.15,0.13,1 nlea serving,148
Potatoes Microwaved Cooked In Skin Flesh And Skin Without Salt,Vegetables,105,2.44,24.24,0.1,1 potato (2-3/4 inch dia by 4-3/4 inch long),202
Radish Sprouts,Vegetables,43,3.81,3.6,2.53,1 cup,38
Yellow Tomatoes,Vegetables,15,0.98,2.98,0.26,1 cup/ chopped,139
Mushrooms Shiitake Cooked With Salt,Vegetables,56,1.56,14.39,0.22,1 cup pieces,145
Okra Cooked Boiled Drained With Salt,Vegetables,22,1.87,4.51,0.21,1/2 cup slices,80
Okra Frozen Cooked Boiled Drained With Salt,Vegetables,29,1.63,6.41,0.24,1/2 cup slices,92
Onions Cooked Boiled Drained With Salt,Vegetables,42,1.36,9.56,0.19,1 cup,210
Onions Frozen Chopped Cooked Boiled Drained With Salt,Vegetables,26,0.77,6,0.1,1 tbsp chopped,15
Cooked Green Peas (Salted),Vegetables,84,5.36,15.63,0.22,1 cup,160
Peas Green Canned No Salt Added Solids And Liquids,Vegetables,53,3.19,9.75,0.3,1/2 cup,124
Peas Green Canned No Salt Added Drained Solids,Vegetables,69,4.42,12.58,0.35,1/2 cup,85
Peas Green Frozen Cooked Boiled Drained With Salt,Vegetables,78,5.15,14.26,0.27,1/2 cup,80
Red Chili Peppers,Vegetables,40,1.87,8.81,0.44,1 pepper,45
Peppers Hot Chili Red Canned Excluding Seeds Solids And Liquids,Vegetables,21,0.9,5.1,0.1,1 pepper,73
Sweet Red Bell Peppers,Vegetables,26,0.99,6.03,0.3,1 cup/ chopped,149
Peppers Sweet Green Cooked Boiled Drained With Salt,Vegetables,26,0.92,6.11,0.2,1 tbsp,11.6
Cooked Red Bell Peppers,Vegetables,28,0.92,6.7,0.2,1 cup/ strips,135
Potatoes Baked Flesh And Skin With Salt,Vegetables,93,2.5,21.15,0.13,1/2 cup,61
Potatoes Baked Flesh With Salt,Vegetables,93,1.96,21.55,0.1,1/2 cup,61
Potatoes Baked Skin Only With Salt,Vegetables,198,4.29,46.06,0.1,1 skin,58
Potatoes Boiled Cooked In Skin Flesh With Salt,Vegetables,87,1.87,20.13,0.1,1/2 cup,78
Potatoes Microwaved Cooked In Skin Skin With Salt,Vegetables,132,4.39,29.63,0.1,1 skin,58
Potatoes Frozen Whole Cooked Boiled Drained With Salt,Vegetables,63,1.98,13.93,0.13,No data available,No data available
Potatoes Frozen French Fried Par Fried Cottage-Cut Prepared Heated In Oven With Salt,Vegetables,218,3.44,34.03,8.2,10 strips,50
Potatoes French Fried All Types Salt Not Added In Processing Frozen Oven-Heated,Vegetables,168,2.66,28.71,5.22,10 strip,74
Pumpkin Flowers Cooked Boiled Drained With Salt,Vegetables,15,1.09,3.18,0.08,1 cup,134
Pumpkin Leaves Cooked Boiled Drained With Salt,Vegetables,21,2.72,3.39,0.22,1 cup,71
Purslane Cooked Boiled Drained With Salt,Vegetables,18,1.49,3.55,0.19,1 cup,115
Radishes Oriental Cooked Boiled Drained With Salt,Vegetables,17,0.67,3.43,0.24,1 cup slices,147
Spinach Canned No Salt Added Solids And Liquids,Vegetables,19,2.11,2.92,0.37,1 cup,234
Spinach Frozen Chopped Or Leaf Cooked Boiled Drained With Salt,Vegetables,34,4.01,4.8,0.87,1/2 cup,95
Squash Summer All Varieties Cooked Boiled Drained With Salt,Vegetables,20,0.91,4.31,0.31,1 cup slices,180
Squash Summer Crookneck And Straightneck Cooked Boiled Drained With Salt,Vegetables,19,1.04,3.79,0.39,1 cup slices,180
Squash Winter All Varieties Cooked Baked With Salt,Vegetables,37,0.89,8.85,0.35,1 cup/ cubes,205
Squash Winter Acorn Cooked Baked With Salt,Vegetables,56,1.12,14.58,0.14,1 cup/ cubes,205
Squash Winter Acorn Cooked Boiled Mashed With Salt,Vegetables,34,0.67,8.79,0.08,1 cup/ mashed,245
Squash Winter Butternut Cooked Baked With Salt,Vegetables,40,0.9,10.49,0.09,1 cup/ cubes,205
Succotash (Corn And Limas) Frozen Cooked Boiled Drained With Salt,Vegetables,93,4.31,19.95,0.89,1 cup,170
Swamp Cabbage (Skunk Cabbage) Cooked Boiled Drained With Salt,Vegetables,20,2.08,3.7,0.24,1 cup/ chopped,98
Sweet Potato Leaves Cooked Steamed With Salt,Vegetables,35,2.18,7.38,0.34,1 cup,64
Sweet Potato Cooked Baked In Skin Flesh With Salt,Vegetables,90,2.01,20.71,0.15,1 medium (2 inch dia/ 5 inch long/ raw),114
Taro Shoots Cooked With Salt,Vegetables,14,0.73,3.19,0.08,1 cup slices,140
Taro Tahitian Cooked With Salt,Vegetables,44,4.16,6.85,0.68,1 cup slices,137
Tomatoes Red Ripe Cooked With Salt,Vegetables,18,0.95,4.01,0.11,1 cup,240
Tomatoes Red Ripe Canned Packed In Tomato Juice No Salt Added,Vegetables,16,0.79,3.47,0.25,1 cup,240
Turnip Greens Cooked Boiled Drained With Salt,Vegetables,20,1.14,4.36,0.23,1 cup/ chopped,144
Turnip Greens Frozen Cooked Boiled Drained With Salt,Vegetables,29,3.35,4.98,0.42,1/2 cup,82
Turnip Greens And Turnips Frozen Cooked Boiled Drained With Salt,Vegetables,34,2.99,4.74,0.38,1 cup,163
Vegetables Mixed Frozen Cooked Boiled Drained With Salt,Vegetables,60,2.86,13.09,0.15,1/2 cup,91
Raw Portobellos (Exposed To Sunlight Or Uv),Vegetables,22,2.11,3.87,0.35,1 cup diced,86
Beet Greens (Raw),Vegetables,22,2.2,4.33,0.13,1 cup,38
Cooked Beet Greens,Vegetables,27,2.57,5.46,0.2,1 cup (1 inch pieces),144
Broadbeans Immature Seeds Raw,Vegetables,72,5.6,11.7,0.6,1 cup,109
Broccoli,Vegetables,34,2.82,6.64,0.37,1 cup chopped,91
Broccoli Frozen Spears Cooked Boiled Drained Without Salt,Vegetables,28,3.1,5.36,0.11,1/2 cup,92
Broccoli Raab (Rapini),Vegetables,22,3.17,2.85,0.49,1 cup chopped,40
Cooked Broccoli Raab,Vegetables,25,3.83,3.12,0.52,1 nlea serving,85
Brussels Sprouts (Raw),Vegetables,43,3.38,8.95,0.3,1 cup,88
Cooked Burdock Root,Vegetables,88,2.09,21.15,0.14,1 cup (1 inch pieces),125
Butterbur (Fuki) Raw,Vegetables,14,0.39,3.61,0.04,1 cup,94
Butterbur Cooked Boiled Drained Without Salt,Vegetables,8,0.23,2.16,0.02,No data available,No data available
Butterbur Canned,Vegetables,3,0.11,0.38,0.13,1 cup/ chopped,124
Savoy Cabbage,Vegetables,27,2,6.1,0.1,1 cup/ shredded,70
Cooked Savoy Cabbage,Vegetables,24,1.8,5.41,0.09,1 cup/ shredded,145
Bok Choy,Vegetables,13,1.5,2.18,0.2,1 cup/ shredded,70
Pak-Choi (Bok Choy) (Cooked),Vegetables,12,1.56,1.78,0.16,1 cup/ shredded,170
Kimchi,Vegetables,15,1.1,2.4,0.5,1 cup,150
Carrots,Vegetables,41,0.93,9.58,0.24,1 cup chopped,128
Cooked Carrots,Vegetables,35,0.76,8.22,0.18,1 tbsp,9.7
Carrots Canned Regular Pack Solids And Liquids,Vegetables,23,0.58,5.37,0.14,1/2 cup slices,123
Carrots Canned Regular Pack Drained Solids,Vegetables,25,0.64,5.54,0.19,1 cup/ sliced,146
Cooked Cauliflower,Vegetables,23,1.84,4.11,0.45,1/2 cup (1 inch pieces),62
Cauliflower Frozen Unprepared,Vegetables,24,2.01,4.68,0.27,1/2 cup (1 inch pieces),66
Cauliflower Frozen Cooked Boiled Drained Without Salt,Vegetables,19,1.61,3.75,0.22,1 cup (1 inch pieces),180
Celeriac,Vegetables,42,1.5,9.2,0.3,1 cup,156
Cooked Swiss Chard,Vegetables,20,1.88,4.13,0.08,1 cup/ chopped,175
Chayote Fruit Raw,Vegetables,19,0.82,4.51,0.13,1 cup (1 inch pieces),132
Cooked Chayote,Vegetables,24,0.62,5.09,0.48,1 cup (1 inch pieces),160
Witloof Chicory,Vegetables,17,0.9,4,0.1,1 head,53
Cooked Chrysanthemum,Vegetables,20,1.64,4.31,0.09,1 cup (1 inch pieces),100
Collards,Vegetables,32,3.02,5.42,0.61,1 cup/ chopped,36
Cooked Collards,Vegetables,33,2.71,5.65,0.72,1 cup/ chopped,190
Collards Frozen Chopped Unprepared,Vegetables,33,2.69,6.46,0.37,1/3 package (10 oz),95
Corn Sweet Yellow Canned Brine Pack Regular Pack Solids And Liquids,Vegetables,61,1.95,13.86,0.77,1 cup,256
Onions Frozen Chopped Unprepared,Vegetables,29,0.79,6.82,0.1,1/3 package (10 oz),95
Onions Frozen Chopped Cooked Boiled Drained Without Salt,Vegetables,28,0.77,6.59,0.1,1 tbsp chopped,15
Onions Frozen Whole Unprepared,Vegetables,35,0.89,8.45,0.06,1/3 package (10 oz),95
Onions Frozen Whole Cooked Boiled Drained Without Salt,Vegetables,28,0.71,6.7,0.05,1 cup,210
Onion Rings Breaded Par Fried Frozen Unprepared,Vegetables,258,3.15,30.53,14.1,6 rings,85
Parsley,Vegetables,36,2.97,6.33,0.79,1 cup chopped,60
Parsnips,Vegetables,75,1.2,17.99,0.3,1 cup slices,133
Cooked Podded Peas,Vegetables,52,3.5,9.02,0.38,1 cup,160
Peas,Vegetables,81,5.42,14.45,0.4,1 cup,145
Cooked Green Peas,Vegetables,84,5.36,15.63,0.22,1 cup,160
Peas Green Canned Regular Pack Solids And Liquids,Vegetables,58,3.01,10.6,0.48,1/2 cup,124
Pea Sprouts,Vegetables,124,8.8,27.11,0.68,1 cup,120
Peas Mature Seeds Sprouted Cooked Boiled Drained Without Salt,Vegetables,98,7.05,17.08,0.51,No data available,No data available
Peas And Carrots Canned Regular Pack Solids And Liquids,Vegetables,38,2.17,8.48,0.27,1 cup,255
Peas And Carrots Frozen Unprepared,Vegetables,53,3.4,11.15,0.47,1/2 cup,70
Peppers Hot Chili Green Canned Pods Excluding Seeds Solids And Liquids,Vegetables,21,0.9,5.1,0.1,1 pepper,73
Green Bell Peppers,Vegetables,20,0.86,4.64,0.17,1 cup/ chopped,149
Cooked Green Bell Peppers,Vegetables,28,0.92,6.7,0.2,1 cup/ chopped or strips,135
Peppers Sweet Green Canned Solids And Liquids,Vegetables,18,0.8,3.9,0.3,1 cup/ halves,140
Pigeonpeas Immature Seeds Cooked Boiled Drained Without Salt,Vegetables,111,5.96,19.49,1.36,1 cup,153
Poi,Vegetables,112,0.38,27.23,0.14,1 cup,240
Pokeberry Shoots (Poke) Raw,Vegetables,23,2.6,3.7,0.4,1 cup,160
Pokeberry Shoots (Poke) Cooked Boiled Drained Without Salt,Vegetables,20,2.3,3.1,0.4,1 cup,165
Baked Potatoes,Vegetables,92,2.1,21.08,0.15,1 potato large (3 inch to 4-1/4 inch dia),299
Baked Red Potatoes,Vegetables,87,2.3,19.59,0.15,1 potato large (3 inch to 4-1/4 inch dia.,299
Potatoes French Fried Crinkle Or Regular Cut Salt Added In Processing Frozen As Purchased,Vegetables,146,2.34,23.96,4.99,10 strip,82
Boiled Potatoes,Vegetables,87,1.87,20.13,0.1,1/2 cup,78
Potatoes Boiled Cooked In Skin Skin Without Salt,Vegetables,78,2.86,17.21,0.1,1 skin,34
Potatoes Boiled Cooked Without Skin Flesh Without Salt,Vegetables,86,1.71,20.01,0.1,1/2 cup,78
Potatoes Microwaved Cooked In Skin Flesh Without Salt,Vegetables,100,2.1,23.28,0.1,1/2 cup,78
Potatoes Au Gratin Home-Prepared From Recipe Using Butter,Vegetables,134,5.06,11.26,7.59,1 cup,245
Potatoes Canned Solids And Liquids,Vegetables,44,1.2,9.89,0.11,1 cup/ whole,300
Potatoes Canned Drained Solids,Vegetables,60,1.41,13.61,0.21,1 cup,180
Potatoes Mashed Dehydrated Flakes Without Milk Dry Form,Vegetables,354,8.34,81.17,0.41,1 cup,60
Potatoes Mashed Dehydrated Prepared From Flakes Without Milk Whole Milk And Butter Added,Vegetables,97,1.77,10.87,5.13,1 cup,210
Potatoes Au Gratin Dry Mix Unprepared,Vegetables,314,8.9,74.31,3.7,1/6 package (5.5 oz),26
Potatoes Au Gratin Dry Mix Prepared With Water Whole Milk And Butter,Vegetables,93,2.3,12.84,4.12,1/6 package (5.5 oz) yields,137
Potatoes Scalloped Dry Mix Unprepared,Vegetables,358,7.77,73.93,4.59,1/6 package (5.5 oz),26
Potatoes Scalloped Dry Mix Prepared With Water Whole Milk And Butter,Vegetables,93,2.12,12.77,4.3,1 cup (unprepared),245
Potatoes French Fried Shoestring Salt Added In Processing Frozen As Purchased,Vegetables,163,2.16,25.59,6.24,10 strip,30
Potatoes French Fried Shoestring Salt Added In Processing Frozen Oven-Heated,Vegetables,194,2.9,31.66,6.76,10 strip,21
Potatoes Obrien Frozen Unprepared,Vegetables,76,1.83,17.47,0.14,No data available,No data available
Potatoes Obrien Frozen Prepared,Vegetables,204,2.22,21.86,13.21,No data available,No data available
Cooked Tahitian Taro,Vegetables,44,4.16,6.85,0.68,1 cup slices,137
Green Tomatoes,Vegetables,23,1.2,5.1,0.2,1 cup,180
Tomatoes,Vegetables,18,0.88,3.89,0.2,1 cup cherry tomatoes,149
Tomato Juice Canned With Salt Added,Vegetables,17,0.85,3.53,0.29,1 cup,243
Canned Tomato Paste,Vegetables,82,4.32,18.91,0.47,1/4 cup,66
Canned Tomato Puree,Vegetables,38,1.65,8.98,0.21,1 cup,250
Tomato Powder,Vegetables,302,12.91,74.68,0.44,No data available,No data available
Tomato Products Canned Sauce With Onions Green Peppers And Celery,Vegetables,41,0.94,8.77,0.74,1 cup,250
Tomato Products Canned Sauce With Tomato Tidbits,Vegetables,32,1.32,7.09,0.39,1 cup,244
Tree Fern Cooked Without Salt,Vegetables,40,0.29,10.98,0.07,1/2 cup/ chopped,71
Turnips,Vegetables,28,0.9,6.43,0.1,1 cup/ cubes,130
Cooked Turnip Greens,Vegetables,20,1.14,4.36,0.23,1 cup/ chopped,144
Turnip Greens Canned Solids And Liquids,Vegetables,14,1.36,2.42,0.3,1/2 cup,117
Turnip Greens Frozen Unprepared,Vegetables,22,2.47,3.67,0.31,1/2 cup/ chopped or diced,82
Turnip Greens Frozen Cooked Boiled Drained Without Salt,Vegetables,29,3.35,4.98,0.42,1 cup,164
Turnip Greens And Turnips Frozen Unprepared,Vegetables,21,2.46,3.39,0.19,1/3 package (10 oz),95
Vegetables Mixed Frozen Unprepared,Vegetables,72,3.33,13.47,0.52,1/3 package (10 oz),95
Vegetables Mixed Frozen Cooked Boiled Drained Without Salt,Vegetables,65,2.86,13.09,0.15,1/2 cup,91
Vegetable Juice Cocktail Low Sodium Canned,Vegetables,19,0.91,3.83,0.32,1 cup,254
Vinespinach,Vegetables,19,1.8,3.4,0.3,No data available,No data available
Waxgourd (Chinese Preserving Melon) Cooked Boiled Drained Without Salt,Vegetables,14,0.4,3.04,0.2,1 cup/ cubes,175
Winged Beans Immature Seeds Raw,Vegetables,49,6.95,4.31,0.87,1 cup slices,44
Winged Beans Immature Seeds Cooked Boiled Drained Without Salt,Vegetables,38,5.31,3.21,0.66,1 cup,62
Winged Bean Leaves Raw,Vegetables,74,5.85,14.1,1.1,No data available,No data available
Beets Harvard Canned Solids And Liquids,Vegetables,73,0.84,18.18,0.06,1 cup slices,246
Pickled Beets,Vegetables,65,0.8,16.28,0.08,1 cup slices,227
Borage Raw,Vegetables,21,1.8,3.06,0.7,1 cup (1 inch pieces),89
Borage Cooked Boiled Drained Without Salt,Vegetables,25,2.09,3.55,0.81,No data available,No data available
Drumstick Pods Raw,Vegetables,37,2.1,8.53,0.2,1 cup slices,100
Drumstick Pods Cooked Boiled Drained Without Salt,Vegetables,36,2.09,8.18,0.19,1 cup slices,118
Leeks (Bulb And Lower-Leaf Portion) Freeze-Dried,Vegetables,321,15.2,74.65,2.1,1 tbsp,0.2
Freeze-Dried Parsley,Vegetables,271,31.3,42.38,5.2,1 tbsp,0.4
Summer Squash,Vegetables,16,1.21,3.35,0.18,1 cup/ sliced,113
Cooked Summer Squash,Vegetables,20,0.91,4.31,0.31,1 cup/ sliced,180
Winter Squash,Vegetables,34,0.95,8.59,0.13,1 cup/ cubes,116
Cooked Winter Squash,Vegetables,37,0.89,8.85,0.35,1 cup/ cubes,205
Carrot Juice Canned,Vegetables,40,0.95,9.28,0.15,1 cup,236
Corn Pudding Home Prepared,Vegetables,131,4.42,16.97,5.04,1 cup,250
Potatoes Mashed Home-Prepared Whole Milk Added,Vegetables,83,1.91,17.57,0.57,1 cup,210
Spinach Souffle,Vegetables,172,7.89,5.9,12.95,1 cup,136
Dried Spirulina Seaweed,Vegetables,290,57.47,23.9,7.72,1 cup,112
Wakame,Vegetables,45,3.03,9.14,0.64,2 tbsp (1/8 cup),10
Hot Green Chili Peppers,Vegetables,40,2,9.46,0.2,1 pepper,45
Potatoes Obrien Home-Prepared,Vegetables,81,2.35,15.47,1.28,1 cup,194
Shallots,Vegetables,72,2.5,16.8,0.1,1 tbsp chopped,10
Carrot Dehydrated,Vegetables,341,8.1,79.57,1.49,1 cup,74
Tomatoes Crushed Canned,Vegetables,32,1.64,7.29,0.28,1/2 cup,121
Tomatoes Orange Raw,Vegetables,16,1.16,3.18,0.19,1 cup/ chopped,158
Mustard Greens Cooked Boiled Drained With Salt,Vegetables,26,2.56,4.51,0.47,1 cup/ chopped,140
Mustard Greens Frozen Cooked Boiled Drained With Salt,Vegetables,19,2.27,3.11,0.25,1 cup/ chopped or diced,150
Mustard Spinach (Tendergreen) Cooked Boiled Drained With Salt,Vegetables,16,1.7,2.8,0.2,1 cup/ chopped,180
New Zealand Spinach Cooked Boiled Drained With Salt,Vegetables,12,1.3,2.13,0.17,1 cup/ chopped,180
Onions Frozen Whole Cooked Boiled Drained With Salt,Vegetables,26,0.71,6.11,0.05,1 cup,210
Parsnips Cooked Boiled Drained With Salt,Vegetables,71,1.32,17.01,0.3,1/2 cup slices,78
Peas Edible-Podded Cooked Boiled Drained With Salt,Vegetables,40,3.27,6.46,0.23,1 cup,160
Peas Edible-Podded Frozen Cooked Boiled Drained With Salt,Vegetables,50,3.5,8.43,0.38,1 cup,160
Peas Mature Seeds Sprouted Cooked Boiled Drained With Salt,Vegetables,98,7.05,17.08,0.51,No data available,No data available
Peas And Carrots Canned No Salt Added Solids And Liquids,Vegetables,38,2.17,8.48,0.27,1 cup,255
Peas And Carrots Frozen Cooked Boiled Drained With Salt,Vegetables,48,3.09,10.12,0.42,1/2 cup,80
Peas And Onions Frozen Cooked Boiled Drained With Salt,Vegetables,45,2.54,8.63,0.2,1 cup,180
Peppers Sweet Red Cooked Boiled Drained With Salt,Vegetables,26,0.92,6.11,0.2,1 tbsp,12
Peppers Sweet Green Frozen Chopped Cooked Boiled Drained With Salt,Vegetables,16,0.95,3.31,0.18,1 cup/ chopped or strips,135
Pigeonpeas Immature Seeds Cooked Boiled Drained With Salt,Vegetables,111,5.96,19.49,1.36,1 cup,153
Pokeberry Shoots (Poke) Cooked Boiled Drained With Salt,Vegetables,20,2.3,3.1,0.4,1 cup,165
Potatoes Boiled Cooked In Skin Skin With Salt,Vegetables,78,2.86,17.2,0.1,1 skin,34
Potatoes Boiled Cooked Without Skin Flesh With Salt,Vegetables,86,1.71,20.01,0.1,1/2 cup,78
Potatoes Microwaved Cooked In Skin Flesh And Skin With Salt,Vegetables,105,2.44,24.24,0.1,1 potato (2-1/3 inch x 4-3/4 inch),202
Potatoes Microwaved Cooked In Skin Flesh With Salt,Vegetables,100,2.1,23.28,0.1,1/2 cup,78
Potatoes French Fried All Types Salt Not Added In Processing Frozen As Purchased,Vegetables,147,2.24,24.81,4.66,10 strips,65
Potatoes Au Gratin Home-Prepared From Recipe Using Margarine,Vegetables,132,5.06,11.27,7.59,1 cup,245
Potatoes Scalloped Home-Prepared With Margarine,Vegetables,88,2.87,10.78,3.68,1 cup,245
Pumpkin Cooked Boiled Drained With Salt,Vegetables,18,0.72,4.31,0.07,1 cup/ mashed,245
Pumpkin Canned With Salt,Vegetables,34,1.1,8.09,0.28,1 cup,245
Rutabagas Cooked Boiled Drained With Salt,Vegetables,30,0.93,6.84,0.18,1/2 cup/ mashed,120
Salsify Cooked Boiled Drained With Salt,Vegetables,68,2.73,15.36,0.17,1 cup slices,135
Soybeans Green Cooked Boiled Drained With Salt,Vegetables,141,12.35,11.05,6.4,1 cup,180
Spinach Cooked Boiled Drained With Salt,Vegetables,23,2.97,3.75,0.26,1 cup,180
Squash Summer Crookneck And Straightneck Frozen Cooked Boiled Drained With Salt,Vegetables,25,1.28,5.54,0.2,1 cup slices,192
Squash Summer Scallop Cooked Boiled Drained With Salt,Vegetables,16,1.03,3.3,0.17,1/2 cup slices,90
Squash Summer Zucchini Includes Skin Cooked Boiled Drained With Salt,Vegetables,15,1.14,2.69,0.36,1/2 cup slices,90
Squash Summer Zucchini Includes Skin Frozen Cooked Boiled Drained With Salt,Vegetables,14,1.15,2.97,0.13,1 cup,223
Squash Winter Butternut Frozen Cooked Boiled With Salt,Vegetables,39,1.23,10.04,0.07,1 cup/ mashed,240
Squash Winter Hubbard Baked With Salt,Vegetables,50,2.48,10.81,0.62,1 cup/ cubes,205
Squash Winter Hubbard Cooked Boiled Mashed With Salt,Vegetables,30,1.48,6.46,0.37,1 cup/ mashed,236
Squash Winter Spaghetti Cooked Boiled Drained Or Baked With Salt,Vegetables,27,0.66,6.46,0.26,1 cup,155
Succotash (Corn And Limas) Cooked Boiled Drained With Salt,Vegetables,111,5.07,24.37,0.8,1 cup,192
Sweet Potato Cooked Boiled Without Skin With Salt,Vegetables,76,1.37,17.72,0.14,1 cup/ mashed,328
Sweet Potato Frozen Cooked Baked With Salt,Vegetables,100,1.71,23.4,0.12,1 cup/ cubes,176
Taro Cooked With Salt,Vegetables,142,0.52,34.6,0.11,1 cup slices,132
Taro Leaves Cooked Steamed With Salt,Vegetables,24,2.72,3.89,0.41,1 cup,145
Tomato Juice Canned Without Salt Added,Vegetables,17,0.85,3.53,0.29,1 cup,243
Tomato Products Canned Puree With Salt Added,Vegetables,38,1.65,8.98,0.21,1 cup,250
Turnips Cooked Boiled Drained With Salt,Vegetables,22,0.71,5.06,0.08,1 cup/ cubes,156
Turnips Frozen Cooked Boiled Drained With Salt,Vegetables,21,1.53,3.73,0.24,1 cup,156
Waxgourd (Chinese Preserving Melon) Cooked Boiled Drained With Salt,Vegetables,11,0.4,2.45,0.2,1 cup/ cubes,175
Winged Bean Immature Seeds Cooked Boiled Drained With Salt,Vegetables,37,5.31,3.21,0.66,1 cup,62
Yam Cooked Boiled Drained Or Baked With Salt,Vegetables,114,1.49,26.99,0.14,1 cup/ cubes,136
Mozzarella Cheese Tomato And Basil With Oil And Vinegar Dressing,Vegetables,139,7.18,4.18,10.7,1 cup,160
Greens With Ham Or Pork,Vegetables,47,4.76,5.08,1.43,1 cup,144
Stuffed Green Pepper Frozen Meal,Vegetables,94,4.88,9.27,4.38,1 meal (14 oz),397
Egg Curry,Vegetables,78,3.33,7.09,4.3,1 cup,236
Sambar Vegetable Stew,Vegetables,84,4.3,11.61,2.64,1 cup,248
Stuffed Pepper With Meat,Vegetables,193,9.25,4.22,15.64,1/2 pepper with filling,149
Stuffed Pepper With Rice And Meat,Vegetables,174,7.87,9.91,11.46,1/2 pepper with filling,149
Stuffed Pepper With Rice Meatless,Vegetables,161,3.79,12.02,11.05,1/2 pepper with filling,149
Stuffed Tomato With Rice And Meat,Vegetables,98,4.75,9.86,4.49,1 tomato with filling,149
Stuffed Tomato With Rice Meatless,Vegetables,76,1.61,13.08,2.12,1 tomato with filling,149
Potato Nfs,Vegetables,125,1.87,20.45,4.19,1 baby potato,60
Potato Baked Nfs,Vegetables,93,1.95,21.45,0.1,1 small,230
Potato Baked Peel Not Eaten,Vegetables,93,1.95,21.45,0.1,1 small,230
Potato Boiled Nfs,Vegetables,125,1.87,20.45,4.19,1 baby potato,60
Potato Boiled Ready-To-Heat,Vegetables,125,1.87,20.45,4.19,1 baby potato,60
Potato Boiled From Fresh Peel Not Eaten Ns As To Fat Added In Cooking,Vegetables,125,1.87,20.45,4.19,1 baby potato,60
Potato Boiled From Fresh Peel Not Eaten Fat Not Added In Cooking,Vegetables,93,1.95,21.46,0.1,1 baby potato,60
Potato Boiled From Fresh Peel Not Eaten Fat Added In Cooking Ns As To Type Of Fat,Vegetables,125,1.87,20.45,4.19,1 baby potato,60
Potato Boiled From Fresh Peel Not Eaten Made With Oil,Vegetables,130,1.86,20.45,4.84,1 baby potato,60
Potato Boiled From Fresh Peel Not Eaten Made With Butter,Vegetables,122,1.9,20.45,3.94,1 baby potato,60
Potato Boiled From Fresh Peel Not Eaten Made With Margarine,Vegetables,114,1.87,20.49,2.93,1 baby potato,60
Potato Boiled From Fresh Peel Eaten Ns As To Fat Added In Cooking,Vegetables,125,2.39,20.08,4.22,1 baby potato,60
Potato Boiled From Fresh Peel Eaten Fat Added In Cooking Ns As To Type Of Fat,Vegetables,125,2.39,20.08,4.22,1 baby potato,60
Potato Boiled From Fresh  Peel Eaten Fat Not Added In Cooking,Vegetables,93,2.49,21.07,0.13,1 baby potato,60
Potato Boiled From Fresh Peel Eaten Made With Oil,Vegetables,130,2.37,20.07,4.87,1 baby potato,60
Potato Boiled From Fresh Peel Eaten Made With Butter,Vegetables,122,2.41,20.07,3.97,1 baby potato,60
Potato Boiled From Fresh Peel Eaten Made With Margarine,Vegetables,114,2.38,20.11,2.96,1 baby potato,60
Potato Canned Ns As To Fat Added In Cooking,Vegetables,95,1.34,12.91,4.28,1 whole/ canned,35
Potato Canned Fat Added In Cooking Ns As To Type Of Fat,Vegetables,95,1.34,12.91,4.28,1 whole/ canned,35
Potato Canned Fat Not Added In Cooking,Vegetables,62,1.39,13.55,0.2,1 whole/ canned,35
Potato Roasted Nfs,Vegetables,125,1.87,20.45,4.19,1 baby potato,60
Potato Roasted From Fresh Peel Eaten Ns As To Fat Added In Cooking,Vegetables,125,2.39,20.08,4.22,1 baby potato,60
Potato Roasted From Fresh Peel Eaten Fat Not Added In Cooking,Vegetables,93,2.49,21.07,0.13,1 baby potato,60
Potato Roasted From Fresh Peel Eaten Fat Added In Cooking Ns As To Type Of Fat,Vegetables,125,2.39,20.08,4.22,1 baby potato,60
Potato Roasted From Fresh Peel Eaten Made With Oil,Vegetables,130,2.37,20.07,4.87,1 baby potato,60
Potato Roasted From Fresh Peel Eaten Made With Butter,Vegetables,122,2.41,20.07,3.97,1 baby potato,60
Potato Roasted From Fresh Peel Eaten Made With Margarine,Vegetables,114,2.38,20.11,2.96,1 baby potato,60
Potato Roasted From Fresh Peel Not Eaten Ns As To Fat Added In Cooking,Vegetables,125,1.87,20.45,4.19,1 baby potato,60
Potato Roasted From Fresh Peel Not Eaten Fat Added In Cooking Ns As To Type Of Fat,Vegetables,125,1.87,20.45,4.19,1 baby potato,60
Potato Roasted From Fresh Peel Not Eaten Fat Not Added In Cooking,Vegetables,93,1.95,21.46,0.1,1 baby potato,60
Potato Roasted From Fresh Peel Not Eaten Made With Oil,Vegetables,130,1.86,20.45,4.84,1 baby potato,60
Potato Roasted From Fresh Peel Not Eaten Made With Butter,Vegetables,122,1.9,20.45,3.94,1 baby potato,60
Potato Roasted From Fresh Peel Not Eaten Made With Margarine,Vegetables,114,1.87,20.49,2.93,1 baby potato,60
Potato Roasted Ready-To-Heat,Vegetables,125,1.87,20.45,4.19,1 baby potato,60
Potato Only From Puerto Rican Mixed Dishes Gravy And Other Components Reported Separately,Vegetables,85,1.7,19.89,0.1,1 small,97
Potato Baked Peel Not Eaten With Butter,Vegetables,124,1.9,20.39,4.13,1 small,260
Potato Baked Peel Not Eaten With Sour Cream,Vegetables,130,1.95,18.96,5.51,1 small,260
Potato Baked Peel Not Eaten With Cheese,Vegetables,152,3.58,17.72,7.68,1 small,260
Potato Baked Peel Not Eaten With Meat,Vegetables,159,4.24,17.38,8.27,1 small,260
Potato Baked Peel Not Eaten With Chili,Vegetables,141,4.01,18.02,6.13,1 small,260
Potato Baked Peel Not Eaten With Vegetables,Vegetables,141,3.65,18.14,6.24,1 small,260
Potato Baked Peel Eaten,Vegetables,93,2.49,21.05,0.13,1 small,230
Potato Baked Peel Eaten With Butter,Vegetables,124,2.41,20.01,4.16,1 small,260
Potato Baked Peel Eaten With Sour Cream,Vegetables,130,2.41,18.62,5.54,No data available,No data available
Potato Baked Peel Eaten With Cheese,Vegetables,152,4,17.41,7.7,No data available,No data available
Potato Baked Peel Eaten With Meat,Vegetables,159,4.66,17.06,8.3,1 small,260
Potato Baked Peel Eaten With Chili,Vegetables,141,4.4,17.73,6.15,No data available,No data available
Potato Baked Peel Eaten With Vegetables,Vegetables,141,4.09,17.81,6.27,1 small,260
Plantain Boiled Ns As To Green Or Ripe,Vegetables,116,0.79,31.15,0.18,1 slice,27
Plantain Fried Ns As To Green Or Ripe,Vegetables,241,1.66,40.6,10.16,1 slice,27
Green Plantains Boiled,Vegetables,116,0.79,31.15,0.18,1 slice,27
Fried Green Plantain Puerto Rican Style,Vegetables,236,1.45,35.53,11.72,1 small tostone,20
Fried Ripe Plantain Puerto Rican Style,Vegetables,252,1.47,36.07,13.27,No data available,No data available
Plantain Ripe Rolled In Flour Fried,Vegetables,245,1.91,36.46,11.89,"1 piece (2-1/2"" long)",45
Candied Ripe Plantain Puerto Rican Style,Vegetables,258,0.8,50.17,7.5,1 serving (1/2 plantain with syrup),140
Green Banana Cooked In Salt Water,Vegetables,88,1.08,22.7,0.33,1 small,54
Green Banana Fried,Vegetables,147,1.14,23.99,6.41,1 slice,23
Cassava Cooked Ns As To Fat Added In Cooking,Vegetables,176,1.34,37.05,2.53,1 piece,20
Cassava Cooked Fat Not Added In Cooking,Vegetables,161,1.37,38.22,0.28,1 piece,20
Cassava Cooked Fat Added In Cooking Ns As To Type Of Fat,Vegetables,176,1.34,37.05,2.53,1 piece,20
Cassava Cooked Made With Oil,Vegetables,183,1.32,37.04,3.39,1 piece,20
Cassava Cooked Made With Butter,Vegetables,178,1.35,37.04,2.8,1 piece,20
Cassava Cooked Made With Margarine,Vegetables,172,1.33,37.06,2.13,1 piece,20
Yuca Fries,Vegetables,267,1.24,34.72,13.94,1 cup,140
Cassava With Creole Sauce Puerto Rican Style,Vegetables,132,1.28,24.57,3.48,1 serving (2 pieces with sauce),230
Yam Cooked Puerto Rican,Vegetables,115,1.48,27.29,0.14,1 cup,140
Tannier Cooked,Vegetables,153,2.05,36.18,0.27,1 cup,190
Celeriac Cooked,Vegetables,44,1.57,9.63,0.31,1 cup/ pieces,155
Dasheen Boiled,Vegetables,141,0.52,34.39,0.11,1 cup/ pieces,142
Dasheen Fried,Vegetables,253,0.64,42.81,8.85,1 cup/ pieces,123
Taro Baked,Vegetables,144,1.93,34.09,0.26,1 cup,132
Starchy Vegetables NFS Puerto Rican Style,Vegetables,135,1.06,33.14,0.19,1 cup,195
Starchy Vegetables Including Tannier White Sweet Potato And Yam With Green Or Ripe Plantains Puerto Rican Style,Vegetables,135,1.06,33.14,0.19,1 cup,195
Starchy Vegetables Including Tannier White Sweet Potato And Yam No Plantain Puerto Rican Style,Vegetables,142,1.16,33.86,0.19,1 cup,190
Fufu,Vegetables,156,1.39,31.8,2.65,1 cup/ cooked,240
Beet Greens Cooked Ns As To Fat Added In Cooking,Vegetables,46,2.49,5.26,2.48,1 cup,149
Beet Greens Cooked Fat Not Added In Cooking,Vegetables,27,2.55,5.42,0.2,1 cup,144
Beet Greens Cooked Fat Added In Cooking Ns As To Type Of Fat,Vegetables,46,2.49,5.26,2.48,1 cup,149
Beet Greens Cooked Made With Oil,Vegetables,53,2.48,5.26,3.23,1 cup,149
Beet Greens Cooked Made With Butter,Vegetables,49,2.5,5.25,2.75,1 cup,149
Beet Greens Cooked Made With Margarine,Vegetables,43,2.48,5.28,2.1,1 cup,149
Broccoli Raab Cooked Ns As To Fat Added In Cooking,Vegetables,49,3.72,3.03,2.46,1 cup,170
Broccoli Raab Cooked Fat Not Added In Cooking,Vegetables,33,3.81,3.1,0.52,1 cup,170
Broccoli Raab Cooked Fat Added In Cooking Ns As To Type Of Fat,Vegetables,49,3.72,3.03,2.46,1 cup,170
Broccoli Raab Cooked Made With Oil,Vegetables,55,3.71,3.02,3.09,1 cup,170
Broccoli Raab Cooked Made With Butter,Vegetables,51,3.73,3.02,2.69,1 cup,170
Broccoli Raab Cooked Made With Margarine,Vegetables,46,3.71,3.04,2.13,1 cup,170
Chard Cooked Ns As To Fat Added In Cooking,Vegetables,36,1.84,4.01,1.98,1 cup/ stalk and leaves,150
Chard Cooked Fat Not Added In Cooking,Vegetables,20,1.87,4.11,0.08,1 cup/ stalk and leaves,145
Chard Cooked Fat Added In Cooking Ns As To Type Of Fat,Vegetables,36,1.84,4.01,1.98,1 cup/ stalk and leaves,150
Chard Cooked Made With Oil,Vegetables,42,1.82,4,2.59,1 cup/ stalk and leaves,150
Chard Cooked Made With Butter,Vegetables,38,1.84,4,2.2,1 cup/ stalk and leaves,150
Chard Cooked Made With Margarine,Vegetables,33,1.82,4.02,1.66,1 cup/ stalk and leaves,150
Collards Cooked Ns As To Form Ns As To Fat Added In Cooking,Vegetables,48,2.64,5.49,2.45,1 cup/ ns as to from fresh/ frozen/ or canned,175
Collards Cooked From Fresh Ns As To Fat Added In Cooking,Vegetables,48,2.64,5.49,2.45,1 cup/ fresh,133
Collards Cooked From Frozen Ns As To Fat Added In Cooking,Vegetables,52,2.89,6.88,2.35,1 cup/ frozen,175
Collards Cooked From Canned Ns As To Fat Added In Cooking,Vegetables,47,2.63,5.46,2.44,1 cup/ canned,167
Collards Cooked Ns As To Form Fat Not Added In Cooking,Vegetables,33,2.7,5.62,0.72,1 cup/ ns as to from fresh/ frozen/ or canned,170
Collards Cooked From Fresh Fat Not Added In Cooking,Vegetables,33,2.7,5.62,0.72,1 cup/ fresh,128
Collards Cooked From Frozen Fat Not Added In Cooking,Vegetables,36,2.95,7.06,0.41,1 cup/ frozen,170
Collards Cooked From Canned Fat Not Added In Cooking,Vegetables,33,2.68,5.58,0.71,1 cup/ canned,162
Collards Cooked Ns As To Form Fat Added In Cooking Ns As To Type Of Fat,Vegetables,48,2.64,5.49,2.45,1 cup/ ns as to from fresh/ frozen/ or canned,175
Collards Cooked From Fresh Fat Added In Cooking Ns As To Type Of Fat,Vegetables,48,2.64,5.49,2.45,1 cup/ fresh,133
Collards Cooked From Frozen Fat Added In Cooking Ns As To Type Of Fat,Vegetables,52,2.89,6.88,2.35,1 cup/ frozen,175
Collards Cooked From Canned Fat Added In Cooking Ns As To Type Of Fat,Vegetables,47,2.63,5.46,2.44,1 cup/ canned,167
Collards Cooked Ns As To Form Made With Oil,Vegetables,53,2.63,5.49,3.02,1 cup/ ns as to from fresh/ frozen/ or canned,175
Collards Cooked Ns As To Form Made With Butter,Vegetables,49,2.65,5.49,2.66,1 cup/ ns as to from fresh/ frozen/ or canned,175
Collards Cooked Ns As To Form Made With Margarine,Vegetables,45,2.63,5.5,2.16,1 cup/ ns as to from fresh/ frozen/ or canned,175
Collards Cooked From Fresh Made With Oil,Vegetables,53,2.63,5.49,3.02,1 cup/ fresh,133
Collards Cooked From Fresh Made With Butter,Vegetables,49,2.65,5.49,2.66,1 cup/ fresh,133
Collards Cooked From Fresh Made With Margarine,Vegetables,45,2.63,5.5,2.16,1 cup/ fresh,133
Collards Cooked From Frozen Made With Oil,Vegetables,58,2.88,6.88,2.98,1 cup/ frozen,175
Collards Cooked From Frozen Made With Butter,Vegetables,54,2.9,6.87,2.58,1 cup/ frozen,175
Collards Cooked From Frozen Made With Margarine,Vegetables,49,2.88,6.89,2.02,1 cup/ frozen,175
Collards Cooked From Canned Made With Oil,Vegetables,52,2.61,5.45,3,1 cup/ canned,167
Collards Cooked From Canned Made With Butter,Vegetables,49,2.63,5.45,2.64,1 cup/ canned,167
Collards Cooked From Canned Made With Margarine,Vegetables,45,2.62,5.46,2.14,1 cup/ canned,167
Cress Cooked Ns As To Form Ns As To Fat Added In Cooking,Vegetables,44,1.84,3.66,3.02,1 cup,140
Cress Cooked From Fresh Ns As To Fat Added In Cooking,Vegetables,44,1.84,3.66,3.02,1 cup,140
Cress Cooked From Canned Ns As To Fat Added In Cooking,Vegetables,44,1.84,3.66,3.02,1 cup,140
Cress Cooked Ns As To Form Fat Not Added In Cooking,Vegetables,23,1.89,3.77,0.6,1 cup,135
Cress Cooked From Fresh Fat Not Added In Cooking,Vegetables,23,1.89,3.77,0.6,1 cup,135
Cress Cooked From Canned Fat Not Added In Cooking,Vegetables,23,1.89,3.77,0.6,1 cup,135
Cress Cooked Ns As To Form Fat Added In Cooking Ns As To Type Of Fat,Vegetables,44,1.84,3.66,3.02,1 cup,140
Cress Cooked From Fresh Fat Added In Cooking Ns As To Type Of Fat,Vegetables,44,1.84,3.66,3.02,1 cup,140
Cress Cooked From Canned Fat Added In Cooking Ns As To Type Of Fat,Vegetables,44,1.84,3.66,3.02,1 cup,140
Cress Cooked Ns As To Form Made With Oil,Vegetables,51,1.82,3.65,3.81,1 cup,140
Cress Cooked Ns As To Form Made With Butter,Vegetables,46,1.85,3.65,3.3,1 cup,140
Cress Cooked Ns As To Form Made With Margarine,Vegetables,40,1.83,3.67,2.6,1 cup,140
Cress Cooked From Fresh Made With Oil,Vegetables,51,1.82,3.65,3.81,1 cup,140
Cress Cooked From Fresh Made With Butter,Vegetables,46,1.85,3.65,3.3,1 cup,140
Cress Cooked From Fresh Made With Margarine,Vegetables,40,1.83,3.67,2.6,1 cup,140
Cress Cooked From Canned Made With Oil,Vegetables,51,1.82,3.65,3.81,1 cup,140
Cress Cooked From Canned Made With Butter,Vegetables,46,1.85,3.65,3.3,1 cup,140
Cress Cooked From Canned Made With Margarine,Vegetables,40,1.83,3.67,2.6,1 cup,140
Dandelion Greens Cooked Ns As To Fat Added In Cooking,Vegetables,59,1.92,6.08,3.67,1 cup/ chopped,110
Dandelion Greens Cooked Fat Not Added In Cooking,Vegetables,33,1.98,6.34,0.59,1 cup/ chopped,105
Dandelion Greens Cooked Fat Added In Cooking Ns As To Type Of Fat,Vegetables,59,1.92,6.08,3.67,1 cup/ chopped,110
Dandelion Greens Cooked Made With Oil,Vegetables,68,1.9,6.08,4.68,1 cup/ chopped,110
Dandelion Greens Cooked Made With Butter,Vegetables,62,1.93,6.07,4.03,1 cup/ chopped,110
Dandelion Greens Cooked Made With Margarine,Vegetables,54,1.9,6.1,3.14,1 cup/ chopped,110
Romaine Lettuce Raw,Vegetables,19,1.39,3.78,0.27,No data available,No data available
Caesar Salad With Romaine No Dressing,Vegetables,71,4.77,6,3.41,1 cup,79
Escarole Cooked Ns As To Fat Added In Cooking,Vegetables,47,1.1,2.95,3.4,1 cup,135
Escarole Cooked Fat Not Added In Cooking,Vegetables,19,1.14,3.05,0.18,1 cup,130
Escarole Cooked Fat Added In Cooking Ns As To Type Of Fat,Vegetables,47,1.1,2.95,3.4,1 cup,135
Escarole Cooked Made With Oil,Vegetables,47,1.1,2.95,3.4,1 cup,135
Escarole Cooked Made With Butter,Vegetables,42,1.13,2.95,2.9,1 cup,135
Escarole Cooked Made With Margarine,Vegetables,36,1.11,2.97,2.2,1 cup,135
Escarole Creamed,Vegetables,80,2.44,5.99,5.2,1 cup,200
Greens Cooked Ns As To Form Ns As To Fat Added In Cooking,Vegetables,46,1.94,5.07,2.6,1 cup,151
Greens Cooked From Fresh Ns As To Fat Added In Cooking,Vegetables,46,1.94,5.07,2.6,1 cup,151
Greens Cooked From Frozen Ns As To Fat Added In Cooking,Vegetables,50,2.98,5.63,2.56,1 cup,166
Greens Cooked From Canned Ns As To Fat Added In Cooking,Vegetables,46,1.94,5.07,2.6,1 cup,175
Greens Cooked Ns As To Form Fat Not Added In Cooking,Vegetables,27,1.98,5.21,0.48,1 cup,146
Greens Cooked From Fresh Fat Not Added In Cooking,Vegetables,27,1.98,5.21,0.48,1 cup,146
Greens Cooked From Frozen Fat Not Added In Cooking,Vegetables,32,3.05,5.79,0.43,1 cup,161
Greens Cooked From Canned Fat Not Added In Cooking,Vegetables,27,1.98,5.21,0.48,1 cup,170
Greens Cooked Ns As To Form Fat Added In Cooking Ns As To Type Of Fat,Vegetables,46,1.94,5.07,2.6,1 cup,151
Greens Cooked From Fresh Fat Added In Cooking Ns As To Type Of Fat,Vegetables,46,1.94,5.07,2.6,1 cup,151
Greens Cooked From Frozen Fat Added In Cooking Ns As To Type Of Fat,Vegetables,50,2.98,5.63,2.56,1 cup,166
Greens Cooked From Canned Fat Added In Cooking Ns As To Type Of Fat,Vegetables,46,1.94,5.07,2.6,1 cup,175
Greens Cooked Ns As To Form Made With Oil,Vegetables,52,1.93,5.06,3.3,1 cup,151
Greens Cooked Ns As To Form Made With Butter,Vegetables,48,1.95,5.06,2.85,1 cup,151
Greens Cooked Ns As To Form Made With Margarine,Vegetables,42,1.93,5.08,2.24,1 cup,151
Greens Cooked From Fresh Made With Oil,Vegetables,52,1.93,5.06,3.3,1 cup,151
Greens Cooked From Fresh Made With Butter,Vegetables,48,1.95,5.06,2.85,1 cup,151
Greens Cooked From Fresh Made With Margarine,Vegetables,42,1.93,5.08,2.24,1 cup,151
Greens Cooked From Frozen Made With Oil,Vegetables,56,2.96,5.62,3.26,1 cup,166
Greens Cooked From Frozen Made With Butter,Vegetables,52,2.98,5.62,2.81,1 cup,151
Greens Cooked From Frozen Made With Margarine,Vegetables,45,2.86,5.15,2.24,1 cup,151
Greens Cooked From Canned Made With Oil,Vegetables,52,1.93,5.06,3.3,1 cup,175
Greens Cooked From Canned Made With Butter,Vegetables,48,1.95,5.06,2.85,1 cup,175
Greens Cooked From Canned Made With Margarine,Vegetables,42,1.93,5.08,2.24,1 cup,175
Chamnamul Cooked Ns As To Fat Added In Cooking,Vegetables,84,3.28,6.09,5.94,1 cup,151
Chamnamul Cooked Fat Not Added In Cooking,Vegetables,44,3.45,6.4,1.21,1 cup,146
Chamnamul Cooked Fat Added In Cooking,Vegetables,84,3.28,6.09,5.94,1 cup,151
Kale Cooked Ns As To Form Ns As To Fat Added In Cooking,Vegetables,49,1.84,5.41,2.91,1 cup/ ns as to from fresh/ frozen/ or canned,135
Kale Cooked From Fresh Ns As To Fat Added In Cooking,Vegetables,49,1.84,5.41,2.91,1 cup/ fresh,135
Kale Cooked From Frozen Ns As To Fat Added In Cooking,Vegetables,51,2.74,5.02,3,1 cup/ frozen,135
Kale Cooked From Canned Ns As To Fat Added In Cooking,Vegetables,49,1.84,5.41,2.91,1 cup/ canned,168
Kale Cooked Ns As To Form Fat Not Added In Cooking,Vegetables,28,1.88,5.59,0.4,1 cup/ ns as to from fresh/ frozen/ or canned,130
Kale Cooked From Fresh Fat Not Added In Cooking,Vegetables,28,1.88,5.59,0.4,1 cup/ fresh,130
Kale Cooked From Frozen Fat Not Added In Cooking,Vegetables,30,2.82,5.19,0.49,1 cup/ frozen,130
Kale Cooked From Canned Fat Not Added In Cooking,Vegetables,28,1.88,5.59,0.4,1 cup/ canned,163
Kale Cooked Ns As To Form Fat Added In Cooking Ns As To Type Of Fat,Vegetables,49,1.84,5.41,2.91,1 cup/ ns as to from fresh/ frozen/ or canned,135
Kale Cooked From Fresh Fat Added In Cooking Ns As To Type Of Fat,Vegetables,49,1.84,5.41,2.91,1 cup/ fresh,135
Kale Cooked From Frozen Fat Added In Cooking Ns As To Type Of Fat,Vegetables,51,2.74,5.02,3,1 cup/ frozen,135
Kale Cooked From Canned Fat Added In Cooking Ns As To Type Of Fat,Vegetables,49,1.84,5.41,2.91,1 cup/ canned,168
Kale Cooked Ns As To Form Made With Oil,Vegetables,58,2.72,5.02,3.82,1 cup/ ns as to from fresh/ frozen/ or canned,135
Kale Cooked Ns As To Form Made With Butter,Vegetables,54,2.75,5.01,3.3,1 cup/ ns as to from fresh/ frozen/ or canned,135
Kale Cooked Ns As To Form Made With Margarine,Vegetables,47,2.72,5.04,2.57,1 cup/ ns as to from fresh/ frozen/ or canned,135
Kale Cooked From Fresh Made With Oil,Vegetables,57,1.82,5.4,3.74,1 cup/ fresh,135
Kale Cooked From Fresh Made With Butter,Vegetables,52,1.85,5.39,3.21,1 cup/ fresh,135
Kale Cooked From Fresh Made With Margarine,Vegetables,46,1.82,5.42,2.48,1 cup/ fresh,135
Kale Cooked From Frozen Made With Oil,Vegetables,58,2.72,5.02,3.82,1 cup/ frozen,135
Kale Cooked From Frozen Made With Butter,Vegetables,54,2.75,5.01,3.3,1 cup/ frozen,135
Kale Cooked From Frozen Made With Margarine,Vegetables,47,2.72,5.04,2.57,1 cup/ frozen,135
Kale Cooked From Canned Made With Oil,Vegetables,57,1.82,5.4,3.74,1 cup/ canned,168
Kale Cooked From Canned Made With Butter,Vegetables,52,1.85,5.39,3.21,1 cup/ canned,168
Kale Cooked From Canned Made With Margarine,Vegetables,46,1.82,5.42,2.48,1 cup/ canned,168
Lambsquarter Cooked Ns As To Fat Added In Cooking,Vegetables,47,3.12,4.86,2.53,1 cup,185
Lambsquarter Cooked Fat Not Added In Cooking,Vegetables,32,3.18,4.97,0.7,1 cup,180
Lambsquarter Cooked Fat Added In Cooking Ns As To Type Of Fat,Vegetables,47,3.12,4.86,2.53,1 cup,185
Lambsquarter Cooked Made With Oil,Vegetables,53,3.1,4.85,3.13,1 cup,185
Lambsquarter Cooked Made With Butter,Vegetables,49,3.12,4.85,2.74,1 cup,185
Lambsquarter Cooked Made With Margarine,Vegetables,45,3.1,4.87,2.21,1 cup,185
Mustard Cabbage Cooked Ns As To Fat Added In Cooking,Vegetables,29,1.52,1.73,2.11,1 cup,175
Mustard Cabbage Cooked Fat Not Added In Cooking,Vegetables,12,1.55,1.77,0.16,1 cup,170
Mustard Cabbage Cooked Fat Added In Cooking,Vegetables,29,1.52,1.73,2.11,1 cup,175
Mustard Greens Cooked Ns As To Form Ns As To Fat Added In Cooking,Vegetables,46,2.48,4.34,2.81,1 cup/ ns as to from fresh/ frozen/ or canned,155
Mustard Greens Cooked From Fresh Ns As To Fat Added In Cooking,Vegetables,46,2.48,4.34,2.81,1 cup/ fresh,145
Mustard Greens Cooked From Frozen Ns As To Fat Added In Cooking,Vegetables,38,2.2,3.01,2.44,1 cup/ frozen,155
Mustard Greens Cooked From Canned Ns As To Fat Added In Cooking,Vegetables,46,2.48,4.34,2.81,1 cup/ canned,158
Mustard Greens Cooked Ns As To Form Fat Not Added In Cooking,Vegetables,19,2.26,3.09,0.25,1 cup/ ns as to from fresh/ frozen/ or canned,150
Mustard Greens Cooked From Fresh Fat Not Added In Cooking,Vegetables,26,2.54,4.48,0.47,1 cup/ fresh,140
Mustard Greens Cooked From Frozen Fat Not Added In Cooking,Vegetables,19,2.26,3.09,0.25,1 cup/ frozen,150
Mustard Greens Cooked From Canned Fat Not Added In Cooking,Vegetables,26,2.54,4.48,0.47,1 cup/ canned,153
Mustard Greens Cooked Ns As To Form Fat Added In Cooking Ns As To Type Of Fat,Vegetables,38,2.2,3.01,2.44,1 cup/ ns as to from fresh/ frozen/ or canned,155
Mustard Greens Cooked From Fresh Fat Added In Cooking Ns As To Type Of Fat,Vegetables,46,2.48,4.34,2.81,1 cup/ fresh,145
Mustard Greens Cooked From Frozen Fat Added In Cooking Ns As To Type Of Fat,Vegetables,38,2.2,3.01,2.44,1 cup/ frozen,155
Mustard Greens Cooked From Canned Fat Added In Cooking Ns As To Type Of Fat,Vegetables,46,2.48,4.34,2.81,1 cup/ canned,158
Mustard Greens Cooked Ns As To Form Made With Oil,Vegetables,53,2.46,4.34,3.57,1 cup/ ns as to from fresh/ frozen/ or canned,155
Mustard Greens Cooked Ns As To Form Made With Butter,Vegetables,48,2.49,4.34,3.08,1 cup/ ns as to from fresh/ frozen/ or canned,155
Mustard Greens Cooked Ns As To Form Made With Margarine,Vegetables,42,2.46,4.36,2.41,1 cup/ ns as to from fresh/ frozen/ or canned,155
Mustard Greens Cooked From Fresh Made With Oil,Vegetables,53,2.46,4.34,3.57,1 cup/ fresh,145
Mustard Greens Cooked From Fresh Made With Butter,Vegetables,48,2.49,4.34,3.08,1 cup/ fresh,145
Mustard Greens Cooked From Fresh Made With Margarine,Vegetables,42,2.46,4.36,2.41,1 cup/ fresh,145
Mustard Greens Cooked From Frozen Made With Oil,Vegetables,44,2.19,3,3.16,1 cup/ frozen,155
Mustard Greens Cooked From Frozen Made With Butter,Vegetables,40,2.21,3,2.7,1 cup/ frozen,155
Mustard Greens Cooked From Frozen Made With Margarine,Vegetables,35,2.19,3.02,2.07,1 cup/ frozen,155
Mustard Greens Cooked From Canned Made With Oil,Vegetables,53,2.46,4.34,3.57,1 cup/ canned,158
Mustard Greens Cooked From Canned Made With Butter,Vegetables,48,2.49,4.34,3.08,1 cup/ canned,158
Mustard Greens Cooked From Canned Made With Margarine,Vegetables,42,2.46,4.36,2.41,1 cup/ canned,158
Poke Greens Cooked Ns As To Fat Added In Cooking,Vegetables,37,2.24,3.01,2.4,1 cup,160
Poke Greens Cooked Fat Not Added In Cooking,Vegetables,20,2.29,3.08,0.4,1 cup,155
Poke Greens Cooked Fat Added In Cooking Ns As To Type Of Fat,Vegetables,37,2.24,3.01,2.4,1 cup,160
Poke Greens Cooked Made With Oil,Vegetables,43,2.22,3,3.05,1 cup,160
Poke Greens Cooked Made With Butter,Vegetables,39,2.25,3,2.63,1 cup,160
Poke Greens Cooked Made With Margarine,Vegetables,34,2.23,3.02,2.06,1 cup,160
Spinach Cooked Ns As To Form Ns As To Fat Added In Cooking,Vegetables,49,3.91,4.67,2.6,1 cup/ ns as to from fresh/ frozen/ or canned,195
Spinach Cooked From Fresh Ns As To Fat Added In Cooking,Vegetables,39,2.89,3.64,2.1,1 cup/ fresh,185
Spinach Cooked From Frozen Ns As To Fat Added In Cooking,Vegetables,49,3.91,4.67,2.6,1 cup/ frozen/ leaf,195
Spinach Cooked From Canned Ns As To Fat Added In Cooking,Vegetables,36,2.76,3.33,2.06,1 cup/ canned,219
Spinach Cooked Ns As To Form Fat Not Added In Cooking,Vegetables,34,3.99,4.78,0.86,1 cup/ ns as to from fresh/ frozen/ or canned,190
Spinach Cooked From Fresh Fat Not Added In Cooking,Vegetables,23,2.95,3.73,0.26,1 cup/ fresh,180
Spinach Cooked From Frozen Fat Not Added In Cooking,Vegetables,34,3.99,4.78,0.86,1 cup/ frozen/ leaf,190
Spinach Cooked From Canned Fat Not Added In Cooking,Vegetables,23,2.8,3.39,0.5,1 cup/ canned,214
Spinach Cooked Ns As To Form Made With Oil,Vegetables,49,3.91,4.67,2.6,1 cup/ ns as to from fresh/ frozen/ or canned,190
Spinach Cooked Ns As To Form Made With Butter,Vegetables,50,3.91,4.66,2.8,1 cup/ ns as to from fresh/ frozen/ or canned,190
Spinach Cooked Ns As To Form Made With Margarine,Vegetables,46,3.9,4.68,2.3,1 cup/ ns as to from fresh/ frozen/ or canned,190
Spinach Cooked From Fresh Made With Oil,Vegetables,44,2.88,3.64,2.7,1 cup,180
Spinach Cooked From Fresh Made With Butter,Vegetables,41,2.9,3.64,2.32,1 cup/ fresh,180
Spinach Cooked From Fresh Made With Margarine,Vegetables,36,2.88,3.66,1.79,1 cup/ fresh,180
Spinach Cooked Ns As To Form Fat Added In Cooking Ns As To Type Of Fat,Vegetables,49,3.91,4.67,2.6,1 cup/ ns as to from fresh/ frozen/ or canned,195
Spinach Cooked From Fresh Fat Added In Cooking Ns As To Type Of Fat,Vegetables,39,2.89,3.64,2.1,1 cup/ fresh,185
Spinach Cooked From Frozen Fat Added In Cooking Ns As To Type Of Fat,Vegetables,49,3.91,4.67,2.6,1 cup/ frozen/ leaf,195
Spinach Cooked From Canned Fat Added In Cooking Ns As To Type Of Fat,Vegetables,36,2.76,3.33,2.06,1 cup/ canned,219
Spinach Cooked From Frozen Made With Oil,Vegetables,54,3.9,4.66,3.17,1 cup/ frozen/ leaf,195
Spinach Cooked From Frozen Made With Butter,Vegetables,50,3.91,4.66,2.8,1 cup/ frozen/ leaf,195
Spinach Cooked From Frozen Made With Margarine,Vegetables,46,3.9,4.68,2.3,1 cup/ frozen/ leaf,195
Spinach Cooked From Canned Made With Oil,Vegetables,41,2.75,3.32,2.56,1 cup/ canned,219
Spinach Cooked From Canned Made With Butter,Vegetables,38,2.76,3.32,2.24,1 cup/ canned,219
Spinach Cooked From Canned Made With Margarine,Vegetables,34,2.75,3.34,1.79,1 cup/ canned,219
Spinach Ns As To Form Creamed,Vegetables,79,3.94,6.53,4.74,1 cup,200
Spinach From Fresh Creamed,Vegetables,74,3.32,5.96,4.5,1 cup,200
Spinach From Frozen Creamed,Vegetables,79,3.94,6.53,4.74,1 cup,200
Spinach From Canned Creamed,Vegetables,69,3.19,5.53,4.24,1 cup,200
Spinach Cooked Ns As To Form With Cheese Sauce,Vegetables,83,5.89,5,5.06,1 cup,200
Spinach Cooked From Fresh With Cheese Sauce,Vegetables,77,5.25,4.28,4.8,1 cup,200
Spinach Cooked From Frozen With Cheese Sauce,Vegetables,83,5.89,5,5.06,1 cup,200
Spinach Cooked From Canned With Cheese Sauce,Vegetables,58,3.09,5.01,3.33,1 cup,200
Spinach And Cheese Casserole,Vegetables,125,6.75,9.56,7.23,1 cup,200
Palak Paneer,Vegetables,96,5.23,4.32,6.84,1 cup,200
Channa Saag,Vegetables,82,3.82,9.22,3.96,1 cup,245
Thistle Leaves Cooked Ns As To Fat Added In Cooking,Vegetables,44,1.84,3.66,3.02,1 cup,185
Thistle Leaves Cooked Fat Not Added In Cooking,Vegetables,23,1.89,3.77,0.6,1 cup,180
Thistle Leaves Cooked Fat Added In Cooking,Vegetables,44,1.84,3.66,3.02,1 cup,185
Turnip Greens Cooked Ns As To Form Ns As To Fat Added In Cooking,Vegetables,46,3.25,4.82,2.43,1 cup/ ns as to from fresh/ frozen/ or canned,170
Turnip Greens Cooked From Fresh Ns As To Fat Added In Cooking,Vegetables,40,1.12,4.2,2.51,1 cup/ fresh,149
Turnip Greens Cooked From Frozen Ns As To Fat Added In Cooking,Vegetables,46,3.25,4.82,2.43,1 cup/ frozen/ chopped,170
Turnip Greens Cooked From Canned Ns As To Fat Added In Cooking,Vegetables,39,1.33,2.71,2.58,1 cup/ canned,164
Turnip Greens Cooked Ns As To Form Fat Not Added In Cooking,Vegetables,29,3.33,4.95,0.42,1 cup/ ns as to from fresh/ frozen/ or canned,165
Turnip Greens Cooked From Fresh Fat Not Added In Cooking,Vegetables,20,1.13,4.33,0.23,1 cup/ fresh,144
Turnip Greens Cooked From Frozen Fat Not Added In Cooking,Vegetables,29,3.33,4.95,0.42,1 cup/ frozen,165
Turnip Greens Cooked From Canned Fat Not Added In Cooking,Vegetables,19,1.35,2.79,0.3,1 cup/ canned,159
Turnip Greens Cooked Ns As To Form Fat Added In Cooking Ns As To Type Of Fat,Vegetables,46,3.25,4.82,2.43,1 cup/ ns as to from fresh/ frozen/ or canned,170
Turnip Greens Cooked From Fresh Fat Added In Cooking Ns As To Type Of Fat,Vegetables,40,1.12,4.2,2.51,1 cup/ fresh,149
Turnip Greens Cooked From Frozen Fat Added In Cooking Ns As To Type Of Fat,Vegetables,46,3.25,4.82,2.43,1 cup/ frozen,170
Turnip Greens Cooked From Canned Fat Added In Cooking Ns As To Type Of Fat,Vegetables,39,1.33,2.71,2.58,1 cup/ canned,164
Turnip Greens Cooked Ns As To Form Made With Oil,Vegetables,46,3.25,4.82,2.43,1 cup/ ns as to from fresh/ frozen/ or canned,170
Turnip Greens Cooked Ns As To Form Made With Butter,Vegetables,48,3.26,4.81,2.67,1 cup/ ns as to from fresh/ frozen/ or canned,170
Turnip Greens Cooked Ns As To Form Made With Margarine,Vegetables,43,3.24,4.84,2.09,1 cup/ ns as to from fresh/ frozen/ or canned,170
Turnip Greens Cooked From Fresh Made With Oil,Vegetables,46,1.1,4.2,3.26,1 cup/ fresh,149
Turnip Greens Cooked From Fresh Made With Butter,Vegetables,42,1.12,4.2,2.78,1 cup/ fresh,149
Turnip Greens Cooked From Fresh Made With Margarine,Vegetables,36,1.1,4.22,2.13,1 cup/ fresh,149
Turnip Greens Cooked From Frozen Made With Oil,Vegetables,52,3.24,4.82,3.08,1 cup/ frozen,170
Turnip Greens Cooked From Frozen Made With Butter,Vegetables,48,3.26,4.81,2.67,1 cup/ frozen,170
Turnip Greens Cooked From Frozen Made With Margarine,Vegetables,43,3.24,4.84,2.09,1 cup/ frozen,170
Turnip Greens Cooked From Canned Made With Oil,Vegetables,45,1.31,2.71,3.33,1 cup/ canned,164
Turnip Greens Cooked From Canned Made With Butter,Vegetables,41,1.34,2.7,2.85,1 cup/ canned,164
Turnip Greens Cooked From Canned Made With Margarine,Vegetables,35,1.31,2.73,2.19,1 cup/ canned,164
Turnip Greens Canned Reduced Sodium Cooked Ns As To Fat Added In Cooking,Vegetables,39,1.34,2.73,2.6,1 cup,164
Turnip Greens Canned Reduced Sodium Cooked Fat Added In Cooking Made With Any Type Of Fat,Vegetables,39,1.34,2.73,2.6,1 cup,164
Turnip Greens With Roots Cooked Ns As To Form Ns As To Fat Added In Cooking,Vegetables,51,2.91,4.7,2.3,1 cup,168
Turnip Greens With Roots Cooked From Fresh Ns As To Fat Added In Cooking,Vegetables,40,0.9,4.56,2.35,1 cup,168
Turnip Greens With Roots Cooked From Frozen Ns As To Fat Added In Cooking,Vegetables,51,2.91,4.7,2.3,1 cup,168
Turnip Greens With Roots Cooked From Canned Ns As To Fat Added In Cooking,Vegetables,39,1,3.84,2.38,1 cup,168
Turnip Greens With Roots Cooked Ns As To Form Fat Not Added In Cooking,Vegetables,35,2.97,4.82,0.38,1 cup,163
Turnip Greens With Roots Cooked From Fresh Fat Not Added In Cooking,Vegetables,21,0.91,4.69,0.15,1 cup,163
Turnip Greens With Roots Cooked From Frozen Fat Not Added In Cooking,Vegetables,35,2.97,4.82,0.38,1 cup,163
Turnip Greens With Roots Cooked From Canned Fat Not Added In Cooking,Vegetables,20,1.01,3.95,0.18,1 cup,163
Turnip Greens With Roots Cooked Ns As To Form Fat Added In Cooking,Vegetables,51,2.91,4.7,2.3,1 cup,168
Turnip Greens With Roots Cooked From Fresh Fat Added In Cooking,Vegetables,40,0.9,4.56,2.35,1 cup,168
Turnip Greens With Roots Cooked From Frozen Fat Added In Cooking,Vegetables,51,2.91,4.7,2.3,1 cup,168
Turnip Greens With Roots Cooked From Canned Fat Added In Cooking,Vegetables,39,1,3.84,2.38,1 cup,168
Watercress Cooked Ns As To Fat Added In Cooking,Vegetables,30,2.23,1.25,2.33,1 cup,142
Watercress Cooked Fat Not Added In Cooking,Vegetables,11,2.29,1.28,0.1,1 cup,137
Watercress Cooked Fat Added In Cooking,Vegetables,30,2.17,1.22,2.27,1 cup,142
Bitter Melon Leaves Horseradish Leaves Jute Leaves Or Radish Leaves Cooked Ns As To Fat Added In Cooking,Vegetables,65,3.39,6.25,3.92,1 cup,128
Bitter Melon Leaves Horseradish Leaves Jute Leaves Or Radish Leaves Cooked Fat Added In Cooking,Vegetables,79,3.32,6.11,5.57,1 cup,128
Sweet Potato Leaves Squash Leaves Pumpkin Leaves Chrysanthemum Leaves Bean Leaves Or Swamp Cabbage Cooked Ns As To Fat Added In Cooking,Vegetables,81,2.04,6.8,5.24,1 cup/ sweetpotato leaves,69
Sweet Potato Leaves Squash Leaves Pumpkin Leaves Chrysanthemum Leaves Bean Leaves Or Swamp Cabbage Cooked Fat Not Added In Cooking,Vegetables,40,2.15,7.27,0.34,1 cup/ sweetpotato leaves,64
Sweet Potato Leaves Squash Leaves Pumpkin Leaves Chrysanthemum Leaves Bean Leaves Or Swamp Cabbage Cooked Fat Added In Cooking,Vegetables,81,2.04,6.8,5.24,1 cup/ sweetpotato leaves,69
Broccoli Cooked Ns As To Form Ns As To Fat Added In Cooking,Vegetables,43,3.02,5.2,1.93,1 piece,10
Broccoli Cooked From Fresh Ns As To Fat Added In Cooking,Vegetables,53,2.31,6.94,2.52,1 piece,10
Broccoli Cooked From Frozen Ns As To Fat Added In Cooking,Vegetables,43,3.02,5.2,1.93,1 piece,10
Broccoli Cooked Ns As To Form Fat Not Added In Cooking,Vegetables,28,3.08,5.32,0.12,1 piece,10
Broccoli Cooked From Fresh Fat Not Added In Cooking,Vegetables,35,2.37,7.13,0.41,1 cup/ fresh/ cut stalks,156
Broccoli Cooked From Frozen Fat Not Added In Cooking,Vegetables,28,3.08,5.32,0.12,1 piece,10
Broccoli Cooked Ns As To Form Made With Oil,Vegetables,48,3.01,5.19,2.51,1 piece,10
Broccoli Cooked Ns As To Form Made With Butter,Vegetables,45,3.03,5.19,2.14,1 piece,10
Broccoli Cooked Ns As To Form Made With Margarine,Vegetables,41,3.01,5.21,1.62,1 piece,10
Broccoli Cooked Ns As To Form Fat Added In Cooking Ns As To Type Of Fat,Vegetables,43,3.02,5.2,1.93,1 piece,10
Broccoli Cooked From Fresh Fat Added In Cooking Ns As To Type Of Fat,Vegetables,53,2.31,6.94,2.52,1 piece,10
Broccoli Cooked From Frozen Fat Added In Cooking Ns As To Type Of Fat,Vegetables,43,3.02,5.2,1.93,1 piece,10
Broccoli Cooked From Fresh Made With Oil,Vegetables,59,2.3,6.93,3.21,1 piece,10
Broccoli Cooked From Fresh Made With Butter,Vegetables,55,2.32,6.93,2.77,1 piece,10
Broccoli Cooked From Fresh Made With Margarine,Vegetables,49,2.3,6.95,2.16,1 piece,10
Broccoli Cooked From Frozen Made With Oil,Vegetables,48,3.01,5.19,2.51,1 piece,10
Broccoli Cooked From Frozen Made With Butter,Vegetables,45,3.03,5.19,2.14,1 piece,10
Broccoli Cooked From Frozen Made With Margarine,Vegetables,41,3.01,5.21,1.62,1 piece,10
Broccoli Cooked Ns As To Form With Cheese Sauce,Vegetables,80,5.3,5.38,4.63,1 cup,228
Broccoli Cooked From Fresh With Cheese Sauce,Vegetables,90,5.09,6.59,5.36,1 cup,228
Broccoli Cooked From Frozen With Cheese Sauce,Vegetables,80,5.3,5.38,4.64,1 cup,228
Broccoli Cooked Ns As To Form With Mushroom Sauce,Vegetables,45,2.62,5.7,1.77,1 cup,228
Broccoli Cooked From Fresh With Mushroom Sauce,Vegetables,50,2.16,6.79,2.11,1 cup,228
Broccoli Cooked From Frozen With Mushroom Sauce,Vegetables,45,2.62,5.7,1.77,1 cup,228
Broccoli Cooked Ns As To Form With Cream Sauce,Vegetables,65,3.33,6.53,3.39,1 cup,228
Broccoli Cooked From Fresh With Cream Sauce,Vegetables,85,3.02,8.05,4.95,1 cup,228
Broccoli Cooked From Frozen With Cream Sauce,Vegetables,76,3.4,6.89,4.37,1 cup,228
Broccoli Casserole With Noodles,Vegetables,103,4.11,15.05,3.28,1 cup,228
Broccoli Casserole With Rice,Vegetables,106,4.12,15.11,3.49,1 cup,228
Broccoli Batter-Dipped And Fried,Vegetables,148,3.82,11.54,10.36,1 cup,85
Broccoli Chinese Cooked Ns As To Form Ns As To Fat Added In Cooking,Vegetables,53,1.1,3.6,4.34,1 cup,88
Broccoli Chinese Cooked From Fresh Ns As To Fat Added In Cooking,Vegetables,53,1.1,3.6,4.34,1 cup,88
Broccoli Chinese Cooked From Frozen Ns As To Fat Added In Cooking,Vegetables,53,1.1,3.6,4.34,1 cup,88
Broccoli Chinese Cooked Ns As To Form Fat Not Added In Cooking,Vegetables,22,1.13,3.77,0.71,1 cup,88
Broccoli Chinese Cooked From Fresh Fat Not Added In Cooking,Vegetables,22,1.13,3.77,0.71,1 cup,88
Broccoli Chinese Cooked From Frozen Fat Not Added In Cooking,Vegetables,22,1.13,3.77,0.71,1 cup,88
Broccoli Chinese Cooked Ns As To Form Fat Added In Cooking Ns As To Type Of Fat,Vegetables,53,1.1,3.6,4.34,1 cup,88
Broccoli Chinese Cooked Ns As To Form Made With Oil,Vegetables,64,1.07,3.58,5.53,1 cup,88
Broccoli Chinese Cooked Ns As To Form Made With Butter,Vegetables,57,1.11,3.58,4.77,1 cup,88
Broccoli Chinese Cooked Ns As To Form Made With Margarine,Vegetables,48,1.08,3.62,3.72,1 cup,88
Broccoli Chinese Cooked From Fresh Fat Added In Cooking Ns As To Type Of Fat,Vegetables,53,1.1,3.6,4.34,1 cup,88
Broccoli Chinese Cooked From Fresh Made With Oil,Vegetables,64,1.07,3.58,5.53,1 cup,88
Broccoli Chinese Cooked From Fresh Made With Butter,Vegetables,57,1.11,3.58,4.77,1 cup,88
Broccoli Chinese Cooked From Fresh Made With Margarine,Vegetables,48,1.08,3.62,3.72,1 cup,88
Broccoli Chinese Cooked From Frozen Fat Added In Cooking Ns As To Type Of Fat,Vegetables,53,1.1,3.6,4.34,1 cup,88
Broccoli Chinese Cooked From Frozen Made With Oil,Vegetables,64,1.07,3.58,5.53,1 cup,88
Broccoli Chinese Cooked From Frozen Made With Butter,Vegetables,57,1.11,3.58,4.77,1 cup,88
Broccoli Chinese Cooked From Frozen Made With Margarine,Vegetables,48,1.08,3.62,3.72,1 cup,88
Carrots Raw Salad,Vegetables,208,1.22,17.17,15.7,1 cup,175
Carrots Raw Salad With Apples,Vegetables,176,0.84,8.16,15.95,1 cup,171
Carrots Cooked Ns As To Form Ns As To Fat Added In Cooking,Vegetables,56,0.58,7.45,2.92,1 baby carrot,6
Carrots Cooked From Fresh Ns As To Fat Added In Cooking,Vegetables,53,0.75,7.94,2.31,1 baby carrot,9
Carrots Cooked From Frozen Ns As To Fat Added In Cooking,Vegetables,56,0.58,7.45,2.92,1 baby carrot,6
Carrots Cooked From Canned Ns As To Fat Added In Cooking,Vegetables,44,0.64,5.36,2.46,1 baby carrot,2
Carrots Cooked Ns As To Form Fat Not Added In Cooking,Vegetables,37,0.58,7.68,0.68,1 baby carrot,5
Carrots Cooked From Fresh Fat Not Added In Cooking,Vegetables,35,0.76,8.17,0.18,1 baby carrot,9
Carrots Cooked From Frozen Fat Not Added In Cooking,Vegetables,37,0.58,7.68,0.68,1 baby carrot,5
Carrots Cooked From Canned Fat Not Added In Cooking,Vegetables,25,0.64,5.52,0.19,1 baby carrot,2
Carrots Cooked Ns As To Form Made With Oil,Vegetables,62,0.56,7.45,3.65,1 baby carrot,5
Carrots Cooked Ns As To Form Made With Butter,Vegetables,58,0.58,7.44,3.18,1 baby carrot,6
Carrots Cooked Ns As To Form Made With Margarine,Vegetables,52,0.56,7.46,2.53,1 baby carrot,6
Carrots Cooked From Fresh Made With Oil,Vegetables,59,0.73,7.94,3,1 baby carrot,9
Carrots Cooked From Fresh Made With Butter,Vegetables,55,0.76,7.93,2.56,1 baby carrot,9
Carrots Cooked From Fresh Made With Margarine,Vegetables,50,0.74,7.95,1.95,1 baby carrot,9
Carrots Cooked Ns As To Form Fat Added In Cooking Ns As To Type Of Fat,Vegetables,56,0.58,7.45,2.92,1 baby carrot,6
Carrots Cooked From Fresh Fat Added In Cooking Ns As To Type Of Fat,Vegetables,53,0.75,7.94,2.31,1 baby carrot,9
Carrots Cooked From Frozen Fat Added In Cooking Ns As To Type Of Fat,Vegetables,56,0.58,7.45,2.92,1 baby carrot,6
Carrots Cooked From Canned Fat Added In Cooking Ns As To Type Of Fat,Vegetables,44,0.64,5.36,2.46,1 baby carrot,2
Carrots Cooked From Frozen Made With Oil,Vegetables,62,0.56,7.45,3.65,1 baby carrot,6
Carrots Cooked From Frozen Made With Butter,Vegetables,58,0.58,7.44,3.18,1 baby carrot,6
Carrots Cooked From Frozen Made With Margarine,Vegetables,52,0.56,7.46,2.53,1 baby carrot,6
Carrots Cooked From Canned Made With Oil,Vegetables,51,0.62,5.36,3.19,1 baby carrot,2
Carrots Cooked From Canned Made With Butter,Vegetables,47,0.64,5.35,2.72,1 baby carrot,2
Carrots Cooked From Canned Made With Margarine,Vegetables,41,0.62,5.38,2.07,1 baby carrot,2
Carrots Cooked Ns As To Form Creamed,Vegetables,88,2.08,8.38,5.26,1 cup,228
Carrots Cooked From Fresh Creamed,Vegetables,85,2.13,8.63,4.84,1 cup,228
Carrots Cooked From Frozen Creamed,Vegetables,88,2.08,8.38,5.26,1 cup,228
Carrots Cooked From Canned Creamed,Vegetables,81,2.12,7.21,5,1 cup,228
Carrots Cooked Ns As To Form Glazed,Vegetables,93,0.57,12.16,5.12,1 baby carrot,10
Carrots Cooked From Fresh Glazed,Vegetables,80,0.71,15.03,2.36,1 baby carrot,10
Carrots Cooked From Frozen Glazed,Vegetables,85,0.55,14.97,2.92,1 cup,161
Carrots Cooked From Canned Glazed,Vegetables,74,0.6,13.04,2.49,1 cup,161
Carrots Cooked Ns As To Form With Cheese Sauce,Vegetables,94,4.05,6.92,5.75,1 cup,228
Carrots Cooked From Fresh With Cheese Sauce,Vegetables,90,4.04,7.27,5.23,1 cup,228
Carrots Cooked From Frozen With Cheese Sauce,Vegetables,94,4.05,6.92,5.75,1 cup,228
Carrots Cooked From Canned With Cheese Sauce,Vegetables,86,4.09,5.51,5.44,1 cup,228
Carrots Canned Low Sodium Ns As To Fat Added In Cooking,Vegetables,53,0.89,7.98,2.28,1 cup/ nfs,151
Carrots Canned Low Sodium Fat Added In Cooking Ns As To Type Of Fat,Vegetables,53,0.89,7.98,2.28,1 cup/ nfs,151
Carrots Canned Low Sodium Made With Oil,Vegetables,59,0.88,7.97,2.96,1 cup/ nfs,151
Carrots Canned Low Sodium Made With Butter,Vegetables,55,0.9,7.97,2.53,1 cup/ nfs,151
Carrots Canned Low Sodium Made With Margarine,Vegetables,50,0.88,7.99,1.93,1 cup/ nfs,151
Peas And Carrots Ns As To Form Creamed,Vegetables,91,3.41,9.69,4.89,1 cup,244
Peas And Carrots From Fresh Creamed,Vegetables,98,3.42,10.72,4.81,1 cup,244
Peas And Carrots From Frozen Creamed,Vegetables,91,3.41,9.69,4.89,1 cup,244
Peas And Carrots From Canned Creamed,Vegetables,92,3.2,8.89,4.99,1 cup,244
Peas And Carrots Cooked Ns As To Form Ns As To Fat Added In Cooking,Vegetables,65,3,9.78,2.48,1 cup,165
Peas And Carrots Cooked From Fresh Ns As To Fat Added In Cooking,Vegetables,76,3,11.57,2.3,1 cup,165
Peas And Carrots Cooked From Frozen Ns As To Fat Added In Cooking,Vegetables,65,3,9.78,2.48,1 cup,165
Peas And Carrots Cooked From Canned Ns As To Fat Added In Cooking,Vegetables,65,2.63,8.41,2.61,1 cup,165
Peas And Carrots Cooked Ns As To Form Fat Not Added In Cooking,Vegetables,48,3.07,10.06,0.42,1 cup,160
Peas And Carrots Cooked From Fresh Fat Not Added In Cooking,Vegetables,59,3.08,11.91,0.2,1 cup,160
Peas And Carrots Cooked From Frozen Fat Not Added In Cooking,Vegetables,48,3.07,10.06,0.42,1 cup,160
Peas And Carrots Cooked From Canned Fat Not Added In Cooking,Vegetables,48,2.69,8.65,0.52,1 cup,160
Peas And Carrots Cooked Ns As To Form Fat Added In Cooking Ns As To Type Of Fat,Vegetables,65,3,9.78,2.48,1 cup,165
Peas And Carrots Cooked From Fresh Fat Added In Cooking Ns As To Type Of Fat,Vegetables,76,3,11.57,2.3,1 cup,165
Peas And Carrots Cooked From Frozen Fat Added In Cooking Ns As To Type Of Fat,Vegetables,65,3,9.78,2.48,1 cup,165
Peas And Carrots Cooked From Canned Fat Added In Cooking Ns As To Type Of Fat,Vegetables,65,2.63,8.41,2.61,1 cup,165
Peas And Carrots Cooked Ns As To Form Made With Oil,Vegetables,71,2.99,9.78,3.15,1 cup,165
Peas And Carrots Cooked Ns As To Form Made With Butter,Vegetables,67,3.01,9.77,2.72,1 cup,165
Peas And Carrots Cooked Ns As To Form Made With Margarine,Vegetables,62,2.99,9.79,2.13,1 cup,165
Peas And Carrots Cooked From Fresh Made With Oil,Vegetables,71,2.99,9.78,3.15,1 cup,165
Peas And Carrots Cooked From Fresh Made With Butter,Vegetables,67,3.01,9.77,2.72,1 cup,165
Peas And Carrots Cooked From Fresh Made With Margarine,Vegetables,62,2.99,9.79,2.13,1 cup,165
Peas And Carrots Cooked From Frozen Made With Oil,Vegetables,71,2.99,9.78,3.15,1 cup,165
Peas And Carrots Cooked From Frozen Made With Butter,Vegetables,67,3.01,9.77,2.72,1 cup,165
Peas And Carrots Cooked From Frozen Made With Margarine,Vegetables,62,2.99,9.79,2.13,1 cup,165
Peas And Carrots Cooked From Canned Made With Oil,Vegetables,71,2.62,8.41,3.29,1 cup,165
Peas And Carrots Cooked From Canned Made With Butter,Vegetables,67,2.64,8.4,2.85,1 cup,165
Peas And Carrots Cooked From Canned Made With Margarine,Vegetables,62,2.62,8.42,2.25,1 cup,165
Carrots In Tomato Sauce,Vegetables,31,0.91,7.18,0.22,1 cup,176
Pumpkin Cooked Ns As To Form Ns As To Fat Added In Cooking,Vegetables,32,0.71,4.8,1.44,1 cup/ mashed,250
Pumpkin Cooked From Fresh Ns As To Fat Added In Cooking,Vegetables,32,0.71,4.8,1.44,1 cup/ mashed,250
Pumpkin Cooked From Frozen Ns As To Fat Added In Cooking,Vegetables,32,0.71,4.8,1.44,1 cup/ mashed,250
Pumpkin Cooked From Canned Ns As To Fat Added In Cooking,Vegetables,45,1.09,7.91,1.64,1 cup/ mashed,250
Pumpkin Cooked Ns As To Form Fat Not Added In Cooking,Vegetables,20,0.72,4.88,0.07,1 cup,245
Pumpkin Cooked From Fresh Fat Not Added In Cooking,Vegetables,20,0.72,4.88,0.07,1 cup,245
Pumpkin Cooked From Frozen Fat Not Added In Cooking,Vegetables,20,0.72,4.88,0.07,1 cup,245
Pumpkin Cooked From Canned Fat Not Added In Cooking,Vegetables,34,1.1,8.06,0.28,1 cup,245
Pumpkin Cooked Ns As To Form Fat Added In Cooking Ns As To Type Of Fat,Vegetables,32,0.71,4.8,1.44,1 cup/ mashed,250
Pumpkin Cooked From Fresh Fat Added In Cooking Ns As To Type Of Fat,Vegetables,32,0.71,4.8,1.44,1 cup,250
Pumpkin Cooked From Frozen Fat Added In Cooking Ns As To Type Of Fat,Vegetables,32,0.71,4.8,1.44,1 cup,250
Pumpkin Cooked From Canned Fat Added In Cooking Ns As To Type Of Fat,Vegetables,45,1.09,7.91,1.64,1 cup,250
Pumpkin Cooked Ns As To Form Made With Oil,Vegetables,36,0.7,4.79,1.88,1 cup/ mashed,250
Pumpkin Cooked Ns As To Form Made With Butter,Vegetables,33,0.72,4.79,1.6,1 cup/ mashed,250
Pumpkin Cooked Ns As To Form Made With Margarine,Vegetables,30,0.71,4.8,1.21,1 cup/ mashed,250
Pumpkin Cooked From Fresh Made With Oil,Vegetables,36,0.7,4.79,1.88,1 cup,250
Pumpkin Cooked From Fresh Made With Butter,Vegetables,33,0.72,4.79,1.6,1 cup,250
Pumpkin Cooked From Fresh Made With Margarine,Vegetables,30,0.71,4.8,1.21,1 cup,250
Pumpkin Cooked From Frozen Made With Oil,Vegetables,36,0.7,4.79,1.88,1 cup,250
Pumpkin Cooked From Frozen Made With Butter,Vegetables,33,0.72,4.79,1.6,1 cup,250
Pumpkin Cooked From Frozen Made With Margarine,Vegetables,30,0.71,4.8,1.21,1 cup,250
Pumpkin Cooked From Canned Made With Oil,Vegetables,49,1.08,7.91,2.09,1 cup,250
Pumpkin Cooked From Canned Made With Butter,Vegetables,47,1.09,7.91,1.8,1 cup,250
Pumpkin Cooked From Canned Made With Margarine,Vegetables,43,1.08,7.92,1.41,1 cup,250
Calabaza Cooked,Vegetables,45,1.09,7.91,1.64,1 cup/ cubes,166
Pumpkin Fritters Puerto Rican Style,Vegetables,241,2.27,39.13,8.98,"1 fritter (2"" dia)",35
Sweet Potato And Pumpkin Casserole Puerto Rican Style,Vegetables,226,2.99,39.91,6.96,1 cup,266
Squash Winter Type Mashed Ns As To Fat Or Sugar Added In Cooking,Vegetables,50,0.88,8.62,1.97,1 cup/ ns as to variety,257
Squash Winter Type Mashed No Fat Or Sugar Added In Cooking,Vegetables,37,0.89,8.81,0.35,1 cup/ ns as to variety,240
Squash Winter Type Mashed Fat Added In Cooking No Sugar Added In Cooking,Vegetables,50,0.88,8.62,1.97,1 cup/ ns as to variety,245
Squash Winter Type Mashed Fat And Sugar Added In Cooking,Vegetables,71,0.83,14.1,1.85,1 cup/ ns as to variety,257
Squash Winter Type Baked Ns As To Fat Or Sugar Added In Cooking,Vegetables,50,0.88,8.62,1.97,1 cup/ cubes/ all varieties,210
Squash Winter Type Baked No Fat Or Sugar Added In Cooking,Vegetables,37,0.89,8.81,0.35,1 cup/ cubes/ all varieties,205
Squash Winter Type Baked Fat Added In Cooking No Sugar Added In Cooking Ns As To Type Of Fat,Vegetables,50,0.88,8.62,1.97,1 cup/ cubes/ all varieties,210
Squash Winter Type Baked No Sugar Added In Cooking Made With Oil,Vegetables,55,0.87,8.62,2.5,1 cup/ cubes/ all varieties,210
Squash Winter Type Baked No Sugar Added In Cooking Made With Butter,Vegetables,52,0.88,8.61,2.16,1 cup/ cubes/ all varieties,210
Squash Winter Type Baked No Sugar Added In Cooking Made With Margarine,Vegetables,48,0.87,8.63,1.69,1 cup/ cubes/ all varieties,210
Squash Winter Type Baked Fat And Sugar Added In Cooking,Vegetables,71,0.83,14.1,1.85,1 cup/ cubes/ all varieties,214
Squash Winter Type Baked No Fat Added In Cooking Sugar Added In Cooking,Vegetables,58,0.84,14.39,0.33,1 cup/ cubes/ all varieties,209
Squash Fritter Or Cake,Vegetables,359,6.94,35.65,21.29,1 fritter,24
Squash Winter Baked With Cheese,Vegetables,140,3.27,14.2,8.31,1 cup,224
Sweet Potato Nfs,Vegetables,108,1.31,16.82,4.23,1 small,80
Sweet Potato Baked Peel Eaten Ns As To Fat Added In Cooking,Vegetables,125,2.03,20.85,4.05,1 small,80
Sweet Potato Baked Peel Eaten Fat Not Added In Cooking,Vegetables,95,2.11,21.83,0.15,1 small,80
Sweet Potato Baked Peel Eaten Fat Added In Cooking Ns As To Type Of Fat,Vegetables,125,2.03,20.85,4.05,1 small,80
Sweet Potato Baked Peel Eaten Made With Oil,Vegetables,131,2.02,20.84,4.67,1 small,80
Sweet Potato Baked Peel Eaten Made With Butter,Vegetables,123,2.05,20.85,3.81,1 small,80
Sweet Potato Baked Peel Eaten Made With Margarine,Vegetables,115,2.02,20.88,2.85,1 small,80
Sweet Potato Baked Peel Not Eaten Ns As To Fat Added In Cooking,Vegetables,122,1.92,19.66,4.24,1 small,80
Sweet Potato Baked Peel Not Eaten Fat Not Added In Cooking,Vegetables,90,2,20.63,0.15,1 small,80
Sweet Potato Baked Peel Not Eaten Fat Added In Cooking Ns As To Type Of Fat,Vegetables,122,1.92,19.66,4.24,1 small,80
Sweet Potato Baked Peel Not Eaten Made With Oil,Vegetables,127,1.91,19.65,4.89,1 small,80
Sweet Potato Baked Peel Not Eaten Made With Butter,Vegetables,119,1.95,19.65,3.99,1 small,80
Sweet Potato Baked Peel Not Eaten Made With Margarine,Vegetables,111,1.92,19.69,2.98,1 small,80
Sweet Potato Boiled Ns As To Fat Added In Cooking,Vegetables,108,1.31,16.82,4.23,1 small,80
Sweet Potato Boiled Fat Not Added In Cooking,Vegetables,76,1.36,17.65,0.14,1 small,80
Sweet Potato Boiled Fat Added In Cooking Ns As To Type Of Fat,Vegetables,108,1.31,16.82,4.23,1 small,80
Sweet Potato Boiled Made With Oil,Vegetables,114,1.3,16.81,4.88,1 small,80
Sweet Potato Boiled Made With Butter,Vegetables,106,1.34,16.82,3.98,1 small,80
Sweet Potato Boiled Made With Margarine,Vegetables,97,1.31,16.85,2.97,1 small,80
Sweet Potato Candied,Vegetables,178,0.99,37.55,3.17,1 piece,45
Sweet Potato Canned Ns As To Fat Added In Cooking,Vegetables,123,1.58,20.05,4.28,1 cup/ pieces,250
Sweet Potato Canned Fat Not Added In Cooking,Vegetables,91,1.64,21.04,0.2,1 cup/ pieces,250
Sweet Potato Canned Fat Added In Cooking,Vegetables,123,1.58,20.05,4.28,1 cup/ pieces,250
Sweet Potato Casserole Or Mashed,Vegetables,92,1.68,17.06,2.13,1 cup,250
Sweet Potato Fries From Fresh Fried,Vegetables,193,1.74,17.95,13.13,1 fry/ any cut,50
Sweet Potato Fries From Fresh Baked,Vegetables,162,1.82,18.76,9.19,1 fry/ any cut,50
Sweet Potato Yellow Puerto Rican Cooked,Vegetables,76,1.36,17.61,0.14,1 cup,140
Tomatoes Cooked Ns As To Form Ns As To Method,Vegetables,18,0.95,3.99,0.11,1 small,82
Tomatoes Cooked From Fresh Ns As To Method,Vegetables,18,0.95,3.99,0.11,1 cup,240
Tomatoes Ns As To Form Broiled,Vegetables,22,1.09,4.83,0.25,1 cherry,14
Tomatoes From Fresh Broiled,Vegetables,22,1.09,4.84,0.25,1 cherry,14
Tomatoes Red Ns As To Form Fried,Vegetables,179,3.82,14.68,11.74,1 small,75
Tomatoes Red From Fresh Fried,Vegetables,169,2.7,10.93,13.11,1 small,75
Tomatoes Ns As To Form Scalloped,Vegetables,124,2.75,15.67,5.86,1 cup,235
Tomatoes From Fresh Scalloped,Vegetables,85,1.8,10.34,4.41,1 cup,235
Tomatoes From Fresh Stewed,Vegetables,59,1.74,9.67,1.83,1 tomato,114
Tomatoes Green Cooked Ns As To Form,Vegetables,181,3.97,15.26,11.74,1 small,75
Tomatoes Green Cooked From Fresh,Vegetables,202,3.24,13.01,15.67,1 small,75
Tomato Aspic,Vegetables,28,2.57,4.71,0.25,1 cup,227
Tomato And Corn Cooked Ns As To Fat Added In Cooking,Vegetables,50,1.37,7.67,2.28,1 cup,247
Tomato And Corn Cooked Fat Not Added In Cooking,Vegetables,37,1.39,7.84,0.64,1 cup,242
Tomato And Corn Cooked Fat Added In Cooking,Vegetables,50,1.37,7.67,2.28,1 cup,247
Tomato And Okra Cooked Ns As To Fat Added In Cooking,Vegetables,33,1.2,3.79,1.9,1 cup,222
Tomato And Okra Cooked Fat Not Added In Cooking,Vegetables,18,1.22,3.87,0.23,1 cup,217
Tomato And Okra Cooked Fat Added In Cooking Ns As To Type Of Fat,Vegetables,33,1.2,3.79,1.9,1 cup,222
Tomato And Okra Cooked Made With Oil,Vegetables,37,1.19,3.78,2.44,1 cup,222
Tomato And Okra Cooked Made With Butter,Vegetables,34,1.21,3.78,2.09,1 cup,222
Tomato And Okra Cooked Made With Margarine,Vegetables,30,1.19,3.8,1.61,1 cup,222
Tomato And Onion Cooked Ns As To Fat Added In Cooking,Vegetables,36,1.03,5.27,1.57,1 cup,242
Tomato And Onion Cooked Fat Not Added In Cooking,Vegetables,24,1.04,5.37,0.13,1 cup,237
Tomato And Onion Cooked Fat Added In Cooking Ns As To Type Of Fat,Vegetables,36,1.03,5.27,1.57,1 cup,242
Tomato And Onion Cooked Made With Oil,Vegetables,40,1.02,5.27,2.03,1 cup,242
Tomato And Onion Cooked Made With Butter,Vegetables,38,1.03,5.27,1.74,1 cup,242
Tomato And Onion Cooked Made With Margarine,Vegetables,34,1.02,5.28,1.32,1 cup,242
Tomato And Celery Cooked Ns As To Fat Added In Cooking,Vegetables,30,0.79,3.48,1.77,1 cup,249
Tomato And Celery Cooked Fat Added In Cooking,Vegetables,31,0.92,3.91,1.65,1 cup,249
Tomato And Celery Cooked Fat Not Added In Cooking,Vegetables,18,0.92,3.99,0.12,1 cup,244
Tomato With Corn And Okra Cooked Ns As To Fat Added In Cooking,Vegetables,55,1.82,8.61,2.36,1 cup,217
Tomato With Corn And Okra Cooked Fat Not Added In Cooking,Vegetables,32,1.52,6.89,0.52,1 cup,212
Tomato With Corn And Okra Cooked Fat Added In Cooking Ns As To Type Of Fat,Vegetables,55,1.82,8.61,2.36,1 cup,217
Tomato With Corn And Okra Cooked Made With Oil,Vegetables,52,1.5,6.69,2.81,1 cup,217
Tomato With Corn And Okra Cooked Made With Butter,Vegetables,49,1.51,6.72,2.48,1 cup,217
Tomato With Corn And Okra Cooked Made With Margarine,Vegetables,45,1.49,6.74,1.98,1 cup,217
Tomato And Cucumber Salad Made With Tomato Cucumber Oil And Vinegar,Vegetables,117,0.53,6.56,9.91,1 cup,159
Cucumber Raw,Vegetables,12,0.59,2.16,0.16,1 piece,7
Mixed Salad Greens Raw,Vegetables,17,1.52,3.22,0.24,No data available,No data available
Pepper Raw Nfs,Vegetables,24,0.91,5.13,0.22,1 piece,10
Pepper Sweet Red Raw,Vegetables,31,0.99,6.03,0.3,1 piece,10
Seaweed Raw,Vegetables,38,2.38,8.43,0.26,1 cup,80
Broccoli Salad With Cauliflower Cheese Bacon Bits And Dressing,Vegetables,269,5.85,10.58,22.87,1 cup,154
Broccoli Slaw Salad,Vegetables,116,2.14,10.9,7.86,1 cup,186
Cabbage Salad Or Coleslaw Made With Coleslaw Dressing,Vegetables,109,1.15,10.33,7.64,1 cup,219
Cabbage Salad Or Coleslaw Made With Light Coleslaw Dressing,Vegetables,100,0.94,14.43,4.87,1 cup,219
Cabbage Salad Or Coleslaw Made With Italian Dressing,Vegetables,73,1.05,7.63,4.64,1 cup,219
Cabbage Salad Or Coleslaw Made With Light Italian Dressing,Vegetables,44,1.04,7.19,1.55,1 cup,219
Cabbage Salad Or Coleslaw Made With Creamy Dressing,Vegetables,116,1.25,6.29,9.84,1 cup,219
Cabbage Salad Or Coleslaw Made With Light Creamy Dressing,Vegetables,46,1.27,9.61,0.72,1 cup,219
Cabbage Salad Or Coleslaw Made With Any Type Of Fat Free Dressing,Vegetables,41,0.99,8.5,0.71,1 cup,219
Cabbage Salad Or Coleslaw With Apples And/or Raisins With Dressing,Vegetables,106,1.06,13.32,6.09,1 cup,219
Cabbage Salad Or Coleslaw With Pineapple With Dressing,Vegetables,103,1.06,11.06,6.59,1 cup,219
Cabbage Chinese Salad With Dressing,Vegetables,203,2.48,15.71,15,1 cup,76
Celery Stuffed With Cheese,Vegetables,122,3.99,3.38,10.44,"1 small stalk (5"" long)",32
Cucumber And Vegetable Namasu,Vegetables,54,0.48,12.56,0.09,1 cup,155
Cucumber Salad Made With Sour Cream Dressing,Vegetables,63,1.09,2.86,5.38,1 cup,133
Cucumber Salad Made With Italian Dressing,Vegetables,115,0.48,6.58,9.68,1 cup,159
Cucumber Salad Made With Cucumber And Vinegar,Vegetables,33,0.52,7.22,0.08,1 cup,159
Lettuce Salad With Assorted Vegetables Including Tomatoes And/or Carrots No Dressing,Vegetables,21,1.2,4.42,0.2,1 cup,73
Lettuce Salad With Assorted Vegetables Excluding Tomatoes And Carrots No Dressing,Vegetables,20,1.36,3.93,0.21,1 cup,74
Lettuce Salad With Avocado Tomato And/or Carrots With Or Without Other Vegetables No Dressing,Vegetables,52,1.4,5.36,3.4,1 cup,87
Lettuce Salad With Cheese Tomato And/or Carrots With Or Without Other Vegetables No Dressing,Vegetables,88,4.97,4.19,5.96,1 cup,77
Lettuce Salad With Egg Tomato And/or Carrots With Or Without Other Vegetables No Dressing,Vegetables,48,3.5,3.76,2.31,1 cup,88
Lettuce Salad With Egg Cheese Tomato And/or Carrots With Or Without Other Vegetables No Dressing,Vegetables,69,4.29,3.65,4.29,1 garden salad,236
Lettuce Wilted With Bacon Dressing,Vegetables,81,2.98,2.47,6.57,1 cup,125
Seven-Layer Salad Lettuce Salad Made With A Combination Of Onion Celery Green Pepper Peas Mayonnaise Cheese Eggs And/or Bacon,Vegetables,227,4.75,5.6,20.71,1 cup,119
Greek Salad No Dressing,Vegetables,42,2.61,3.77,2.16,1 cup,105
Spinach Salad No Dressing,Vegetables,81,7.02,2.97,4.91,1 cup,74
Cobb Salad No Dressing,Vegetables,92,11.36,2.48,4.34,1 cup,105
Vegetables Ns As To Type Cooked Ns As To Fat Added In Cooking,Vegetables,79,2.79,12.7,1.97,1 cup,182
Vegetables Ns As To Type Cooked Fat Not Added In Cooking,Vegetables,65,2.84,13.02,0.15,1 cup,177
Vegetables Ns As To Type Cooked Fat Added In Cooking Ns As To Type Of Fat,Vegetables,79,2.79,12.7,1.97,1 cup,182
Vegetables Ns As To Type Cooked Made With Oil,Vegetables,85,2.78,12.7,2.57,1 cup,182
Vegetables Ns As To Type Cooked Made With Butter,Vegetables,81,2.79,12.69,2.19,1 cup,182
Vegetables Ns As To Type Cooked Made With Margarine,Vegetables,77,2.78,12.71,1.66,1 cup,182
Artichoke Cooked Ns As To Form Ns As To Fat Added In Cooking,Vegetables,61,3.02,8.89,2.46,1 small globe,103
Artichoke Cooked From Fresh Ns As To Fat Added In Cooking,Vegetables,69,2.81,11.57,2.31,1 small globe,103
Artichoke Cooked From Frozen Ns As To Fat Added In Cooking,Vegetables,61,3.02,8.89,2.46,1 cup/ hearts,173
Artichoke Cooked From Canned Ns As To Fat Added In Cooking,Vegetables,61,3.02,8.89,2.46,1 small globe,103
Artichoke Cooked Ns As To Form Fat Not Added In Cooking,Vegetables,45,3.09,9.13,0.5,1 small globe,100
Artichoke Cooked From Fresh Fat Not Added In Cooking,Vegetables,53,2.87,11.88,0.34,1 small globe,100
Artichoke Cooked From Frozen Fat Not Added In Cooking,Vegetables,45,3.09,9.13,0.5,1 cup/ hearts,168
Artichoke Cooked From Canned Fat Not Added In Cooking,Vegetables,45,3.09,9.13,0.5,1 small globe,100
Artichoke Cooked Ns As To Form Fat Added In Cooking Ns As To Type Of Fat,Vegetables,61,3.02,8.89,2.46,1 small globe,103
Artichoke Cooked From Fresh Fat Added In Cooking Ns As To Type Of Fat,Vegetables,69,2.81,11.57,2.31,1 small globe,103
Artichoke Cooked From Frozen Fat Added In Cooking Ns As To Type Of Fat,Vegetables,61,3.02,8.89,2.46,1 cup/ hearts,173
Artichoke Cooked From Canned Fat Added In Cooking Ns As To Type Of Fat,Vegetables,61,3.02,8.89,2.46,1 small globe,103
Artichoke Salad In Oil,Vegetables,122,2.65,10.96,8.57,1 cup,130
Artichoke Cooked Ns As To Form Made With Oil,Vegetables,67,3.01,8.89,3.1,1 small globe,103
Artichoke Cooked Ns As To Form Made With Butter,Vegetables,71,2.82,11.56,2.54,1 small globe,103
Artichoke Cooked Ns As To Form Made With Margarine,Vegetables,58,3.01,8.9,2.13,1 small globe,103
Artichoke Cooked From Fresh Made With Oil,Vegetables,74,2.8,11.57,2.95,1 small globe,103
Artichoke Cooked From Fresh Made With Butter,Vegetables,71,2.82,11.56,2.54,1 small globe,103
Artichoke Cooked From Fresh Made With Margarine,Vegetables,66,2.8,11.58,1.97,1 small globe,103
Artichoke Cooked From Canned Made With Oil,Vegetables,67,3.01,8.89,3.1,1 small globe,103
Artichoke Cooked From Canned Made With Butter,Vegetables,63,3.03,8.88,2.69,1 small globe,103
Artichoke Cooked From Canned Made With Margarine,Vegetables,58,3.01,8.9,2.13,1 small globe,103
Artichoke Cooked From Frozen Made With Oil,Vegetables,67,3.01,8.89,3.1,1 cup/ hearts,173
Artichoke Cooked From Frozen Made With Butter,Vegetables,63,3.03,8.88,2.69,1 cup/ hearts,173
Artichoke Cooked From Frozen Made With Margarine,Vegetables,58,3.01,8.9,2.13,1 cup/ hearts,173
Asparagus Cooked Ns As To Form Ns As To Fat Added In Cooking,Vegetables,34,2.87,1.87,2.26,1 piece,3
Asparagus Cooked From Fresh Ns As To Fat Added In Cooking,Vegetables,38,2.34,3.99,2.06,1 piece,3
Asparagus Cooked From Frozen Ns As To Fat Added In Cooking,Vegetables,41,2.84,1.85,3.13,1 piece,3
Asparagus Cooked From Canned Ns As To Fat Added In Cooking,Vegetables,31,2.1,2.41,2.02,1 cup,247
Asparagus Cooked Ns As To Form Fat Not Added In Cooking,Vegetables,18,2.93,1.91,0.42,1 piece,3
Asparagus Cooked From Fresh Fat Not Added In Cooking,Vegetables,22,2.39,4.09,0.22,1 piece,3
Asparagus Cooked From Frozen Fat Not Added In Cooking,Vegetables,18,2.93,1.91,0.42,1 piece,3
Asparagus Cooked From Canned Fat Not Added In Cooking,Vegetables,19,2.13,2.45,0.65,1 cup,242
Asparagus Cooked Ns As To Form Fat Added In Cooking Ns As To Type Of Fat,Vegetables,34,2.87,1.87,2.26,1 piece,3
Asparagus Cooked From Fresh Fat Added In Cooking Ns As To Type Of Fat,Vegetables,38,2.34,3.99,2.06,1 piece,3
Asparagus Cooked From Frozen Fat Added In Cooking Ns As To Type Of Fat,Vegetables,34,2.87,1.87,2.26,1 piece,3
Asparagus Cooked From Canned Fat Added In Cooking Ns As To Type Of Fat,Vegetables,31,2.1,2.41,2.02,1 cup,247
Asparagus Cooked Ns As To Form Made With Oil,Vegetables,39,2.86,1.86,2.86,1 piece,3
Asparagus Cooked Ns As To Form Made With Butter,Vegetables,36,2.88,1.86,2.47,1 piece,3
Asparagus Cooked Ns As To Form Made With Margarine,Vegetables,31,2.86,1.88,1.94,1 piece,3
Asparagus Cooked From Fresh Made With Oil,Vegetables,43,2.33,3.99,2.66,1 piece,3
Asparagus Cooked From Fresh Made With Butter,Vegetables,40,2.35,3.98,2.28,1 piece,3
Asparagus Cooked From Fresh Made With Margarine,Vegetables,35,2.33,4,1.75,1 piece,3
Asparagus Cooked From Frozen Made With Oil,Vegetables,39,2.86,1.86,2.86,1 piece,3
Asparagus Cooked From Frozen Made With Butter,Vegetables,36,2.88,1.86,2.47,1 piece,3
Asparagus Cooked From Frozen Made With Margarine,Vegetables,31,2.86,1.88,1.94,1 piece,3
Asparagus Cooked From Canned Made With Oil,Vegetables,35,2.09,2.4,2.47,1 cup,247
Asparagus Cooked From Canned Made With Butter,Vegetables,32,2.11,2.4,2.18,1 cup,247
Asparagus Cooked From Canned Made With Margarine,Vegetables,29,2.09,2.42,1.79,1 cup,247
Bamboo Shoots Cooked Fat Not Added In Cooking,Vegetables,36,3.45,6.89,0.4,1 cup/ slices,120
Bamboo Shoots Cooked Fat Added In Cooking,Vegetables,71,3.34,6.68,4.5,1 cup,156
Bamboo Shoots Cooked Ns As To Fat Added In Cooking,Vegetables,71,3.34,6.68,4.5,1 cup,156
Beans Lima Immature Cooked Ns As To Form Ns As To Fat Added In Cooking,Vegetables,117,5.89,18.7,2.28,1 cup,185
Beans Lima Immature Cooked From Fresh Ns As To Fat Added In Cooking,Vegetables,136,6.6,22.88,2.26,1 cup,175
Beans Lima Immature Cooked From Frozen Ns As To Fat Added In Cooking,Vegetables,117,5.89,18.7,2.28,1 cup,185
Beans Lima Immature Cooked From Canned Ns As To Fat Added In Cooking,Vegetables,117,5.89,18.7,2.28,1 cup,179
Beans Lima Immature Cooked Ns As To Form Fat Not Added In Cooking,Vegetables,102,6.04,19.21,0.34,1 cup,180
Beans Lima Immature Cooked From Fresh Fat Not Added In Cooking,Vegetables,122,6.77,23.5,0.32,1 cup,170
Beans Lima Immature Cooked From Frozen Fat Not Added In Cooking,Vegetables,102,6.04,19.21,0.34,1 cup,180
Beans Lima Immature Cooked From Canned Fat Not Added In Cooking,Vegetables,102,6.04,19.21,0.34,1 cup,174
Beans Lima Immature Cooked Ns As To Form Fat Added In Cooking Ns As To Type Of Fat,Vegetables,117,5.89,18.7,2.28,1 cup,185
Beans Lima Immature Cooked From Fresh Fat Added In Cooking Ns As To Type Of Fat,Vegetables,136,6.6,22.88,2.26,1 cup,175
Beans Lima Immature Cooked From Frozen Fat Added In Cooking Ns As To Type Of Fat,Vegetables,117,5.89,18.7,2.28,1 cup,185
Beans Lima Immature Cooked From Canned Fat Added In Cooking Ns As To Type Of Fat,Vegetables,136,6.6,22.88,2.26,1 cup,179
Beans Lima Immature Cooked Ns As To Form Made With Oil,Vegetables,123,5.88,18.71,2.92,1 cup,185
Beans Lima Immature Cooked Ns As To Form Made With Butter,Vegetables,119,5.9,18.69,2.51,1 cup,185
Beans Lima Immature Cooked Ns As To Form Made With Margarine,Vegetables,114,5.88,18.71,1.95,1 cup,185
Beans Lima Immature Cooked From Fresh Made With Oil,Vegetables,142,6.6,22.89,2.9,1 cup,175
Beans Lima Immature Cooked From Fresh Made With Butter,Vegetables,138,6.61,22.87,2.49,1 cup,175
Beans Lima Immature Cooked From Fresh Made With Margarine,Vegetables,133,6.59,22.89,1.93,1 cup,175
Beans Lima Immature Cooked From Frozen Made With Oil,Vegetables,123,5.88,18.71,2.92,1 cup,185
Beans Lima Immature Cooked From Frozen Made With Butter,Vegetables,119,5.9,18.69,2.51,1 cup,185
Beans Lima Immature Cooked From Frozen Made With Margarine,Vegetables,114,5.88,18.71,1.95,1 cup,185
Beans Lima Immature Cooked From Canned Made With Oil,Vegetables,123,5.88,18.71,2.92,1 cup,179
Beans Lima Immature Cooked From Canned Made With Butter,Vegetables,119,5.9,18.69,2.51,1 cup,179
Beans Lima Immature Cooked From Canned Made With Margarine,Vegetables,114,5.88,18.71,1.95,1 cup,179
Beans String Cooked Ns As To Form Ns As To Color Made With Oil,Vegetables,56,1.43,6.2,3.4,1 cup,140
Beans String Cooked Ns As To Form Ns As To Color Made With Butter,Vegetables,51,1.46,6.19,2.89,1 cup,140
Beans String Cooked Ns As To Form Ns As To Color Made With Margarine,Vegetables,45,1.44,6.22,2.19,1 cup,140
Beans String Cooked From Fresh Ns As To Color Made With Oil,Vegetables,64,1.81,7.54,3.75,1 cup,130
Beans String Cooked From Fresh Ns As To Color Made With Butter,Vegetables,59,1.84,7.54,3.2,1 cup,130
Beans String Cooked From Fresh Ns As To Color Made With Margarine,Vegetables,53,1.81,7.56,2.45,1 cup,130
Beans String Cooked From Frozen Ns As To Color Made With Oil,Vegetables,56,1.43,6.2,3.4,1 cup,140
Beans String Cooked From Frozen Ns As To Color Made With Butter,Vegetables,51,1.46,6.19,2.89,1 cup,140
Beans String Cooked From Frozen Ns As To Color Made With Margarine,Vegetables,45,1.44,6.22,2.19,1 cup,140
Beans String Cooked From Canned Ns As To Color Made With Oil,Vegetables,46,1.02,4.06,3.27,1 cup,140
Beans String Cooked From Canned Ns As To Color Made With Butter,Vegetables,42,1.04,4.06,2.82,1 cup,140
Beans String Cooked From Canned Ns As To Color Made With Margarine,Vegetables,36,1.02,4.08,2.2,1 cup,140
Beans String Cooked Ns As To Form Ns As To Color Fat Added In Cooking Ns As To Type Of Fat,Vegetables,48,1.45,6.2,2.6,1 cup,140
Beans String Cooked From Fresh Ns As To Color Fat Added In Cooking Ns As To Type Of Fat,Vegetables,57,1.83,7.55,2.89,1 cup,130
Beans String Cooked From Frozen Ns As To Color Fat Added In Cooking Ns As To Type Of Fat,Vegetables,48,1.45,6.2,2.6,1 cup,140
Beans String Cooked From Canned Ns As To Color Fat Added In Cooking Ns As To Type Of Fat,Vegetables,40,1.03,4.07,2.57,1 cup,140
Beans String Cooked Ns As To Form Ns As To Color Fat Not Added In Cooking,Vegetables,28,1.48,6.4,0.17,1 cup,135
Beans String Cooked From Fresh Ns As To Color Fat Not Added In Cooking,Vegetables,35,1.88,7.82,0.28,1 cup,125
Beans String Cooked From Frozen Ns As To Color Fat Not Added In Cooking,Vegetables,28,1.48,6.4,0.17,1 cup,135
Beans String Cooked From Canned Ns As To Color Fat Not Added In Cooking,Vegetables,21,1.05,4.18,0.41,1 cup,135
Beans String Cooked Ns As To Form Ns As To Color Ns As To Fat Added In Cooking,Vegetables,48,1.45,6.2,2.6,1 cup,140
Beans String Cooked From Fresh Ns As To Color Ns As To Fat Added In Cooking,Vegetables,57,1.83,7.55,2.89,1 cup,130
Beans String Cooked From Frozen Ns As To Color Ns As To Fat Added In Cooking,Vegetables,48,1.45,6.2,2.6,1 cup,140
Beans String Cooked From Canned Ns As To Color Ns As To Fat Added In Cooking,Vegetables,40,1.03,4.07,2.57,1 cup,140
Beans String Green Cooked Ns As To Form Ns As To Fat Added In Cooking,Vegetables,48,1.45,6.2,2.6,1 cup/ ns as to from fresh/ frozen/ or canned,140
Beans String Green Cooked From Fresh Ns As To Fat Added In Cooking,Vegetables,57,1.83,7.55,2.89,1 cup/ fresh,130
Beans String Green Cooked From Frozen Ns As To Fat Added In Cooking,Vegetables,48,1.45,6.2,2.6,1 cup/ frozen,140
Beans String Green Cooked From Canned Ns As To Fat Added In Cooking,Vegetables,40,1.03,4.07,2.57,1 cup/ canned,158
Beans String Green Cooked Ns As To Form Fat Not Added In Cooking,Vegetables,28,1.48,6.4,0.17,1 cup/ ns as to from fresh/ frozen/ or canned,135
Beans String Green Cooked From Fresh Fat Not Added In Cooking,Vegetables,35,1.88,7.82,0.28,1 cup/ fresh,125
Beans String Green Cooked From Frozen Fat Not Added In Cooking,Vegetables,28,1.48,6.4,0.17,1 cup/ frozen,135
Beans String Green Cooked From Canned Fat Not Added In Cooking,Vegetables,21,1.05,4.18,0.41,1 cup/ canned,153
Beans String Green Cooked Ns As To Form Fat Added In Cooking Ns As To Type Of Fat,Vegetables,48,1.45,6.2,2.6,1 cup/ ns as to from fresh/ frozen/ or canned,140
Beans String Green Cooked From Fresh Fat Added In Cooking Ns As To Type Of Fat,Vegetables,57,1.83,7.55,2.89,1 cup/ fresh,130
Beans String Green Cooked From Frozen Fat Added In Cooking Ns As To Type Of Fat,Vegetables,48,1.45,6.2,2.6,1 cup/ frozen,140
Beans String Green Cooked From Canned Fat Added In Cooking Ns As To Type Of Fat,Vegetables,40,1.03,4.07,2.57,1 cup/ canned,158
Beans String Green Cooked Ns As To Form Made With Oil,Vegetables,56,1.43,6.2,3.4,1 cup/ ns as to from fresh/ frozen/ or canned,140
Beans String Green Cooked Ns As To Form Made With Butter,Vegetables,51,1.46,6.19,2.89,1 cup/ ns as to from fresh/ frozen/ or canned,140
Beans String Green Cooked Ns As To Form Made With Margarine,Vegetables,45,1.44,6.22,2.19,1 cup/ ns as to from fresh/ frozen/ or canned,140
Beans String Green Cooked From Fresh Made With Oil,Vegetables,64,1.81,7.54,3.75,1 cup/ fresh,130
Beans String Green Cooked From Fresh Made With Butter,Vegetables,59,1.84,7.54,3.2,1 cup/ fresh,130
Beans String Green Cooked From Fresh Made With Margarine,Vegetables,53,1.81,7.56,2.45,1 cup/ fresh,130
Beans String Green Cooked From Frozen Made With Oil,Vegetables,56,1.43,6.2,3.4,1 cup/ frozen,140
Beans String Green Cooked From Frozen Made With Butter,Vegetables,51,1.46,6.19,2.89,1 cup/ frozen,140
Beans String Green Cooked From Frozen Made With Margarine,Vegetables,45,1.44,6.22,2.19,1 cup/ frozen,140
Beans String Green Cooked From Canned Made With Oil,Vegetables,46,1.02,4.06,3.27,1 cup/ canned,158
Beans String Green Cooked From Canned Made With Butter,Vegetables,42,1.04,4.06,2.82,1 cup/ canned,158
Beans String Green Cooked From Canned Made With Margarine,Vegetables,36,1.02,4.08,2.2,1 cup/ canned,158
Beans String Green Canned Low Sodium Ns As To Fat Added In Cooking,Vegetables,41,1.1,4.2,2.62,1 cup,158
Beans String Green Canned Low Sodium Fat Added In Cooking Ns As To Type Of Fat,Vegetables,41,1.1,4.2,2.62,1 cup,158
Beans String Green Canned Low Sodium Made With Oil,Vegetables,47,1.09,4.2,3.33,1 cup,158
Beans String Green Canned Low Sodium Made With Butter,Vegetables,43,1.11,4.19,2.88,1 cup,158
Beans String Green Canned Low Sodium Made With Margarine,Vegetables,37,1.09,4.22,2.26,1 cup,158
Beans String Yellow Cooked Ns As To Form Ns As To Fat Added In Cooking,Vegetables,48,1.45,6.2,2.6,1 cup/ ns as to from fresh/ frozen/ or canned,140
Beans String Yellow Cooked From Fresh Ns As To Fat Added In Cooking,Vegetables,57,1.83,7.55,2.89,1 cup,130
Beans String Yellow Cooked From Frozen Ns As To Fat Added In Cooking,Vegetables,48,1.45,6.2,2.6,1 cup,140
Beans String Yellow Cooked From Canned Ns As To Fat Added In Cooking,Vegetables,39,1.13,4.36,2.27,1 cup,158
Beans String Yellow Cooked Ns As To Form Fat Not Added In Cooking,Vegetables,48,1.45,6.2,2.6,1 cup/ ns as to from fresh/ frozen/ or canned,135
Beans String Yellow Cooked From Fresh Fat Not Added In Cooking,Vegetables,35,1.88,7.82,0.28,1 cup,125
Beans String Yellow Cooked From Frozen Fat Not Added In Cooking,Vegetables,28,1.48,6.4,0.17,1 cup,135
Beans String Yellow Cooked From Canned Fat Not Added In Cooking,Vegetables,20,1.15,4.49,0.1,1 cup,153
Beans String Yellow Cooked Ns As To Form Fat Added In Cooking Ns As To Type Of Fat,Vegetables,48,1.45,6.2,2.6,1 cup/ ns as to from fresh/ frozen/ or canned,140
Beans String Yellow Cooked From Fresh Fat Added In Cooking Ns As To Type Of Fat,Vegetables,57,1.83,7.55,2.89,1 cup,130
Beans String Yellow Cooked From Frozen Fat Added In Cooking Ns As To Type Of Fat,Vegetables,48,1.45,6.2,2.6,1 cup,140
Beans String Yellow Cooked From Canned Fat Added In Cooking Ns As To Type Of Fat,Vegetables,39,1.13,4.36,2.27,1 cup,158
Beans String Yellow Cooked Ns As To Form Made With Oil,Vegetables,56,1.43,6.2,3.4,1 cup/ ns as to from fresh/ frozen/ or canned,140
Beans String Yellow Cooked Ns As To Form Made With Butter,Vegetables,51,1.46,6.19,2.89,1 cup/ ns as to from fresh/ frozen/ or canned,140
Beans String Yellow Cooked Ns As To Form Made With Margarine,Vegetables,45,1.44,6.22,2.19,1 cup/ ns as to from fresh/ frozen/ or canned,140
Beans String Yellow Cooked From Fresh Made With Oil,Vegetables,64,1.81,7.54,3.75,1 cup,130
Beans String Yellow Cooked From Fresh Made With Butter,Vegetables,59,1.84,7.54,3.2,1 cup,130
Beans String Yellow Cooked From Fresh Made With Margarine,Vegetables,53,1.81,7.56,2.45,1 cup,130
Beans String Yellow Cooked From Frozen Made With Oil,Vegetables,56,1.43,6.2,3.4,1 cup,140
Beans String Yellow Cooked From Frozen Made With Butter,Vegetables,51,1.46,6.19,2.89,1 cup,140
Beans String Yellow Cooked From Frozen Made With Margarine,Vegetables,45,1.44,6.22,2.19,1 cup,140
Beans String Yellow Cooked From Canned Made With Oil,Vegetables,45,1.11,4.36,2.97,1 cup,158
Beans String Yellow Cooked From Canned Made With Butter,Vegetables,41,1.14,4.36,2.52,1 cup,158
Beans String Yellow Cooked From Canned Made With Margarine,Vegetables,35,1.12,4.38,1.9,1 cup,158
Bean Sprouts Cooked Ns As To Form Ns As To Fat Added In Cooking,Vegetables,80,4.57,4.95,5.84,1 cup,129
Bean Sprouts Cooked From Fresh Ns As To Fat Added In Cooking,Vegetables,80,4.57,4.95,5.84,1 cup,129
Bean Sprouts Cooked Ns As To Form Fat Added In Cooking,Vegetables,80,4.57,4.95,5.84,1 cup,129
Bean Sprouts Cooked From Fresh Fat Added In Cooking,Vegetables,80,4.57,4.95,5.84,1 cup,129
Beets Cooked Ns As To Form Ns As To Fat Added In Cooking,Vegetables,60,1.64,9.65,2.13,1 cup/ whole,168
Beets Cooked From Fresh Ns As To Fat Added In Cooking,Vegetables,60,1.64,9.65,2.13,1 cup/ whole,168
Beets Cooked From Frozen Ns As To Fat Added In Cooking,Vegetables,60,1.64,9.65,2.13,1 cup/ whole,168
Beets Cooked From Canned Ns As To Fat Added In Cooking,Vegetables,47,0.9,6.98,2.09,1 cup/ whole,168
Beets Cooked Ns As To Form Fat Not Added In Cooking,Vegetables,44,1.67,9.9,0.18,1 cup/ slices,170
Beets Cooked From Fresh Fat Not Added In Cooking,Vegetables,44,1.67,9.9,0.18,1 cup/ whole,163
Beets Cooked From Frozen Fat Not Added In Cooking,Vegetables,44,1.67,9.9,0.18,1 cup/ whole,163
Beets Cooked From Canned Fat Not Added In Cooking,Vegetables,31,0.9,7.17,0.14,1 cup/ whole,163
Beets Cooked Ns As To Form Fat Added In Cooking Ns As To Type Of Fat,Vegetables,60,1.64,9.65,2.13,1 cup/ slices,175
Beets Cooked From Fresh Fat Added In Cooking Ns As To Type Of Fat,Vegetables,60,1.64,9.65,2.13,1 cup/ whole,168
Beets Cooked From Frozen Fat Added In Cooking Ns As To Type Of Fat,Vegetables,60,1.64,9.65,2.13,1 cup/ whole,168
Beets Cooked From Canned Fat Added In Cooking Ns As To Type Of Fat,Vegetables,47,0.9,6.98,2.09,1 cup/ whole,168
Beets Canned Low Sodium Ns As To Fat Added In Cooking,Vegetables,60,1.21,9.78,2.18,1 cup/ nfs,175
Beets Canned Low Sodium Fat Not Added In Cooking,Vegetables,42,1.21,9.96,0.11,1 cup/ nfs,170
Beets Canned Low Sodium Made With Oil,Vegetables,66,1.19,9.77,2.85,1 cup/ nfs,175
Beets Canned Low Sodium Made With Butter,Vegetables,62,1.21,9.77,2.42,1 cup/ nfs,175
Beets Canned Low Sodium Made With Margarine,Vegetables,57,1.19,9.79,1.83,1 cup/ nfs,175
Beets Canned Low Sodium Fat Added In Cooking Ns As To Type Of Fat,Vegetables,60,1.21,9.78,2.18,1 cup/ nfs,175
Beets Cooked Ns As To Form Made With Oil,Vegetables,66,1.63,9.65,2.76,1 cup/ slices,175
Beets Cooked Ns As To Form Made With Butter,Vegetables,62,1.65,9.64,2.36,1 cup/ slices,175
Beets Cooked Ns As To Form Made With Margarine,Vegetables,57,1.63,9.66,1.8,1 cup/ slices,175
Beets Cooked From Fresh Made With Oil,Vegetables,66,1.63,9.65,2.76,1 cup/ whole,168
Beets Cooked From Fresh Made With Butter,Vegetables,62,1.65,9.64,2.36,1 cup/ whole,168
Beets Cooked From Fresh Made With Margarine,Vegetables,57,1.63,9.66,1.8,1 cup/ whole,168
Beets Cooked From Frozen Made With Oil,Vegetables,66,1.63,9.65,2.76,1 cup/ whole,168
Beets Cooked From Frozen Made With Butter,Vegetables,62,1.65,9.64,2.36,1 cup/ whole,168
Beets Cooked From Frozen Made With Margarine,Vegetables,57,1.63,9.66,1.8,1 cup/ whole,168
Beets Cooked From Canned Made With Oil,Vegetables,53,0.88,6.98,2.72,1 cup/ whole,168
Beets Cooked From Canned Made With Butter,Vegetables,49,0.9,6.98,2.32,1 cup/ whole,168
Beets Cooked From Canned Made With Margarine,Vegetables,44,0.88,7,1.76,1 cup/ whole,168
Bitter Melon Cooked Ns As To Fat Added In Cooking,Vegetables,49,0.8,4.14,3.68,1 cup,129
Bitter Melon Cooked Fat Not Added In Cooking,Vegetables,19,0.83,4.28,0.18,1 cup,124
Bitter Melon Cooked Fat Added In Cooking,Vegetables,49,0.8,4.14,3.68,1 cup,129
Breadfruit Cooked Ns As To Fat Added In Cooking,Vegetables,131,1.15,28.72,2.7,1 cup,257
Breadfruit Cooked Fat Not Added In Cooking,Vegetables,114,1.18,30.02,0.26,1 cup,252
Breadfruit Cooked Fat Added In Cooking,Vegetables,131,1.15,28.72,2.7,1 cup,257
Breadfruit Fried,Vegetables,158,1.29,32.66,4.13,1 cup,170
Broccoflower Cooked Ns As To Fat Added In Cooking,Vegetables,59,2.91,5.98,3.55,1 cup/ fresh,87
Broccoflower Cooked Fat Not Added In Cooking,Vegetables,32,3.02,6.24,0.31,1 cup/ fresh,82
Broccoflower Cooked Fat Added In Cooking Ns As To Type Of Fat,Vegetables,51,2.95,6.06,2.54,1 cup/ fresh,87
Broccoflower Cooked Made With Oil,Vegetables,58,2.93,6.05,3.38,1 cup/ fresh,87
Broccoflower Cooked Made With Butter,Vegetables,53,2.96,6.05,2.8,1 cup/ fresh,87
Broccoflower Cooked Made With Margarine,Vegetables,47,2.93,6.08,2.14,1 cup/ fresh,87
Brussels Sprouts Cooked Ns As To Form Ns As To Fat Added In Cooking,Vegetables,59,3.53,8.04,2.51,1 cup,160
Brussels Sprouts Cooked From Fresh Ns As To Fat Added In Cooking,Vegetables,54,2.48,6.86,2.6,1 cup,160
Brussels Sprouts Cooked From Frozen Ns As To Fat Added In Cooking,Vegetables,59,3.53,8.04,2.51,1 cup,160
Brussels Sprouts Cooked Ns As To Form Fat Not Added In Cooking,Vegetables,42,3.62,8.27,0.39,1 cup,155
Brussels Sprouts Cooked From Fresh Fat Not Added In Cooking,Vegetables,36,2.53,7.06,0.5,1 cup,155
Brussels Sprouts Cooked From Frozen Fat Not Added In Cooking,Vegetables,42,3.62,8.27,0.39,1 cup,155
Brussels Sprouts Cooked Ns As To Form Fat Added In Cooking Ns As To Type Of Fat,Vegetables,59,3.53,8.04,2.51,1 cup,160
Brussels Sprouts Cooked From Fresh Fat Added In Cooking Ns As To Type Of Fat,Vegetables,54,2.48,6.86,2.6,1 cup,160
Brussels Sprouts Cooked From Frozen Fat Added In Cooking Ns As To Type Of Fat,Vegetables,59,3.53,8.04,2.51,1 cup,160
Brussels Sprouts Cooked Ns As To Form Made With Oil,Vegetables,66,3.51,8.03,3.21,1 cup,160
Brussels Sprouts Cooked Ns As To Form Made With Butter,Vegetables,62,3.54,8.02,2.76,1 cup,160
Brussels Sprouts Cooked Ns As To Form Made With Margarine,Vegetables,56,3.51,8.05,2.15,1 cup,160
Brussels Sprouts Cooked From Fresh Made With Oil,Vegetables,60,2.46,6.86,3.29,1 cup,160
Brussels Sprouts Cooked From Fresh Made With Butter,Vegetables,56,2.48,6.85,2.85,1 cup,160
Brussels Sprouts Cooked From Fresh Made With Margarine,Vegetables,50,2.46,6.87,2.25,1 cup,160
Brussels Sprouts Cooked From Frozen Made With Oil,Vegetables,66,3.51,8.03,3.21,1 cup,160
Brussels Sprouts Cooked From Frozen Made With Butter,Vegetables,62,3.54,8.02,2.76,1 cup,160
Brussels Sprouts Cooked From Frozen Made With Margarine,Vegetables,56,3.51,8.05,2.15,1 cup,160
Burdock Cooked Ns As To Fat Added In Cooking,Vegetables,115,2,20.25,3.61,1 cup,130
Burdock Cooked Fat Not Added In Cooking,Vegetables,87,2.07,20.98,0.14,1 cup,125
Burdock Cooked Fat Added In Cooking,Vegetables,115,2,20.25,3.61,1 cup,130
Cabbage Chinese Cooked Ns As To Fat Added In Cooking,Vegetables,35,1.51,1.72,2.74,1 cup,175
Cabbage Chinese Cooked Fat Not Added In Cooking,Vegetables,12,1.55,1.77,0.16,1 cup,170
Cabbage Chinese Cooked Fat Added In Cooking Ns As To Type Of Fat,Vegetables,35,1.51,1.72,2.74,1 cup,175
Cabbage Chinese Cooked Made With Oil,Vegetables,35,1.51,1.72,2.74,1 cup,175
Cabbage Chinese Cooked Made With Butter,Vegetables,31,1.53,1.72,2.34,1 cup,175
Cabbage Chinese Cooked Made With Margarine,Vegetables,26,1.51,1.74,1.78,1 cup,175
Cabbage Green Cooked Ns As To Fat Added In Cooking,Vegetables,42,1.24,5.32,2.26,1 cup,155
Cabbage Green Cooked Fat Not Added In Cooking,Vegetables,23,1.26,5.47,0.06,1 cup,150
Cabbage Green Cooked Fat Added In Cooking Ns As To Type Of Fat,Vegetables,42,1.24,5.32,2.26,1 cup,155
Cabbage Green Cooked Made With Oil,Vegetables,48,1.23,5.31,2.98,1 cup,155
Cabbage Green Cooked Made With Butter,Vegetables,44,1.25,5.31,2.52,1 cup,155
Cabbage Green Cooked Made With Margarine,Vegetables,38,1.23,5.33,1.89,1 cup,155
Cabbage Red Cooked Ns As To Fat Added In Cooking,Vegetables,47,1.47,6.7,2.29,1 cup,155
Cabbage Red Cooked Fat Not Added In Cooking,Vegetables,29,1.5,6.89,0.09,1 cup,150
Cabbage Red Cooked Fat Added In Cooking Ns As To Type Of Fat,Vegetables,47,1.47,6.7,2.29,1 cup,155
Cabbage Red Cooked Made With Oil,Vegetables,54,1.46,6.69,3.01,1 cup,155
Cabbage Red Cooked Made With Butter,Vegetables,50,1.48,6.69,2.55,1 cup,155
Cabbage Red Cooked Made With Margarine,Vegetables,44,1.46,6.71,1.92,1 cup,155
Cabbage Savoy Cooked Ns As To Fat Added In Cooking,Vegetables,48,2.03,6.13,2.43,1 cup,150
Cabbage Savoy Cooked Fat Not Added In Cooking,Vegetables,28,2.07,6.32,0.1,1 cup,145
Cabbage Savoy Cooked Fat Added In Cooking Ns As To Type Of Fat,Vegetables,48,2.03,6.13,2.43,1 cup,150
Cabbage Savoy Cooked Made With Oil,Vegetables,56,2.01,6.12,3.31,1 cup,150
Cabbage Savoy Cooked Made With Butter,Vegetables,50,2.03,6.12,2.7,1 cup,150
Cabbage Savoy Cooked Made With Margarine,Vegetables,44,2.01,6.15,2.02,1 cup,150
Cactus Cooked Ns As To Fat Added In Cooking,Vegetables,34,1.32,3.17,2.27,1 cup,154
Cactus Cooked Fat Not Added In Cooking,Vegetables,15,1.34,3.26,0.05,1 cup,149
Cactus Cooked Fat Added In Cooking Ns As To Type Of Fat,Vegetables,34,1.32,3.17,2.27,1 cup,154
Cactus Cooked Made With Oil,Vegetables,40,1.3,3.16,2.99,1 cup,154
Cactus Cooked Made With Butter,Vegetables,36,1.33,3.16,2.53,1 cup,154
Cactus Cooked Made With Margarine,Vegetables,31,1.3,3.18,1.89,1 cup,154
Cauliflower Cooked Ns As To Form Ns As To Fat Added In Cooking,Vegetables,35,1.58,3.64,2.06,1 piece,23
Cauliflower Cooked From Fresh Ns As To Fat Added In Cooking,Vegetables,45,1.78,3.94,3.08,1 piece,23
Cauliflower Cooked From Frozen Ns As To Fat Added In Cooking,Vegetables,35,1.58,3.64,2.06,1 cup,185
Cauliflower Cooked From Canned Ns As To Fat Added In Cooking,Vegetables,35,1.58,3.64,2.06,1 cup,185
Cauliflower Cooked Ns As To Form Fat Not Added In Cooking,Vegetables,19,1.6,3.73,0.22,1 piece,22
Cauliflower Cooked From Fresh Fat Not Added In Cooking,Vegetables,23,1.82,4.08,0.45,1 piece,22
Cauliflower Cooked From Frozen Fat Not Added In Cooking,Vegetables,19,1.6,3.73,0.22,1 cup,180
Cauliflower Cooked From Canned Fat Not Added In Cooking,Vegetables,19,1.6,3.73,0.22,1 cup,180
Cauliflower Cooked Ns As To Form Fat Added In Cooking Ns As To Type Of Fat,Vegetables,35,1.58,3.64,2.06,1 piece,23
Cauliflower Cooked From Fresh Fat Added In Cooking Ns As To Type Of Fat,Vegetables,45,1.78,3.94,3.08,1 piece,23
Cauliflower Cooked From Frozen Fat Added In Cooking Ns As To Type Of Fat,Vegetables,35,1.58,3.64,2.06,1 cup,185
Cauliflower Cooked From Canned Fat Added In Cooking Ns As To Type Of Fat,Vegetables,45,1.78,3.94,3.08,1 cup,185
Cauliflower Cooked Ns As To Form Made With Oil,Vegetables,40,1.56,3.64,2.66,1 piece,23
Cauliflower Cooked Ns As To Form Made With Butter,Vegetables,37,1.58,3.64,2.28,1 piece,23
Cauliflower Cooked Ns As To Form Made With Margarine,Vegetables,32,1.56,3.66,1.75,1 piece,23
Cauliflower Cooked From Fresh Made With Oil,Vegetables,53,1.76,3.93,3.94,1 piece,23
Cauliflower Cooked From Fresh Made With Butter,Vegetables,48,1.79,3.93,3.39,1 piece,23
Cauliflower Cooked From Fresh Made With Margarine,Vegetables,42,1.76,3.96,2.63,1 piece,23
Cauliflower Cooked From Frozen Made With Oil,Vegetables,40,1.56,3.64,2.66,1 cup,180
Cauliflower Cooked From Frozen Made With Butter,Vegetables,37,1.58,3.64,2.28,1 cup,180
Cauliflower Cooked From Frozen Made With Margarine,Vegetables,32,1.56,3.66,1.75,1 cup,185
Cauliflower Cooked From Canned Made With Oil,Vegetables,40,1.56,3.64,2.66,1 cup,185
Cauliflower Cooked From Canned Made With Butter,Vegetables,37,1.58,3.64,2.28,1 cup,185
Cauliflower Cooked From Canned Made With Margarine,Vegetables,32,1.56,3.66,1.75,1 cup,185
Celery Cooked Ns As To Fat Added In Cooking,Vegetables,37,0.82,3.86,2.36,1 cup/ diced,155
Celery Cooked Fat Not Added In Cooking,Vegetables,18,0.82,3.97,0.16,1 cup/ diced,150
Celery Cooked Fat Added In Cooking Ns As To Type Of Fat,Vegetables,37,0.82,3.86,2.36,1 cup/ diced,155
Celery Cooked Made With Oil,Vegetables,43,0.8,3.86,3.07,1 cup/ diced,155
Celery Cooked Made With Butter,Vegetables,39,0.82,3.86,2.62,1 cup/ diced,155
Celery Cooked Made With Margarine,Vegetables,34,0.8,3.88,1.99,1 cup/ diced,155
Fennel Bulb Cooked Ns As To Fat Added In Cooking,Vegetables,79,1.92,11.18,3.86,1 fennel bulb,218
Fennel Bulb Cooked Fat Not Added In Cooking,Vegetables,49,1.96,11.52,0.32,1 fennel bulb,211
Fennel Bulb Cooked Fat Added In Cooking Ns As To Type Of Fat,Vegetables,79,1.92,11.18,3.86,1 fennel bulb,218
Fennel Bulb Cooked Made With Oil,Vegetables,91,1.9,11.16,5.2,1 fennel bulb,218
Fennel Bulb Cooked Made With Butter,Vegetables,82,1.94,11.17,4.28,1 fennel bulb,218
Fennel Bulb Cooked Made With Margarine,Vegetables,73,1.9,11.2,3.23,1 fennel bulb,218
Christophine Cooked Ns As To Fat Added In Cooking,Vegetables,42,0.62,4.92,2.54,1 cup,165
Christophine Cooked Fat Not Added In Cooking,Vegetables,24,0.62,5.06,0.48,1 cup,160
Christophine Cooked Fat Added In Cooking,Vegetables,42,0.62,4.92,2.54,1 cup,165
Corn Cooked Ns As To Form Ns As To Color Ns As To Fat Added In Cooking,Vegetables,96,2.48,18.66,2.67,1 cup,169
Corn Cooked From Frozen Ns As To Color Ns As To Fat Added In Cooking,Vegetables,96,2.48,18.66,2.67,1 cup,169
Corn Cooked From Canned Ns As To Color Ns As To Fat Added In Cooking,Vegetables,83,2.24,13.92,3.21,1 cup,169
Corn Cooked From Canned Ns As To Color Fat Not Added In Cooking,Vegetables,67,2.28,14.3,1.22,1 cup,164
Corn Cooked Ns As To Form Ns As To Color Fat Added In Cooking Ns As To Type Of Fat,Vegetables,96,2.48,18.66,2.67,1 cup,169
Corn Cooked From Frozen Ns As To Color Fat Added In Cooking Ns As To Type Of Fat,Vegetables,96,2.48,18.66,2.67,1 cup,169
Corn Cooked From Canned Ns As To Color Fat Added In Cooking Ns As To Type Of Fat,Vegetables,83,2.24,13.92,3.21,1 cup,169
Corn Cooked Ns As To Form Ns As To Color Made With Oil,Vegetables,102,2.47,18.67,3.33,1 cup,169
Corn Cooked Ns As To Form Ns As To Color Made With Butter,Vegetables,98,2.49,18.65,2.91,1 cup,169
Corn Cooked Ns As To Form Ns As To Color Made With Margarine,Vegetables,93,2.47,18.67,2.33,1 cup,169
Corn Cooked From Fresh Ns As To Color Made With Oil,Vegetables,117,3.3,20.29,4.13,1 cup,158
Corn Cooked From Frozen Ns As To Color Made With Oil,Vegetables,102,2.47,18.67,3.33,1 cup,169
Corn Cooked From Frozen Ns As To Color Made With Butter,Vegetables,98,2.49,18.65,2.91,1 cup,169
Corn Cooked From Frozen Ns As To Color Made With Margarine,Vegetables,93,2.47,18.67,2.33,1 cup,169
Corn Cooked From Canned Ns As To Color Made With Oil,Vegetables,89,2.22,13.92,3.87,1 cup,169
Corn Cooked From Canned Ns As To Color Made With Butter,Vegetables,85,2.24,13.91,3.45,1 cup,169
Corn Cooked From Canned Ns As To Color Made With Margarine,Vegetables,80,2.22,13.93,2.87,1 cup,169
Corn Ns As To Form Ns As To Color Cream Style,Vegetables,72,1.73,18.06,0.42,1 cup,256
Corn From Canned Ns As To Color Cream Style,Vegetables,72,1.74,18.1,0.42,1 cup,256
Corn Dried Cooked,Vegetables,109,2.14,15.32,5.46,1 oz,28
Corn Yellow Cooked Ns As To Form Ns As To Fat Added In Cooking,Vegetables,96,2.48,18.66,2.67,1 cup,169
Corn Yellow Cooked From Frozen Ns As To Fat Added In Cooking,Vegetables,96,2.48,18.66,2.67,1 cup,169
Corn Yellow Cooked From Canned Ns As To Fat Added In Cooking,Vegetables,83,2.24,13.92,3.21,1 cup,169
Corn Yellow Cooked From Canned Fat Not Added In Cooking,Vegetables,67,2.28,14.3,1.22,1 cup,164
Corn Yellow Cooked Ns As To Form Fat Added In Cooking Ns As To Type Of Fat,Vegetables,96,2.48,18.66,2.67,1 cup,169
Corn Yellow Cooked From Frozen Fat Added In Cooking Ns As To Type Of Fat,Vegetables,96,2.48,18.66,2.67,1 cup,169
Corn Yellow Cooked From Canned Fat Added In Cooking Ns As To Type Of Fat,Vegetables,83,2.24,13.92,3.21,1 cup,169
Corn Yellow Cooked Ns As To Form Made With Oil,Vegetables,102,2.47,18.67,3.33,1 cup,169
Corn Yellow Cooked Ns As To Form Made With Butter,Vegetables,98,2.49,18.65,2.91,1 cup,169
Corn Yellow Cooked Ns As To Form Made With Margarine,Vegetables,93,2.47,18.67,2.33,1 cup,169
Corn Yellow Cooked From Fresh Made With Oil,Vegetables,117,3.3,20.29,4.13,1 cup,154
Corn Yellow Cooked From Frozen Made With Oil,Vegetables,102,2.47,18.67,3.33,1 cup,169
Corn Yellow Cooked From Frozen Made With Butter,Vegetables,98,2.49,18.65,2.91,1 cup,169
Corn Yellow Cooked From Frozen Made With Margarine,Vegetables,93,2.47,18.67,2.33,1 cup,169
Corn Yellow Cooked From Canned Made With Oil,Vegetables,89,2.22,13.92,3.87,1 cup,169
Corn Yellow Cooked From Canned Made With Butter,Vegetables,85,2.24,13.91,3.45,1 cup,169
Corn Yellow Cooked From Canned Made With Margarine,Vegetables,80,2.22,13.93,2.87,1 cup,169
Corn Yellow Ns As To Form Cream Style,Vegetables,72,1.73,18.06,0.42,1 cup,256
Corn Yellow From Canned Cream Style,Vegetables,72,1.74,18.1,0.42,1 cup,256
Corn Yellow And White Cooked Ns As To Form Ns As To Fat Added In Cooking,Vegetables,96,2.58,18.78,2.55,1 cup,169
Corn Yellow And White Cooked From Frozen Ns As To Fat Added In Cooking,Vegetables,96,2.58,18.78,2.55,1 cup,169
Corn Yellow And White Cooked From Canned Ns As To Fat Added In Cooking,Vegetables,85,2.25,14.26,3.28,1 cup,169
Corn Yellow And White Cooked From Canned Fat Not Added In Cooking,Vegetables,69,2.3,14.66,1.29,1 cup,164
Corn Yellow And White Cooked Ns As To Form Made With Oil,Vegetables,102,2.47,18.67,3.33,1 cup,169
Corn Yellow And White Cooked Ns As To Form Made With Butter,Vegetables,98,2.49,18.65,2.91,1 cup,169
Corn Yellow And White Cooked Ns As To Form Made With Margarine,Vegetables,93,2.56,18.79,2.21,1 cup,169
Corn Yellow And White Cooked Ns As To Form Fat Added In Cooking Ns As To Type Of Fat,Vegetables,96,2.58,18.78,2.55,1 cup,169
Corn Yellow And White Cooked From Frozen Fat Added In Cooking Ns As To Type Of Fat,Vegetables,96,2.58,18.78,2.55,1 cup,169
Corn Yellow And White Cooked From Canned Fat Added In Cooking Ns As To Type Of Fat,Vegetables,85,2.25,14.26,3.28,1 cup,169
Corn Yellow And White Cooked From Frozen Made With Oil,Vegetables,102,2.56,18.8,3.21,1 cup,169
Corn Yellow And White Cooked From Frozen Made With Butter,Vegetables,98,2.58,18.78,2.79,1 cup,169
Corn Yellow And White Cooked From Frozen Made With Margarine,Vegetables,93,2.56,18.79,2.21,1 cup,169
Corn Yellow And White Cooked From Canned Made With Oil,Vegetables,91,2.24,14.27,3.95,1 cup,169
Corn Yellow And White Cooked From Canned Made With Butter,Vegetables,87,2.26,14.26,3.52,1 cup,169
Corn Yellow And White Cooked From Canned Made With Margarine,Vegetables,82,2.24,14.28,2.94,1 cup,169
Corn Yellow Ns As To Form Cream Style Fat Added In Cooking,Vegetables,82,1.71,17.74,1.72,1 cup,261
Corn Yellow From Canned Cream Style Fat Added In Cooking,Vegetables,82,1.72,17.78,1.73,1 cup,261
Corn White Cooked From Canned Ns As To Fat Added In Cooking,Vegetables,87,2.27,14.61,3.36,1 cup,169
Corn White Cooked From Canned Fat Not Added In Cooking,Vegetables,71,2.31,15.02,1.37,1 cup,164
Corn White Cooked From Canned Fat Added In Cooking Ns As To Type Of Fat,Vegetables,87,2.27,14.61,3.36,1 cup,169
Corn White Cooked Ns As To Form Made With Oil,Vegetables,101,2.66,18.92,3.1,1 cup,169
Corn White Cooked Ns As To Form Made With Butter,Vegetables,97,2.68,18.9,2.68,1 cup,169
Corn White Cooked From Frozen Made With Oil,Vegetables,101,2.66,18.92,3.1,1 cup,169
Corn White Cooked From Frozen Made With Butter,Vegetables,97,2.68,18.9,2.68,1 cup,169
Corn White Cooked From Canned Made With Oil,Vegetables,93,2.25,14.62,4.02,1 cup,169
Corn White Cooked From Canned Made With Butter,Vegetables,89,2.27,14.6,3.6,1 cup,169
Corn White Cooked From Canned Made With Margarine,Vegetables,84,2.25,14.62,3.02,1 cup,169
Corn White Ns As To Form Cream Style,Vegetables,74,1.73,18.55,0.42,1 cup,256
Corn White From Canned Cream Style,Vegetables,74,1.74,18.59,0.42,1 cup,256
Corn Yellow Canned Low Sodium Ns As To Fat Added In Cooking,Vegetables,113,2.81,19.84,4.01,1 cup,169
Corn Yellow Canned Low Sodium Fat Added In Cooking Ns As To Type Of Fat,Vegetables,113,2.81,19.84,4.01,1 cup,169
Corn Yellow Canned Low Sodium Made With Oil,Vegetables,121,2.79,19.85,4.95,1 cup,169
Corn Yellow Canned Low Sodium Made With Butter,Vegetables,116,2.82,19.83,4.35,1 cup,169
Corn Yellow Canned Low Sodium Made With Margarine,Vegetables,109,2.8,19.86,3.52,1 cup,169
Cucumber Cooked Ns As To Fat Added In Cooking,Vegetables,42,0.8,4.33,2.89,1 cup,185
Cucumber Cooked Fat Not Added In Cooking,Vegetables,18,0.8,4.46,0.14,1 cup,180
Cucumber Cooked Fat Added In Cooking Ns As To Type Of Fat,Vegetables,42,0.8,4.33,2.89,1 cup,185
Cucumber Cooked Made With Oil,Vegetables,52,0.77,4.32,3.94,1 cup,185
Cucumber Cooked Made With Butter,Vegetables,45,0.8,4.32,3.22,1 cup,185
Cucumber Cooked Made With Margarine,Vegetables,38,0.78,4.35,2.41,1 cup,185
Eggplant Cooked Ns As To Fat Added In Cooking,Vegetables,63,0.81,8.26,3.59,1 eggplant/ nfs,566
Eggplant Cooked Fat Not Added In Cooking,Vegetables,35,0.82,8.64,0.23,1 eggplant/ nfs,538
Eggplant Cooked Fat Added In Cooking Ns As To Type Of Fat,Vegetables,63,0.81,8.26,3.59,1 eggplant/ nfs,566
Eggplant Cooked Made With Oil,Vegetables,73,0.78,8.25,4.69,1 eggplant/ nfs,566
Eggplant Cooked Made With Butter,Vegetables,66,0.82,8.24,3.99,1 eggplant/ nfs,566
Eggplant Cooked Made With Margarine,Vegetables,58,0.79,8.28,3.02,1 eggplant/ nfs,566
Flowers Or Blossoms Of Sesbania Squash Or Lily Ns As To Fat Added In Cooking,Vegetables,36,1.06,3.18,2.53,1 cup,109
Flowers Or Blossoms Of Sesbania Squash Or Lily Fat Not Added In Cooking,Vegetables,15,1.08,3.28,0.08,1 cup,104
Flowers Or Blossoms Of Sesbania Squash Or Lily Fat Added In Cooking,Vegetables,36,1.06,3.18,2.53,1 cup,109
Kohlrabi Cooked Ns As To Fat Added In Cooking,Vegetables,46,1.76,6.48,2.12,1 cup,170
Kohlrabi Cooked Fat Not Added In Cooking,Vegetables,29,1.79,6.65,0.11,1 cup,165
Kohlrabi Cooked Fat Added In Cooking,Vegetables,46,1.76,6.48,2.12,1 cup,170
Leek Cooked Ns As To Fat Added In Cooking,Vegetables,83,1.54,14.36,2.66,"1 leek (about 6-3/4"" long/ 1"" dia)",84
Lotus Root Cooked Ns As To Fat Added In Cooking,Vegetables,95,1.51,15.31,3.68,1 cup,125
Lotus Root Cooked Fat Not Added In Cooking,Vegetables,65,1.57,15.89,0.07,1 cup,120
Lotus Root Cooked Fat Added In Cooking,Vegetables,122,1.45,14.66,6.99,1 cup,125
Mushrooms Cooked Ns As To Form Ns As To Fat Added In Cooking,Vegetables,46,2.11,5.11,2.58,1 piece,4
Mushrooms Cooked From Fresh Ns As To Fat Added In Cooking,Vegetables,46,2.11,5.11,2.58,1 piece,4
Mushrooms Cooked From Frozen Ns As To Fat Added In Cooking,Vegetables,46,2.11,5.11,2.58,1 piece,4
Mushrooms Cooked From Canned Ns As To Fat Added In Cooking,Vegetables,49,1.81,4.92,3.09,1 piece,4
Mushrooms Cooked Ns As To Form Fat Not Added In Cooking,Vegetables,28,2.16,5.26,0.47,1 piece,4
Mushrooms Cooked From Fresh Fat Not Added In Cooking,Vegetables,28,2.16,5.26,0.47,1 piece,4
Mushrooms Cooked From Frozen Fat Not Added In Cooking,Vegetables,28,2.16,5.26,0.47,1 piece,4
Mushrooms Cooked From Canned Fat Not Added In Cooking,Vegetables,25,1.86,5.06,0.29,1 piece,4
Mushrooms Cooked Ns As To Form Fat Added In Cooking Ns Asa To Type Of Fat,Vegetables,46,2.11,5.11,2.58,1 piece,4
Mushrooms Cooked From Fresh Fat Added In Cooking Ns As To Type Of Fat,Vegetables,46,2.11,5.11,2.58,1 piece,4
Mushrooms Cooked From Frozen Fat Added In Cooking Ns As To Type Of Fat,Vegetables,46,2.11,5.11,2.58,1 piece,4
Mushrooms Cooked From Canned Fat Added In Cooking Ns As To Type Of Fat,Vegetables,49,1.81,4.92,3.09,1 piece,4
Mushrooms Cooked Ns As To Form Made With Oil,Vegetables,52,2.1,5.11,3.27,1 piece,4
Mushrooms Cooked Ns As To Form Made With Butter,Vegetables,48,2.12,5.1,2.82,1 piece,4
Mushrooms Cooked Ns As To Form Made With Margarine,Vegetables,43,2.1,5.13,2.22,1 piece,4
Mushrooms Cooked From Fresh Made With Oil,Vegetables,52,2.1,5.11,3.27,1 piece,4
Mushrooms Cooked From Fresh Made With Butter,Vegetables,48,2.12,5.1,2.82,1 piece,4
Mushrooms Cooked From Fresh Made With Margarine,Vegetables,43,2.1,5.13,2.22,1 piece,4
Mushrooms Cooked From Frozen Made With Oil,Vegetables,52,2.1,5.11,3.27,1 piece,4
Mushrooms Cooked From Frozen Made With Butter,Vegetables,48,2.12,5.1,2.82,1 piece,4
Mushrooms Cooked From Frozen Made With Margarine,Vegetables,43,2.1,5.13,2.22,1 piece,4
Mushrooms Cooked From Canned Made With Oil,Vegetables,49,1.81,4.92,3.09,1 piece,4
Mushrooms Cooked From Canned Made With Butter,Vegetables,45,1.83,4.91,2.65,1 piece,4
Mushrooms Cooked From Canned Made With Margarine,Vegetables,40,1.81,4.93,2.04,1 piece,4
Mushroom Asian Cooked From Dried,Vegetables,56,1.55,14.29,0.22,1 cup,145
Okra Cooked Ns As To Form Ns As To Fat Added In Cooking,Vegetables,44,1.6,6.23,2.04,1 cup,189
Okra Cooked From Fresh Ns As To Fat Added In Cooking,Vegetables,40,1.82,4.36,2.27,1 cup,165
Okra Cooked From Frozen Ns As To Fat Added In Cooking,Vegetables,44,1.6,6.23,2.04,1 cup,189
Okra Cooked From Canned Ns As To Fat Added In Cooking,Vegetables,40,1.82,4.36,2.27,1 cup,172
Okra Cooked Ns As To Form Fat Not Added In Cooking,Vegetables,29,1.62,6.38,0.24,1 cup,184
Okra Cooked From Fresh Fat Not Added In Cooking,Vegetables,22,1.86,4.48,0.21,1 cup,160
Okra Cooked From Frozen Fat Not Added In Cooking,Vegetables,29,1.62,6.38,0.24,1 cup,184
Okra Cooked From Canned Fat Not Added In Cooking,Vegetables,22,1.86,4.48,0.21,1 cup,167
Okra Cooked Ns As To Form Fat Added In Cooking Ns As To Type Of Fat,Vegetables,44,1.6,6.23,2.04,1 cup,189
Okra Cooked From Fresh Fat Added In Cooking Ns As To Type Of Fat,Vegetables,40,1.82,4.36,2.27,1 cup,165
Okra Cooked From Frozen Fat Added In Cooking Ns As To Type Of Fat,Vegetables,44,1.6,6.23,2.04,1 cup,189
Okra Cooked From Canned Fat Added In Cooking Ns As To Type Of Fat,Vegetables,40,1.82,4.36,2.27,1 cup,172
Okra Cooked Ns As To Form Made With Oil,Vegetables,49,1.58,6.22,2.63,1 cup,189
Okra Cooked Ns As To Form Made With Butter,Vegetables,46,1.6,6.22,2.25,1 cup,189
Okra Cooked Ns As To Form Made With Margarine,Vegetables,42,1.58,6.24,1.74,1 cup,189
Okra Cooked From Fresh Made With Oil,Vegetables,46,1.81,4.36,2.95,1 cup,165
Okra Cooked From Fresh Made With Butter,Vegetables,42,1.83,4.36,2.52,1 cup,165
Okra Cooked From Fresh Made With Margarine,Vegetables,37,1.81,4.38,1.92,1 cup,165
Okra Cooked From Frozen Made With Oil,Vegetables,49,1.58,6.22,2.63,1 cup,189
Okra Cooked From Frozen Made With Butter,Vegetables,46,1.6,6.22,2.25,1 cup,189
Okra Cooked From Frozen Made With Margarine,Vegetables,42,1.58,6.24,1.74,1 cup,189
Okra Cooked From Canned Made With Oil,Vegetables,46,1.81,4.36,2.95,1 cup,172
Okra Cooked From Canned Made With Butter,Vegetables,42,1.83,4.36,2.52,1 cup,172
Okra Cooked From Canned Made With Margarine,Vegetables,37,1.81,4.38,1.92,1 cup,172
Lettuce Cooked Ns As To Fat Added In Cooking,Vegetables,50,1.32,4.29,3.54,1 cup,86
Lettuce Cooked Fat Not Added In Cooking,Vegetables,14,0.9,2.95,0.14,1 cup,81
Lettuce Cooked Fat Added In Cooking,Vegetables,50,1.32,4.29,3.54,1 cup,86
Luffa Cooked Ns As To Fat Added In Cooking,Vegetables,46,1.81,4.36,2.95,1 cup,183
Luffa Cooked Fat Not Added In Cooking,Vegetables,22,1.86,4.48,0.21,1 cup,178
Luffa Cooked Fat Added In Cooking,Vegetables,46,1.81,4.36,2.95,1 cup,183
Onions Cooked Ns As To Form Ns As To Fat Added In Cooking,Vegetables,40,0.76,6.44,1.5,1 cup,215
Onions Cooked From Fresh Ns As To Fat Added In Cooking,Vegetables,57,1.34,9.89,1.78,1 cup,215
Onions Cooked From Frozen Ns As To Fat Added In Cooking,Vegetables,40,0.76,6.44,1.5,1 cup,215
Onions Cooked Ns As To Form Fat Not Added In Cooking,Vegetables,28,0.77,6.56,0.1,1 cup,210
Onions Cooked From Fresh Fat Not Added In Cooking,Vegetables,44,1.35,10.1,0.19,1 cup,210
Onions Cooked From Frozen Fat Not Added In Cooking,Vegetables,28,0.77,6.58,0.1,1 cup,210
Onions Cooked Ns As To Form Made With Oil,Vegetables,44,0.75,6.44,1.95,1 cup,215
Onions Cooked Ns As To Form Made With Butter,Vegetables,41,0.77,6.44,1.66,1 cup,215
Onions Cooked Ns As To Form Made With Margarine,Vegetables,38,0.76,6.45,1.26,1 cup,215
Onions Cooked From Fresh Made With Oil,Vegetables,62,1.32,9.89,2.29,1 cup,210
Onions Cooked From Fresh Made With Butter,Vegetables,59,1.34,9.88,1.96,1 cup,210
Onions Cooked From Fresh Made With Margarine,Vegetables,55,1.33,9.9,1.51,1 cup,210
Onions Cooked Ns As To Form Fat Added In Cooking Ns As To Type Of Fat,Vegetables,40,0.76,6.44,1.5,1 cup,215
Onions Cooked From Fresh Fat Added In Cooking Ns As To Type Of Fat,Vegetables,57,1.34,9.89,1.78,1 cup,215
Onions Cooked From Frozen Fat Added In Cooking Ns As To Type Of Fat,Vegetables,40,0.76,6.44,1.5,1 cup,215
Onions Cooked From Frozen Made With Oil,Vegetables,46,0.75,6.42,2.2,1 cup,215
Onions Cooked From Frozen Made With Butter,Vegetables,43,0.77,6.42,1.88,1 cup,215
Onions Cooked From Frozen Made With Margarine,Vegetables,39,0.75,6.43,1.42,1 cup,215
Onions Pearl Cooked Ns As To Form,Vegetables,28,0.71,6.67,0.05,1 cup,185
Onions Pearl Cooked From Fresh,Vegetables,44,1.35,10.1,0.19,1 cup,185
Onions Pearl Cooked From Frozen,Vegetables,28,0.71,6.67,0.05,1 cup,185
Onions Pearl Cooked From Canned,Vegetables,44,1.35,10.1,0.19,1 cup,185
Onions Green Cooked Ns As To Form Ns As To Fat Added In Cooking,Vegetables,53,1.88,7.46,2.55,1 cup,224
Onions Green Cooked From Fresh Ns As To Fat Added In Cooking,Vegetables,53,1.88,7.46,2.55,1 cup,224
Onions Green Cooked Ns As To Form Fat Not Added In Cooking,Vegetables,33,1.92,7.68,0.2,1 cup,219
Onions Green Cooked From Fresh Fat Not Added In Cooking,Vegetables,33,1.91,7.65,0.2,1 cup,219
Onions Green Cooked Ns As To Form Fat Added In Cooking,Vegetables,53,1.88,7.46,2.55,1 cup,224
Onions Green Cooked From Fresh Fat Added In Cooking,Vegetables,50,1.86,7.47,2.13,1 cup,224
Palm Hearts Cooked Assume Fat Not Added In Cooking,Vegetables,114,2.68,25.46,0.2,1 cup,146
Parsnips Cooked Ns As To Fat Added In Cooking,Vegetables,87,1.29,16.42,2.41,1 cup/ pieces,161
Parsnips Cooked Fat Not Added In Cooking,Vegetables,71,1.31,16.9,0.3,1 cup/ pieces,156
Parsnips Cooked Fat Added In Cooking Ns As To Type Of Fat,Vegetables,87,1.29,16.42,2.41,1 cup/ pieces,161
Parsnips Cooked Made With Oil,Vegetables,93,1.27,16.43,3.1,1 cup/ pieces,161
Parsnips Cooked Made With Butter,Vegetables,89,1.3,16.41,2.66,1 cup/ pieces,161
Parsnips Cooked Made With Margarine,Vegetables,84,1.28,16.43,2.05,1 cup/ pieces,161
Peas Cowpeas Field Peas Or Blackeye Peas Not Dried Cooked Ns As To Form Ns As To Fat Added In Cooking,Vegetables,145,8.23,23,2.59,1 cup,175
Peas Cowpeas Field Peas Or Blackeye Peas Not Dried Cooked From Fresh Ns As To Fat Added In Cooking,Vegetables,145,8.23,23,2.59,1 cup,170
Peas Cowpeas Field Peas Or Blackeye Peas Not Dried Cooked From Frozen Ns As To Fat Added In Cooking,Vegetables,145,8.23,23,2.59,1 cup,175
Peas Cowpeas Field Peas Or Blackeye Peas Not Dried Cooked From Canned Ns As To Fat Added In Cooking,Vegetables,144,8.2,22.91,2.58,1 cup,185
Peas Cowpeas Field Peas Or Blackeye Peas Not Dried Cooked Ns As To Form Fat Not Added In Cooking,Vegetables,131,8.44,23.62,0.66,1 cup,170
Peas Cowpeas Field Peas Or Blackeye Peas Not Dried Cooked From Fresh Fat Not Added In Cooking,Vegetables,96,3.15,20.2,0.38,1 cup,165
Peas Cowpeas Field Peas Or Blackeye Peas Not Dried Cooked From Frozen Fat Not Added In Cooking,Vegetables,131,8.44,23.62,0.66,1 cup,170
Peas Cowpeas Field Peas Or Blackeye Peas Not Dried Cooked From Canned Fat Not Added In Cooking,Vegetables,131,8.41,23.53,0.65,1 cup,180
Peas Cowpeas Field Peas Or Blackeye Peas Not Dried Cooked Ns As To Form Fat Added In Cooking Ns As To Type Of Fat,Vegetables,145,8.23,23,2.59,1 cup,175
Peas Cowpeas Field Peas Or Blackeye Peas Not Dried Cooked From Fresh Fat Added In Cooking Ns As To Type Of Fat,Vegetables,112,3.08,19.65,2.38,1 cup,170
Peas Cowpeas Field Peas Or Blackeye Peas Not Dried Cooked From Frozen Fat Added In Cooking Ns As To Type Of Fat,Vegetables,145,8.23,23,2.59,1 cup,175
Peas Cowpeas Field Peas Or Blackeye Peas Not Dried Cooked From Canned Fat Added In Cooking Ns As To Type Of Fat,Vegetables,144,8.2,22.91,2.58,1 cup,185
Peas Cowpeas Field Peas Or Blackeye Peas Not Dried Cooked Ns As To Form Made With Oil,Vegetables,151,8.22,23.01,3.23,1 cup,175
Peas Cowpeas Field Peas Or Blackeye Peas Not Dried Cooked Ns As To Form Made With Butter,Vegetables,147,8.24,22.99,2.82,1 cup,175
Peas Cowpeas Field Peas Or Blackeye Peas Not Dried Cooked Ns As To Form Made With Margarine,Vegetables,142,8.22,23,2.26,1 cup,175
Peas Cowpeas Field Peas Or Blackeye Peas Not Dried Cooked From Fresh Made With Oil,Vegetables,117,3.07,19.66,3.03,1 cup,170
Peas Cowpeas Field Peas Or Blackeye Peas Not Dried Cooked From Fresh Made With Butter,Vegetables,114,3.09,19.64,2.61,1 cup,170
Peas Cowpeas Field Peas Or Blackeye Peas Not Dried Cooked From Fresh Made With Margarine,Vegetables,109,3.07,19.66,2.04,1 cup,170
Peas Cowpeas Field Peas Or Blackeye Peas Not Dried Cooked From Frozen Made With Oil,Vegetables,151,8.22,23.01,3.23,1 cup,175
Peas Cowpeas Field Peas Or Blackeye Peas Not Dried Cooked From Frozen Made With Butter,Vegetables,147,8.24,22.99,2.82,1 cup,175
Peas Cowpeas Field Peas Or Blackeye Peas Not Dried Cooked From Frozen Made With Margarine,Vegetables,133,8.4,23.52,0.93,1 cup,175
Peas Cowpeas Field Peas Or Blackeye Peas Not Dried Cooked From Canned Made With Oil,Vegetables,150,8.19,22.92,3.22,1 cup,185
Peas Cowpeas Field Peas Or Blackeye Peas Not Dried Cooked From Canned Made With Butter,Vegetables,146,8.21,22.9,2.81,1 cup,185
Peas Cowpeas Field Peas Or Blackeye Peas Not Dried Cooked From Canned Made With Margarine,Vegetables,142,8.19,22.92,2.25,1 cup,185
Peas Green Cooked Ns As To Form Ns As To Fat Added In Cooking,Vegetables,94,4.99,13.78,2.33,1 cup/ ns as to from fresh/ frozen/ or canned,165
Peas Green Cooked From Fresh Ns As To Fat Added In Cooking,Vegetables,99,5.19,15.1,2.28,1 cup,165
Peas Green Cooked From Frozen Ns As To Fat Added In Cooking,Vegetables,94,4.99,13.78,2.33,1 cup,165
Peas Green Cooked From Canned Ns As To Fat Added In Cooking,Vegetables,83,4.36,11.04,2.74,1 cup,175
Peas Green Cooked Ns As To Form Fat Not Added In Cooking,Vegetables,78,5.12,14.17,0.27,1 cup/ ns as to from fresh/ frozen/ or canned,160
Peas Green Cooked From Fresh Fat Not Added In Cooking,Vegetables,83,5.33,15.53,0.22,1 cup,160
Peas Green Cooked From Frozen Fat Not Added In Cooking,Vegetables,78,5.12,14.17,0.27,1 cup,160
Peas Green Cooked From Canned Fat Not Added In Cooking,Vegetables,68,4.46,11.33,0.8,1 cup,170
Peas Green Cooked Ns As To Form Fat Added In Cooking Ns As To Type Of Fat,Vegetables,94,4.99,13.78,2.33,1 cup/ ns as to from fresh/ frozen/ or canned,165
Peas Green Cooked From Fresh Fat Added In Cooking Ns As To Type Of Fat,Vegetables,99,5.19,15.1,2.28,1 cup,165
Peas Green Cooked From Frozen Fat Added In Cooking Ns As To Type Of Fat,Vegetables,94,4.99,13.78,2.33,1 cup,165
Peas Green Cooked From Canned Fat Added In Cooking Ns As To Type Of Fat,Vegetables,83,4.36,11.04,2.74,1 cup,175
Peas Green Cooked Ns As To Form Made With Oil,Vegetables,100,4.98,13.78,3,1 cup/ ns as to from fresh/ frozen/ or canned,165
Peas Green Cooked Ns As To Form Made With Butter,Vegetables,96,5,13.77,2.58,1 cup/ ns as to from fresh/ frozen/ or canned,165
Peas Green Cooked Ns As To Form Made With Margarine,Vegetables,91,4.98,13.79,1.98,1 cup/ ns as to from fresh/ frozen/ or canned,165
Peas Green Cooked From Fresh Made With Oil,Vegetables,105,5.18,15.11,2.96,1 cup,165
Peas Green Cooked From Fresh Made With Butter,Vegetables,102,5.2,15.09,2.53,1 cup,165
Peas Green Cooked From Fresh Made With Margarine,Vegetables,96,5.18,15.11,1.93,1 cup,165
Peas Green Cooked From Frozen Made With Oil,Vegetables,100,4.98,13.78,3,1 cup,165
Peas Green Cooked From Frozen Made With Butter,Vegetables,96,5,13.77,2.58,1 cup,165
Peas Green Cooked From Frozen Made With Margarine,Vegetables,91,4.98,13.79,1.98,1 cup,165
Peas Green Cooked From Canned Made With Oil,Vegetables,89,4.34,11.04,3.37,1 cup,175
Peas Green Cooked From Canned Made With Butter,Vegetables,85,4.36,11.03,2.97,1 cup,175
Peas Green Cooked From Canned Made With Margarine,Vegetables,81,4.34,11.05,2.4,1 cup,175
Peas Green Canned Low Sodium Ns As To Fat Added In Cooking,Vegetables,100,4.91,14.96,2.58,1 cup,175
Peas Green Canned Low Sodium Fat Not Added In Cooking,Vegetables,83,4.98,15.23,0.47,1 cup,170
Peas Green Canned Low Sodium Fat Added In Cooking Ns As To Type Of Fat,Vegetables,100,4.91,14.96,2.58,1 cup,175
Peas Green Canned Low Sodium Made With Oil,Vegetables,106,4.89,14.96,3.27,1 cup,175
Peas Green Canned Low Sodium Made With Butter,Vegetables,102,4.92,14.95,2.83,1 cup,175
Peas Green Canned Low Sodium Made With Margarine,Vegetables,97,4.89,14.97,2.22,1 cup,175
Pigeon Peas Cooked Ns As To Form Fat Not Added In Cooking,Vegetables,110,5.92,19.36,1.35,1 cup,153
Pigeon Peas Cooked From Fresh Fat Not Added In Cooking,Vegetables,110,5.92,19.36,1.35,1 cup,153
Pigeon Peas Cooked From Canned Fat Not Added In Cooking,Vegetables,110,5.92,19.36,1.35,1 cup,153
Pigeon Peas Cooked Ns As To Form Ns As To Fat Added In Cooking,Vegetables,126,5.76,18.8,3.47,1 cup,158
Pigeon Peas Cooked Ns As To Form Fat Added In Cooking,Vegetables,126,5.76,18.8,3.47,1 cup,158
Pigeon Peas Cooked From Fresh Ns As To Fat Added In Cooking,Vegetables,126,5.76,18.8,3.47,1 cup,158
Pigeon Peas Cooked From Fresh Fat Added In Cooking,Vegetables,126,5.76,18.8,3.47,1 cup,158
Pigeon Peas Cooked From Canned Ns As To Fat Added In Cooking,Vegetables,126,5.76,18.8,3.47,1 cup,158
Pigeon Peas Cooked From Canned Fat Added In Cooking,Vegetables,126,5.76,18.8,3.47,1 cup,158
Peppers Green Cooked Ns As To Fat Added In Cooking,Vegetables,48,0.9,6.44,2.61,1 cup,141
Peppers Green Cooked Fat Not Added In Cooking,Vegetables,28,0.91,6.65,0.2,1 cup,136
Peppers Green Cooked Fat Added In Cooking Ns As To Type Of Fat,Vegetables,48,0.9,6.44,2.61,1 piece,6
Peppers Green Cooked Made With Oil,Vegetables,55,0.88,6.44,3.4,1 piece,6
Peppers Green Cooked Made With Butter,Vegetables,51,0.91,6.43,2.9,1 piece,6
Peppers Green Cooked Made With Margarine,Vegetables,45,0.89,6.46,2.2,1 piece,6
Peppers Red Cooked Ns As To Fat Added In Cooking,Vegetables,48,0.9,6.44,2.61,1 piece,6
Peppers Red Cooked Fat Not Added In Cooking,Vegetables,28,0.91,6.65,0.2,1 cup,136
Peppers Red Cooked Fat Added In Cooking Ns As To Type Of Fat,Vegetables,48,0.9,6.44,2.61,1 piece,6
Peppers Red Cooked Made With Oil,Vegetables,55,0.88,6.44,3.4,1 piece,6
Peppers Red Cooked Made With Butter,Vegetables,51,0.91,6.43,2.9,1 piece,6
Peppers Red Cooked Made With Margarine,Vegetables,45,0.89,6.46,2.2,1 piece,6
Radish Daikon Cooked Ns As To Fat Added In Cooking,Vegetables,43,0.65,3.31,3.19,1 cup,153
Radish Daikon Cooked Fat Not Added In Cooking,Vegetables,17,0.66,3.41,0.24,1 cup,147
Radish Daikon Cooked Fat Added In Cooking,Vegetables,43,0.65,3.3,3.21,1 cup,153
Rutabaga Cooked Ns As To Fat Added In Cooking,Vegetables,46,0.92,6.63,2.13,1 cup/ pieces,175
Rutabaga Cooked Fat Not Added In Cooking,Vegetables,30,0.92,6.8,0.18,1 cup/ pieces,170
Rutabaga Cooked Fat Added In Cooking Ns As To Type Of Fat,Vegetables,46,0.92,6.63,2.13,1 cup/ pieces,175
Rutabaga Cooked Made With Oil,Vegetables,52,0.9,6.62,2.76,1 cup/ pieces,175
Rutabaga Cooked Made With Butter,Vegetables,48,0.92,6.62,2.36,1 cup/ pieces,175
Rutabaga Cooked Made With Margarine,Vegetables,43,0.9,6.64,1.8,1 cup/ pieces,175
Salsify Cooked Ns As To Fat Added In Cooking,Vegetables,87,2.64,14.75,2.6,1 cup,140
Salsify Cooked Fat Not Added In Cooking,Vegetables,68,2.71,15.25,0.17,1 cup,135
Salsify Cooked Fat Added In Cooking,Vegetables,87,2.64,14.75,2.6,1 cup,140
Snowpea Cooked Ns As To Form Ns As To Fat Added In Cooking,Vegetables,75,3.38,8.72,3.11,1 cup,165
Snowpea Cooked From Fresh Ns As To Fat Added In Cooking,Vegetables,65,3.16,6.81,2.97,1 cup,165
Snowpea Cooked From Frozen Ns As To Fat Added In Cooking,Vegetables,75,3.38,8.72,3.11,1 cup,165
Snowpea Cooked Ns As To Form Fat Not Added In Cooking,Vegetables,52,3.48,8.96,0.38,1 cup,160
Snowpea Cooked From Fresh Fat Not Added In Cooking,Vegetables,42,3.25,7.01,0.23,1 cup,160
Snowpea Cooked From Frozen Fat Not Added In Cooking,Vegetables,52,3.48,8.96,0.38,1 cup,160
Snowpea Cooked Ns As To Form Fat Added In Cooking Ns As To Type Of Fat,Vegetables,75,3.38,8.72,3.11,1 cup,165
Snowpea Cooked From Fresh Fat Added In Cooking Ns As To Type Of Fat,Vegetables,65,3.16,6.81,2.97,1 cup,165
Snowpea Cooked From Frozen Fat Added In Cooking Ns As To Type Of Fat,Vegetables,75,3.38,8.72,3.11,1 cup,165
Snowpea Cooked Ns As To Form Made With Oil,Vegetables,75,3.38,8.72,3.11,1 cup,165
Snowpea Cooked Ns As To Form Made With Butter,Vegetables,71,3.4,8.71,2.68,1 cup,165
Snowpea Cooked Ns As To Form Made With Margarine,Vegetables,66,3.38,8.73,2.09,1 cup,165
Snowpea Cooked From Fresh Made With Oil,Vegetables,65,3.16,6.81,2.97,1 cup,165
Snowpea Cooked From Fresh Made With Butter,Vegetables,61,3.18,6.81,2.54,1 cup,165
Snowpea Cooked From Fresh Made With Margarine,Vegetables,56,3.16,6.83,1.94,1 cup,165
Snowpea Cooked From Frozen Made With Oil,Vegetables,75,3.38,8.72,3.11,1 cup,165
Snowpea Cooked From Frozen Made With Butter,Vegetables,71,3.4,8.71,2.68,1 cup,165
Snowpea Cooked From Frozen Made With Margarine,Vegetables,66,3.38,8.73,2.09,1 cup,165
Seaweed Cooked Ns As To Fat Added In Cooking,Vegetables,61,5.6,4.92,3.35,1 cup,96
Seaweed Cooked Fat Added In Cooking Ns As To Type Of Fat,Vegetables,61,5.6,4.92,3.35,1 cup,96
Seaweed Cooked Made With Oil,Vegetables,61,5.6,4.92,3.35,1 cup,96
Seaweed Cooked Made With Butter,Vegetables,56,5.62,4.92,2.77,1 cup,96
Squash Summer Yellow Or Green Cooked Ns As To Form Ns As To Fat Added In Cooking,Vegetables,34,1.19,4.36,1.76,1 cup/ slices,185
Squash Summer Yellow Or Green Cooked From Fresh Ns As To Fat Added In Cooking,Vegetables,36,0.9,4.19,2.15,1 cup/ slices,185
Squash Summer Yellow Or Green Cooked From Frozen Ns As To Fat Added In Cooking,Vegetables,34,1.19,4.36,1.76,1 cup/ slices,185
Squash Summer Yellow Or Green Cooked From Canned Ns As To Fat Added In Cooking,Vegetables,26,0.61,2.89,1.62,1 cup/ slices,185
Squash Summer Yellow Or Green Cooked Ns As To Form Fat Not Added In Cooking,Vegetables,21,1.2,4.45,0.16,1 cup/ nfs,180
Squash Summer Yellow Or Green Cooked From Fresh Fat Not Added In Cooking,Vegetables,20,0.9,4.29,0.31,1 cup/ nfs,180
Squash Summer Yellow Or Green Cooked From Frozen Fat Not Added In Cooking,Vegetables,21,1.2,4.45,0.16,1 cup/ nfs,180
Squash Summer Yellow Or Green Cooked From Canned Fat Not Added In Cooking,Vegetables,13,0.61,2.95,0.07,1 cup/ nfs,216
Squash Summer Yellow Or Green Cooked Ns As To Form Fat Added In Cooking Ns As To Type Of Fat,Vegetables,34,1.19,4.36,1.76,1 cup/ slices,185
Squash Summer Yellow Or Green Cooked From Fresh Fat Added In Cooking Ns As To Type Of Fat,Vegetables,36,0.9,4.19,2.15,1 cup/ slices,185
Squash Summer Yellow Or Green Cooked From Frozen Fat Added In Cooking Ns As To Type Of Fat,Vegetables,34,1.19,4.36,1.76,1 cup/ slices,185
Squash Summer Yellow Or Green Cooked From Canned Fat Added In Cooking Ns As To Type Of Fat,Vegetables,26,0.61,2.89,1.62,1 cup/ slices,185
Squash Summer Yellow Or Green Cooked Ns As To Form Made With Oil,Vegetables,39,1.18,4.36,2.28,1 cup/ slices,185
Squash Summer Yellow Or Green Cooked Ns As To Form Made With Butter,Vegetables,36,1.2,4.36,1.95,1 cup/ slices,185
Squash Summer Yellow Or Green Cooked Ns As To Form Made With Margarine,Vegetables,32,1.18,4.37,1.49,1 cup/ slices,185
Squash Summer Yellow Or Green Cooked From Fresh Made With Oil,Vegetables,41,0.88,4.18,2.75,1 cup/ slices,185
Squash Summer Yellow Or Green Cooked From Fresh Made With Butter,Vegetables,38,0.9,4.18,2.37,1 cup/ slices,185
Squash Summer Yellow Or Green Cooked From Fresh Made With Margarine,Vegetables,33,0.89,4.2,1.84,1 cup/ slices,185
Squash Summer Yellow Or Green Cooked From Frozen Made With Oil,Vegetables,45,1.24,5.38,2.49,1 cup/ slices,185
Squash Summer Yellow Or Green Cooked From Frozen Made With Butter,Vegetables,41,1.26,5.38,2.13,1 cup/ slices,185
Squash Summer Yellow Or Green Cooked From Frozen Made With Margarine,Vegetables,37,1.25,5.4,1.64,1 cup/ slices,185
Squash Summer Yellow Or Green Cooked From Canned Made With Oil,Vegetables,31,0.6,2.89,2.12,1 cup/ slices,185
Squash Summer Yellow Or Green Cooked From Canned Made With Butter,Vegetables,28,0.61,2.88,1.8,1 cup/ slices,185
Squash Summer Yellow Or Green Cooked From Canned Made With Margarine,Vegetables,24,0.6,2.9,1.36,1 cup/ slices,185
Squash Spaghetti Cooked Ns As To Fat Added In Cooking,Vegetables,45,0.66,6.27,2.4,1 cup/ cooked,160
Squash Spaghetti Cooked Fat Added In Cooking Ns As To Type Of Fat,Vegetables,45,0.65,6.24,2.39,1 cup/ cooked,160
Squash Spaghetti Cooked Fat Not Added In Cooking,Vegetables,27,0.66,6.42,0.26,1 cup/ cooked,155
Squash Spaghetti Cooked Made With Oil,Vegetables,51,0.64,6.24,3.08,1 cup/ cooked,160
Squash Spaghetti Cooked Made With Butter,Vegetables,47,0.66,6.23,2.64,1 cup/ cooked,160
Squash Spaghetti Cooked Made With Margarine,Vegetables,42,0.64,6.25,2.03,1 cup/ cooked,160
Turnip Cooked Ns As To Form Ns As To Fat Added In Cooking,Vegetables,41,1.49,4.21,2.35,1 cup/ pieces,160
Turnip Cooked From Fresh Ns As To Fat Added In Cooking,Vegetables,40,0.7,4.89,2.2,1 cup/ pieces,160
Turnip Cooked From Frozen Ns As To Fat Added In Cooking,Vegetables,41,1.49,4.21,2.35,1 cup/ pieces,160
Turnip Cooked From Canned Ns As To Fat Added In Cooking,Vegetables,41,1.49,4.21,2.35,1 cup/ pieces,160
Turnip Cooked Ns As To Form Fat Not Added In Cooking,Vegetables,23,1.52,4.32,0.24,1 cup/ pieces,155
Turnip Cooked From Fresh Fat Not Added In Cooking,Vegetables,22,0.7,5.03,0.08,1 cup/ pieces,155
Turnip Cooked From Frozen Fat Not Added In Cooking,Vegetables,23,1.52,4.32,0.24,1 cup/ pieces,155
Turnip Cooked From Canned Fat Not Added In Cooking,Vegetables,22,0.7,5.03,0.08,1 cup/ pieces,155
Turnip Cooked Ns As To Form Fat Added In Cooking Ns As To Type Of Fat,Vegetables,41,1.49,4.21,2.35,1 cup/ pieces,160
Turnip Cooked From Fresh Fat Added In Cooking Ns As To Type Of Fat,Vegetables,40,0.7,4.89,2.2,1 cup/ pieces,160
Turnip Cooked From Frozen Fat Added In Cooking Ns As To Type Of Fat,Vegetables,41,1.49,4.21,2.35,1 cup/ pieces,160
Turnip Cooked From Canned Fat Added In Cooking Ns As To Type Of Fat,Vegetables,40,0.7,4.89,2.2,1 cup/ pieces,160
Turnip Cooked From Canned Made With Oil,Vegetables,46,0.69,4.89,2.82,1 cup/ pieces,160
Turnip Cooked From Canned Made With Butter,Vegetables,42,0.71,4.89,2.39,1 cup/ pieces,160
Turnip Cooked From Canned Made With Margarine,Vegetables,37,0.69,4.91,1.8,1 cup/ pieces,160
Turnip Cooked From Fresh Made With Oil,Vegetables,46,0.69,4.89,2.89,1 cup/ pieces,160
Turnip Cooked From Fresh Made With Butter,Vegetables,42,0.71,4.88,2.45,1 cup/ pieces,160
Turnip Cooked From Fresh Made With Margarine,Vegetables,37,0.69,4.9,1.84,1 cup/ pieces,160
Turnip Cooked From Frozen Made With Oil,Vegetables,47,1.48,4.2,2.98,1 cup/ pieces,160
Turnip Cooked From Frozen Made With Butter,Vegetables,43,1.5,4.2,2.6,1 cup/ pieces,160
Turnip Cooked From Frozen Made With Margarine,Vegetables,38,1.48,4.22,2,1 cup/ pieces,160
Turnip Cooked Ns As To Form Made With Oil,Vegetables,47,1.48,4.2,3.04,1 cup/ pieces,160
Turnip Cooked Ns As To Form Made With Butter,Vegetables,43,1.5,4.2,2.6,1 cup/ pieces,160
Turnip Cooked Ns As To Form Made With Margarine,Vegetables,38,1.48,4.22,2,1 cup/ pieces,160
Water Chestnut,Vegetables,78,1.38,19.22,0.09,1 cup,158
Winter Melon Cooked,Vegetables,14,0.4,3.02,0.2,1 cup,175
Beans Lima And Corn Cooked Ns As To Fat Added In Cooking,Vegetables,107,4.18,19.31,2.81,1 cup,197
Beans Lima And Corn Cooked Fat Not Added In Cooking,Vegetables,92,4.28,19.83,0.88,1 cup,192
Beans Lima And Corn Cooked Fat Added In Cooking Ns As To Type Of Fat,Vegetables,107,4.18,19.31,2.81,1 cup,197
Beans Lima And Corn Cooked Made With Oil,Vegetables,113,4.17,19.32,3.45,1 cup,197
Beans Lima And Corn Cooked Made With Butter,Vegetables,109,4.19,19.3,3.04,1 cup,197
Beans Lima And Corn Cooked Made With Margarine,Vegetables,104,4.17,19.32,2.48,1 cup,197
Beans String Green With Tomatoes Cooked Ns As To Fat Added In Cooking,Vegetables,44,1.58,6.68,1.87,1 cup,153
Beans String Green With Tomatoes Cooked Fat Not Added In Cooking,Vegetables,30,1.61,6.82,0.29,1 cup,148
Beans String Green With Tomatoes Cooked Fat Added In Cooking,Vegetables,44,1.58,6.68,1.87,1 cup,153
Beans String Green With Chickpeas Cooked Ns As To Fat Added In Cooking,Vegetables,93,3.87,13.27,3.39,1 cup,139
Beans String Green With Chickpeas Cooked Fat Not Added In Cooking,Vegetables,74,3.98,13.72,0.98,1 cup,134
Beans String Green With Chickpeas Cooked Fat Added In Cooking,Vegetables,93,3.87,13.27,3.39,1 cup,139
Beans String Green With Almonds Cooked Ns As To Fat Added In Cooking,Vegetables,107,3.67,8.6,7.57,1 cup,127
Beans String Green With Almonds Cooked Fat Not Added In Cooking,Vegetables,89,3.78,8.87,5.36,1 cup,122
Beans String Green With Almonds Cooked Fat Added In Cooking Ns As To Type Of Fat,Vegetables,107,3.67,8.6,7.57,1 cup,127
Beans String Green With Almonds Cooked Made With Oil,Vegetables,114,3.66,8.6,8.35,1 cup,127
Beans String Green With Almonds Cooked Made With Butter,Vegetables,109,3.68,8.59,7.85,1 cup,127
Beans String Green With Almonds Cooked Made With Margarine,Vegetables,103,3.66,8.61,7.16,1 cup,127
Beans String Green With Pinto Beans Cooked Ns As To Fat Added In Cooking,Vegetables,87,3.97,13.09,2.79,1 cup,141
Beans String Green With Pinto Beans Cooked Fat Not Added In Cooking,Vegetables,68,4.09,13.52,0.39,1 cup,136
Beans String Green With Pinto Beans Cooked Fat Added In Cooking,Vegetables,87,3.97,13.09,2.79,1 cup,141
Beans String Green With Spaetzel Cooked Ns As To Fat Added In Cooking,Vegetables,85,2.59,12.52,3.24,1 cup,152
Beans String Green With Spaetzel Cooked Fat Not Added In Cooking,Vegetables,65,2.66,12.95,0.81,1 cup,147
Beans String Green With Spaetzel Cooked Fat Added In Cooking,Vegetables,85,2.59,12.52,3.24,1 cup,152
Bean Salad Yellow And/or Green String Beans,Vegetables,107,3.48,12.71,4.99,1 cup,150
Beans String Green With Onions Ns As To Fat Added In Cooking,Vegetables,57,1.65,8.38,2.5,1 cup,151
Beans String Green With Onions Cooked Fat Not Added In Cooking,Vegetables,38,1.69,8.64,0.25,1 cup,146
Beans String Green With Onions Cooked Fat Added In Cooking Ns As To Type Of Fat,Vegetables,57,1.65,8.38,2.5,1 cup,151
Beans String Green With Onions Cooked Made With Oil,Vegetables,63,1.64,8.38,3.23,1 cup,151
Beans String Green With Onions Cooked Made With Butter,Vegetables,59,1.66,8.37,2.76,1 cup,151
Beans String Green With Onions Cooked Made With Margarine,Vegetables,54,1.64,8.39,2.12,1 cup,151
Beans String Green And Potatoes Cooked Ns As To Fat Added In Cooking,Vegetables,82,1.74,14.05,2.52,1 cup,143
Beans String Green And Potatoes Cooked Fat Not Added In Cooking,Vegetables,63,1.78,14.51,0.18,1 cup,138
Beans String Green And Potatoes Cooked Fat Added In Cooking Ns As To Type Of Fat,Vegetables,82,1.74,14.05,2.52,1 cup,143
Beans String Green And Potatoes Cooked Made With Oil,Vegetables,88,1.72,14.06,3.28,1 cup,143
Beans String Green And Potatoes Cooked Made With Butter,Vegetables,84,1.75,14.04,2.8,1 cup,143
Beans String Green And Potatoes Cooked Made With Margarine,Vegetables,78,1.72,14.07,2.12,1 cup,143
Corn With Peppers Red Or Green Cooked Ns As To Fat Added In Cooking,Vegetables,97,2.79,17.27,3.28,1 cup,183
Corn With Peppers Red Or Green Cooked Fat Added In Cooking Ns As To Type Of Fat,Vegetables,97,2.79,17.27,3.28,1 cup,183
Corn With Peppers Red Or Green Cooked Made With Oil,Vegetables,103,2.77,17.28,3.97,1 cup,183
Corn With Peppers Red Or Green Cooked Made With Butter,Vegetables,99,2.79,17.26,3.53,1 cup,183
Corn With Peppers Red Or Green Cooked Made With Margarine,Vegetables,94,2.77,17.28,2.93,1 cup,183
Eggplant In Tomato Sauce Cooked Fat Not Added In Cooking,Vegetables,30,1,7.1,0.26,1 cup,231
Green Peppers And Onions Cooked Fat Not Added In Cooking,Vegetables,37,1.18,8.74,0.19,1 cup,139
Green Peppers And Onions Cooked Ns As To Fat Added In Cooking,Vegetables,54,1.16,8.52,2.11,1 cup,144
Green Peppers And Onions Cooked Fat Added In Cooking Ns As To Type Of Fat,Vegetables,54,1.16,8.52,2.11,1 cup,144
Green Peppers And Onions Cooked Made With Oil,Vegetables,59,1.15,8.52,2.73,1 cup,144
Green Peppers And Onions Cooked Made With Butter,Vegetables,55,1.17,8.51,2.33,1 cup,144
Green Peppers And Onions Cooked Made With Margarine,Vegetables,51,1.15,8.53,1.78,1 cup,144
Mixed Vegetables Cooked Ns As To Form Ns As To Fat Added In Cooking,Vegetables,79,2.79,12.7,1.97,1 cup,187
Mixed Vegetables Cooked From Frozen Ns As To Fat Added In Cooking,Vegetables,79,2.79,12.7,1.97,1 cup,187
Mixed Vegetables Cooked From Canned Ns As To Fat Added In Cooking,Vegetables,66,2.53,8.99,2.28,1 cup,187
Mixed Vegetables Cooked Ns As To Form Fat Not Added In Cooking,Vegetables,65,2.84,13.02,0.15,1 cup,182
Mixed Vegetables Cooked From Frozen Fat Not Added In Cooking,Vegetables,65,2.84,13.02,0.15,1 cup,182
Mixed Vegetables Cooked From Canned Fat Not Added In Cooking,Vegetables,49,2.58,9.24,0.25,1 cup,182
Mixed Vegetables Cooked Ns As To Form Fat Added In Cooking Ns As To Type Of Fat,Vegetables,79,2.79,12.7,1.97,1 cup,187
Mixed Vegetables Cooked From Frozen Fat Added In Cooking Ns As To Type Of Fat,Vegetables,79,2.79,12.7,1.97,1 cup,187
Mixed Vegetables Cooked From Canned Fat Added In Cooking Ns As To Type Of Fat,Vegetables,66,2.53,8.99,2.28,1 cup,187
Mixed Vegetables Cooked Ns As To Form Made With Oil,Vegetables,85,2.78,12.7,2.57,1 cup,187
Mixed Vegetables Cooked Ns As To Form Made With Butter,Vegetables,81,2.79,12.69,2.19,1 cup,187
Mixed Vegetables Cooked Ns As To Form Made With Margarine,Vegetables,77,2.78,12.71,1.66,1 cup,187
Mixed Vegetables Cooked From Frozen Made With Oil,Vegetables,85,2.78,12.7,2.57,1 cup,187
Mixed Vegetables Cooked From Frozen Made With Butter,Vegetables,81,2.79,12.69,2.19,1 cup,187
Mixed Vegetables Cooked From Frozen Made With Margarine,Vegetables,77,2.78,12.71,1.66,1 cup,187
Mixed Vegetables Cooked From Canned Made With Oil,Vegetables,72,2.51,8.99,2.95,1 cup,187
Mixed Vegetables Cooked From Canned Made With Butter,Vegetables,68,2.54,8.98,2.52,1 cup,187
Mixed Vegetables Cooked From Canned Made With Margarine,Vegetables,63,2.52,9,1.94,1 cup,187
Mixed Vegetables Canned Low Sodium Ns As To Fat Added In Cooking,Vegetables,52,1.38,7.13,2.03,1 cup,187
Mixed Vegetables Canned Low Sodium Fat Added In Cooking Ns As To Type Of Fat,Vegetables,52,1.38,7.13,2.03,1 cup,187
Mixed Vegetables Canned Low Sodium Made With Oil,Vegetables,58,1.37,7.13,2.63,1 cup,187
Mixed Vegetables Canned Low Sodium Made With Butter,Vegetables,54,1.39,7.13,2.25,1 cup,187
Mixed Vegetables Canned Low Sodium Made With Margarine,Vegetables,50,1.37,7.14,1.72,1 cup,187
Peas And Corn Cooked Ns As To Fat Added In Cooking,Vegetables,105,4.24,17.72,2.88,1 cup,167
Peas And Corn Cooked Fat Not Added In Cooking,Vegetables,90,4.35,18.23,0.86,1 cup,162
Peas And Corn Cooked Fat Added In Cooking Ns As To Type Of Fat,Vegetables,105,4.24,17.72,2.88,1 cup,167
Peas And Corn Cooked Made With Oil,Vegetables,111,4.23,17.73,3.55,1 cup,167
Peas And Corn Cooked Made With Butter,Vegetables,107,4.25,17.71,3.12,1 cup,167
Peas And Corn Cooked Made With Margarine,Vegetables,102,4.23,17.73,2.54,1 cup,167
Peas And Onions Cooked Ns As To Fat Added In Cooking,Vegetables,60,2.48,8.37,2.04,1 cup,185
Peas And Onions Cooked Fat Not Added In Cooking,Vegetables,45,2.53,8.58,0.2,1 cup,180
Peas And Onions Cooked Fat Added In Cooking Ns As To Type Of Fat,Vegetables,60,2.48,8.37,2.04,1 cup,185
Peas And Onions Cooked Made With Oil,Vegetables,65,2.46,8.37,2.64,1 cup,185
Peas And Onions Cooked Made With Butter,Vegetables,62,2.48,8.36,2.26,1 cup,185
Peas And Onions Cooked Made With Margarine,Vegetables,57,2.46,8.38,1.73,1 cup,185
Peas And Mushrooms Cooked Ns As To Fat Added In Cooking,Vegetables,82,4.28,11.65,2.39,1 cup,159
Peas And Mushrooms Cooked Fat Not Added In Cooking,Vegetables,65,4.39,11.98,0.32,1 cup,159
Peas And Mushrooms Cooked Fat Added In Cooking Ns As To Type Of Fat,Vegetables,82,4.28,11.65,2.39,1 cup,159
Peas And Mushrooms Cooked Made With Oil,Vegetables,88,4.27,11.65,3.07,1 cup,159
Peas And Mushrooms Cooked Made With Butter,Vegetables,84,4.29,11.64,2.64,1 cup,159
Peas And Mushrooms Cooked Made With Margarine,Vegetables,79,4.27,11.66,2.04,1 cup,159
Cowpeas With Snap Beans Cooked Ns As To Fat Added In Cooking,Vegetables,107,2.81,17.2,3.18,1 cup,143
Cowpeas With Snap Beans Cooked Fat Not Added In Cooking,Vegetables,84,2.89,17.7,0.36,1 cup,138
Cowpeas With Snap Beans Cooked Fat Added In Cooking,Vegetables,100,2.82,17.19,2.48,1 cup,143
Peas And Potatoes Cooked Fat Not Added In Cooking,Vegetables,84,3.54,17.68,0.16,1 cup,158
Peas And Potatoes Cooked Ns As To Fat Added In Cooking,Vegetables,101,3.45,17.18,2.25,1 cup,158
Peas And Potatoes Cooked Fat Added In Cooking Ns As To Type Of Fat,Vegetables,101,3.45,17.18,2.25,1 cup,158
Peas And Potatoes Cooked Made With Oil,Vegetables,107,3.44,17.19,2.93,1 cup,158
Peas And Potatoes Cooked Made With Butter,Vegetables,103,3.46,17.17,2.5,1 cup,158
Peas And Potatoes Cooked Made With Margarine,Vegetables,98,3.44,17.19,1.9,1 cup,158
Squash Summer Yellow Or Green And Onions Cooked Ns As To Fat Added In Cooking,Vegetables,42,1.02,5.78,2.04,1 cup,190
Squash Summer Yellow Or Green And Onions Cooked Fat Not Added In Cooking,Vegetables,27,1.03,5.91,0.28,1 cup,185
Squash Summer Yellow Or Green And Onions Cooked Fat Added In Cooking,Vegetables,42,1.02,5.78,2.04,1 cup,190
Squash Summer Yellow Or Green And Onions Cooked Made With Oil,Vegetables,47,1.01,5.78,2.62,1 cup,190
Squash Summer Yellow Or Green And Onions Cooked Made With Butter,Vegetables,43,1.03,5.77,2.25,1 cup,190
Squash Summer Yellow Or Green And Onions Cooked Made With Margarine,Vegetables,39,1.01,5.79,1.74,1 cup,190
Squash Summer Yellow Or Green With Tomato Sauce Cooked Fat Not Added In Cooking,Vegetables,21,1,4.62,0.31,1 cup,233
Squash Summer Yellow Or Green With Tomato Sauce Cooked Fat Added In Cooking,Vegetables,32,1,4.55,1.57,1 cup,238
Squash Summer Yellow Or Green With Tomato Sauce Cooked Ns As To Fat Added In Cooking,Vegetables,32,1,4.55,1.57,1 cup,238
Ratatouille,Vegetables,65,1,6,4.6,1 cup,214
Vegetables Stew Type Cooked Ns As To Fat Added In Cooking,Vegetables,72,1.05,11.72,2.56,1 cup,165
Vegetables Stew Type Cooked Fat Added In Cooking Ns As To Type Of Fat,Vegetables,72,1.05,11.72,2.56,1 cup,165
Vegetables Stew Type Cooked Made With Oil,Vegetables,79,1.04,11.71,3.41,1 cup,165
Vegetables Stew Type Cooked Made With Butter,Vegetables,74,1.06,11.71,2.83,1 cup,165
Vegetables Stew Type Cooked Made With Margarine,Vegetables,68,1.04,11.74,2.17,1 cup,165
Vegetables Stew Type Cooked Fat Not Added In Cooking,Vegetables,53,1.07,12.08,0.34,1 cup,160
Vegetable Combination Including Carrots Broccoli And/or Dark-Green Leafy; Cooked No Sauce Ns As To Fat Added In Cooking,Vegetables,50,1.44,6.44,2.61,1 cup,146
Vegetable Combination Including Carrots Broccoli And/or Dark-Green Leafy; Cooked No Sauce Fat Not Added In Cooking,Vegetables,31,1.46,6.64,0.3,1 cup,141
Vegetable Combination Including Carrots Broccoli And/or Dark-Green Leafy; Cooked No Sauce Fat Added In Cooking Ns As To Type Of Fat,Vegetables,50,1.44,6.44,2.6,1 cup,146
Vegetable Combination Including Carrots Broccoli And/or Dark-Green Leafy; Cooked No Sauce Made With Oil,Vegetables,57,1.42,6.44,3.35,1 cup,146
Vegetable Combination Including Carrots Broccoli And/or Dark-Green Leafy; Cooked No Sauce Made With Butter,Vegetables,52,1.44,6.43,2.87,1 cup,146
Vegetable Combination Including Carrots Broccoli And/or Dark-Green Leafy; Cooked No Sauce Made With Margarine,Vegetables,47,1.42,6.45,2.21,1 cup,146
Vegetable Combination Excluding Carrots Broccoli And Dark-Green Leafy; Cooked No Sauce Ns As To Fat Added In Cooking,Vegetables,74,2.53,11.98,2.42,1 cup,146
Vegetable Combination Excluding Carrots Broccoli And Dark-Green Leafy; Cooked No Sauce  Fat Not Added In Cooking,Vegetables,57,2.59,12.32,0.33,1 cup,141
Vegetable Combination Excluding Carrots Broccoli And Dark-Green Leafy; Cooked No Sauce Fat Added In Cooking Ns As To Type Of Fat,Vegetables,74,2.53,11.98,2.42,1 cup,146
Vegetable Combination Excluding Carrots Broccoli And Dark-Green Leafy; Cooked No Sauce Made With Oil,Vegetables,80,2.52,11.98,3.1,1 cup,146
Vegetable Combination Excluding Carrots Broccoli And Dark-Green Leafy; Cooked No Sauce Made With Butter,Vegetables,76,2.54,11.97,2.66,1 cup,146
Vegetable Combination Excluding Carrots Broccoli And Dark-Green Leafy; Cooked No Sauce Made With Margarine,Vegetables,71,2.52,11.99,2.06,1 cup,146
Vegetable Combinations Asian Style Broccoli Green Pepper Water Chestnut Etc. Cooked Ns As To Fat Added In Cooking,Vegetables,61,1.88,8.81,2.43,1 cup,132
Vegetable Combinations Asian Style Broccoli Green Pepper Water Chestnut Etc. Cooked Fat Not Added In Cooking,Vegetables,43,1.85,9.36,0.22,1 cup,127
Vegetable Combinations Asian Style Broccoli Green Pepper Water Chestnut Etc. Cooked Fat Added In Cooking Ns As To Type Of Fat,Vegetables,61,1.88,8.81,2.43,1 cup,132
Vegetable Combinations Asian Style Broccoli Green Pepper Water Chestnut Etc. Cooked Made With Oil,Vegetables,67,1.86,8.81,3.14,1 cup,132
Vegetable Combinations Asian Style Broccoli Green Pepper Water Chestnut Etc. Cooked Made With Butter,Vegetables,63,1.89,8.8,2.69,1 cup,132
Vegetable Combinations Asian Style Broccoli Green Pepper Water Chestnut Etc. Cooked Made With Margarine,Vegetables,53,1.64,8.71,1.69,1 cup,132
Vegetable And Pasta Combinations With Cream Or Cheese Sauce Broccoli Pasta Carrots Corn Zucchini Peppers Cauliflower Peas Etc. Cooked,Vegetables,109,3.71,12.69,5.33,1 cup,162
Jai Monk's Food,Vegetables,89,5.08,15.39,1.96,1 cup,188
Pinacbet,Vegetables,45,1.06,5.3,2.53,1 cup,214
Artichokes Stuffed,Vegetables,159,5.31,22.33,5.81,1 stuffed globe,251
Asparagus Ns As To Form Creamed Or With Cheese Sauce,Vegetables,66,4.23,3.62,4.28,1 cup,235
Asparagus From Fresh Creamed Or With Cheese Sauce,Vegetables,69,3.85,5.12,4.14,1 cup,235
Asparagus From Frozen Creamed Or With Cheese Sauce,Vegetables,66,4.22,3.62,4.28,1 cup,235
Asparagus From Canned Creamed Or With Cheese Sauce,Vegetables,58,3.38,3.7,3.71,1 cup,235
Beans Lima Immature Ns As To Form Creamed Or With Cheese Sauce,Vegetables,125,6.38,15.39,4.38,1 cup,228
Beans Lima Immature From Fresh Creamed Or With Cheese Sauce,Vegetables,139,6.87,18.3,4.36,1 cup,228
Beans Lima Immature From Frozen Creamed Or With Cheese Sauce,Vegetables,125,6.38,15.4,4.38,1 cup,228
Beans Lima Immature From Canned Creamed Or With Cheese Sauce,Vegetables,125,6.38,15.4,4.38,1 cup,228
Beans Lima Immature Cooked Ns As To Form With Mushroom Sauce,Vegetables,90,4.37,14.06,1.98,1 cup,228
Beans Lima Immature Cooked From Fresh With Mushroom Sauce,Vegetables,102,4.82,16.64,1.97,1 cup,228
Beans Lima Immature Cooked From Frozen With Mushroom Sauce,Vegetables,90,4.37,14.06,1.98,1 cup,228
Beans Lima Immature Cooked From Canned With Mushroom Sauce,Vegetables,90,4.37,14.06,1.98,1 cup,228
Beans String Green Ns As To Form Creamed Or With Cheese Sauce,Vegetables,82,3.58,6.78,4.92,1 cup,228
Beans String Green From Fresh Creamed Or With Cheese Sauce,Vegetables,89,3.92,7.66,5.21,1 cup,228
Beans String Green From Frozen Creamed Or With Cheese Sauce,Vegetables,82,3.58,6.78,4.92,1 cup,228
Beans String Green From Canned Creamed Or With Cheese Sauce,Vegetables,74,3.14,5.29,4.72,1 cup,228
Beans String Green Cooked Ns As To Form With Mushroom Sauce,Vegetables,48,1.66,6.36,2.12,1 cup,228
Beans String Green Cooked From Fresh With Mushroom Sauce,Vegetables,52,1.87,7.1,2.26,1 cup,228
Beans String Green Cooked From Frozen With Mushroom Sauce,Vegetables,48,1.66,6.36,2.12,1 cup,228
Beans String Green Cooked From Canned With Mushroom Sauce,Vegetables,42,1.4,5.08,2.12,1 cup,228
Beans String Yellow Ns As To Form Creamed Or With Cheese Sauce,Vegetables,82,3.58,6.78,4.92,1 cup,228
Beans String Yellow From Fresh Creamed Or With Cheese Sauce,Vegetables,89,3.92,7.66,5.21,1 cup,228
Beans String Yellow From Frozen Creamed Or With Cheese Sauce,Vegetables,82,3.58,6.78,4.92,1 cup,228
Beans String Yellow From Canned Creamed Or With Cheese Sauce,Vegetables,73,3.2,5.49,4.51,1 cup,228
Beets With Harvard Sauce,Vegetables,78,1.23,18.97,0.13,1 cup,246
Brussels Sprouts Ns As To Form Creamed,Vegetables,89,3.72,8.69,4.95,1 cup,228
Brussels Sprouts From Fresh Creamed,Vegetables,85,3.12,8.01,5,1 cup,228
Brussels Sprouts From Frozen Creamed,Vegetables,89,3.72,8.69,4.95,1 cup,228
Cabbage Creamed,Vegetables,79,2.44,7.16,4.86,1 cup,200
Cauliflower Ns As To Form Creamed,Vegetables,71,2.52,5.96,4.48,1 cup,228
Cauliflower From Fresh Creamed,Vegetables,85,2.84,6.64,5.55,1 cup,228
Cauliflower From Frozen Creamed,Vegetables,71,2.52,5.96,4.48,1 cup,228
Cauliflower From Canned Creamed,Vegetables,71,2.52,5.96,4.48,1 cup,228
Cauliflower Batter-Dipped Fried,Vegetables,216,3.91,14.46,16.28,1 floweret,26
Celery Creamed,Vegetables,77,2.19,6.34,4.91,1 cup,228
Corn Scalloped Or Pudding,Vegetables,120,4.84,15.84,5.09,1 cup,214
Corn Fritter,Vegetables,394,8.24,40.81,22.57,1 cup,107
Corn Cooked Ns As To Form With Cream Sauce Made With Milk,Vegetables,109,3.1,14.9,4.97,1 cup,256
Corn Cooked From Fresh With Cream Sauce Made With Milk,Vegetables,118,3.59,15.85,5.44,1 cup,256
Corn Cooked From Frozen With Cream Sauce Made With Milk,Vegetables,109,3.1,14.9,4.97,1 cup,256
Corn Cooked From Canned With Cream Sauce Made With Milk,Vegetables,101,2.96,12.09,5.28,1 cup,256
Eggplant Batter-Dipped Fried,Vegetables,151,2.43,11.92,10.94,1 cup,220
Eggplant Parmesan Casserole Regular,Vegetables,158,6.59,8.68,11.18,1 cup,198
Eggplant With Cheese And Tomato Sauce,Vegetables,94,5.98,7.98,4.75,1 cup,198
Kohlrabi Creamed,Vegetables,80,2.68,7.75,4.64,1 cup,187
Mushrooms Ns As To Form Creamed,Vegetables,79,2.74,6.9,4.88,1 cup,217
Mushrooms From Fresh Creamed,Vegetables,81,2.91,7.01,4.98,1 cup,217
Mushrooms From Frozen Creamed,Vegetables,81,2.91,7.01,4.98,1 cup,217
Mushrooms From Canned Creamed,Vegetables,79,2.75,6.9,4.89,1 cup,217
Mushrooms Stuffed,Vegetables,280,10.76,27.11,14.98,1 stuffed cap,24
Mushrooms Batter-Dipped Fried,Vegetables,122,3.34,14.95,5.6,1 small,8
Okra Batter-Dipped Fried,Vegetables,194,4.83,24.66,8.7,1 cup,92
Onions Ns As To Form Creamed,Vegetables,72,1.88,7.61,3.99,1 cup,228
Onions From Fresh Creamed,Vegetables,82,2.28,9.77,4.08,1 cup,228
Onion Rings From Fresh Batter-Dipped Baked Or Fried,Vegetables,328,6.85,31.6,19.45,"10 small rings (1"" - 2"" dia)",48
Parsnips Creamed,Vegetables,105,2.44,13.5,4.89,1 cup,228
Pea Salad,Vegetables,179,3.04,10.23,14.1,1 cup,214
Pea Salad With Cheese,Vegetables,202,5.02,9.52,16.02,1 cup,214
Peas Ns As To Form Creamed,Vegetables,108,4.57,12.01,4.81,1 cup,244
Peas From Fresh Creamed,Vegetables,111,4.69,12.78,4.78,1 cup,244
Peas From Frozen Creamed,Vegetables,108,4.57,12.01,4.81,1 cup,244
Peas From Canned Creamed,Vegetables,101,4.2,10.43,4.96,1 cup,244
Peas Cooked Ns As To Form With Mushroom Sauce,Vegetables,75,3.78,10.92,2,1 cup,244
Peas Cooked From Fresh With Mushroom Sauce,Vegetables,79,3.9,11.72,1.97,1 cup,244
Peas Cooked From Frozen With Mushroom Sauce,Vegetables,75,3.78,10.92,2,1 cup,244
Peas Cooked From Canned With Mushroom Sauce,Vegetables,69,3.42,9.31,2.26,1 cup,244
Peas Cooked Ns As To Form With Tomato Sauce,Vegetables,59,3.77,11.12,0.28,1 cup,244
Peas Cooked From Fresh With Tomato Sauce,Vegetables,63,3.9,12.01,0.25,1 cup,244
Peas Cooked From Frozen With Tomato Sauce,Vegetables,59,3.77,11.12,0.28,1 cup,244
Peas Cooked From Canned With Tomato Sauce,Vegetables,53,3.37,9.32,0.63,1 cup,244
Squash Summer Yellow Or Green Breaded Or Battered Baked,Vegetables,70,2.85,12.68,0.86,1 cup,220
Squash Summer Yellow Or Green Breaded Or Battered Fried,Vegetables,178,2.73,12.17,13.33,1 cup,220
Squash Summer Casserole With Tomato And Cheese,Vegetables,83,3.17,9.08,4.15,1 cup,217
Squash Summer Casserole With Rice And Tomato Sauce,Vegetables,82,2.12,15,1.64,1 cup,233
Squash Summer Casserole With Cheese Sauce,Vegetables,91,3.4,9.43,4.68,1 cup,217
Squash Summer Ns As To Form Creamed,Vegetables,68,2.19,6.23,4.09,1 cup,217
Squash Summer From Fresh Creamed,Vegetables,72,2.11,6.29,4.53,1 cup,217
Squash Summer From Frozen Creamed,Vegetables,68,2.19,6.23,4.09,1 cup,217
Squash Summer From Canned Creamed,Vegetables,62,1.79,5.24,3.94,1 cup,217
Turnips Ns As To Form Creamed,Vegetables,78,2.55,6.48,4.86,1 cup,226
Turnips From Fresh Creamed,Vegetables,77,2.1,6.88,4.77,1 cup,226
Turnips From Frozen Creamed,Vegetables,78,2.55,6.48,4.86,1 cup,226
Turnips From Canned Creamed,Vegetables,78,2.1,6.89,4.77,1 cup,226
Creamed Christophine Puerto Rican Style,Vegetables,141,2.21,25.07,4.09,"1 serving (1/2 chayote/ 4-1/2"" x 3-1/2"" x 1-1/2"") (without shell)",107
Vegetable Stew Without Meat,Vegetables,56,2.68,9.62,0.98,1 cup,239
Vegetable Tempura,Vegetables,234,3.7,20.26,15.63,1 cup,63
Vegetable Combinations Including Carrots Broccoli And/or Dark-Green Leafy; Cooked With Tomato Sauce,Vegetables,28,1.37,6.16,0.3,1 cup,228
Vegetable Combinations Excluding Carrots Broccoli And Dark-Green Leafy; Cooked With Tomato Sauce,Vegetables,45,2.11,9.89,0.32,1 cup,228
Vegetables Dipped In Chick-Pea Flour Batter Fried Pakora,Vegetables,123,4.92,16.25,4.68,1 pakora,12
Vegetable Combinations Including Carrots Broccoli And/or Dark-Green Leafy; Cooked With Cheese Sauce,Vegetables,91,4.67,6.24,5.58,1 cup,228
Vegetable Combinations Excluding Carrots Broccoli And Dark-Green Leafy; Cooked With Cheese Sauce,Vegetables,104,5.22,10.04,5.27,1 cup,228
Vegetable Curry,Vegetables,67,2.16,9.06,2.85,1 cup,236
Vegetable Combination Including Carrots Broccoli And/or Dark-Green Leafy; Cooked With Cream Sauce,Vegetables,73,2.34,7.58,4.1,1 cup,228
Vegetable Combination Excluding Carrots Broccoli And Dark-Green Leafy; Cooked With Cream Sauce,Vegetables,88,3.03,11.27,3.88,1 cup,228
Vegetable Combination Including Carrots Broccoli And/or Dark-Green Leafy; Cooked With Butter Sauce,Vegetables,50,1.44,6.46,2.61,1 cup,196
Vegetable Combinations Including Carrots Broccoli And/or Dark-Green Leafy; Cooked With Pasta,Vegetables,76,2.48,12.28,2.2,1 cup,137
Vegetable Combinations Excluding Carrots Broccoli And Dark-Green Leafy; Cooked With Pasta,Vegetables,92,3.26,16.17,2.09,1 cup,137
Vegetable Combinations Including Carrots Broccoli And/or Dark-Green Leafy; Cooked With Butter Sauce And Pasta,Vegetables,103,2.76,14.47,4.18,1 cup,197
Vegetable Combinations Excluding Carrots Broccoli And Dark-Green Leafy; Cooked With Butter Sauce And Pasta,Vegetables,93,3.27,16.21,2.09,1 cup,197
Green Plantain With Cracklings Puerto Rican Style,Vegetables,329,10.19,27.42,21.05,"1 ball (3"" dia)",64
Ripe Plantain Fritters Puerto Rican Style,Vegetables,415,11.95,29.4,29.16,"1 pionono (2""x 2-1/2"" x 3/4"")",58
Tannier Fritters Puerto Rican Style,Vegetables,234,6.54,27.27,11.13,"1 fritter (2-1/2"" x 1-1/2""x 1/2"")",20
